Código;Nombre;Categoría;Precio Bruto
G-LIB;LIBRERÍA (genérico);PAPELERIA;0
G-ESCO;ESCOLAR (genérico);ESCOLARES;0
G-ESC;ESCRITURA (genérico);ESCRITURA Y ACCESORIOS;0
G-JUG;JUGUETERÍA (genérico);JUGUETERIA;0
G-REG;REGALERÍA (genérico);REGALERIA;0
G-VAR;VARIOS (genérico);VARIOS;0
3666663030333;ADHESIVO EN BARRA 21 GRS EZCO;ADHESIVOS;629,2
40127101;ADHESIVO EN BARRA PELIKAN 20G;ADHESIVOS;726
40127378;ADHESIVO PELIKAN EN BARRA X 10 GRS .;ADHESIVOS;1597,2
40127385;ADHESIVO PELIKAN EN BARRA X 20 GRS .;ADHESIVOS;3496,9
40127392;ADHESIVO PELIKAN EN BARRA X 40 GRS .;ADHESIVOS;1863,4
4026700343557;ADHESIVO UHU UNIVERSAL *GEL* 31 ML;ADHESIVOS;3896,2
4026700371055;ADHESIVO UHU UNIVERSAL 35 ML;ADHESIVOS;3678,4
4026700403442;ADHESIVO UHU UNIVERSAL X 35 ML .;ADHESIVOS;3678,4
4026700403596;ADHESIVO UHU POR P/ TELGOPOR X 50 ML .;ADHESIVOS;8373,2
4026700407075;ADHESIVO UHU POWER DE CONTACTO X 50 ML .;ADHESIVOS;5082
4026700408157;ADHESIVO UHU UNIVERSAL X 125 ML .;ADHESIVOS;7344,7
4026700424003;ADHESIVO UHU SUPER GLUE X3GRS;ADHESIVOS;1778,7
4026700424256;ADHESIVO UHU UNIVERSAL 20 ML;ADHESIVOS;3500
40267203;ADHESIVO BARRA UHU X 21 GRS.;ADHESIVOS;4356
40267227;ADHESIVO BARRA UHU X 40 GRS.;ADHESIVOS;7235,8
40267647;ADHESIVO UHU UNIVERSAL X 7 ML .;ADHESIVOS;2117,5
579713;ADHESIVO PLASTICOLA VINILICO 500 GRS.;ADHESIVOS;7900
579728;ADHESIVO PLASTICOLA VINILICO FLUO 40 GRS.;ADHESIVOS;2400
579941;PISTOLA SUPRABOND PHX300 ENCOLADORA GRANDE;ADHESIVOS;11567,6
582775;ADHESIVO SINTETICO FILGO 30ML;ADHESIVOS;720,16
6921497000196;PISTOLA ENCOLAD.SUPRABOND HX 100 CHICA;ADHESIVOS;25800
6954884590673;ADHESIVO TRANSPARENTE KEYROAD T VOLIGO X 30ML;ADHESIVOS;1300
6954884593995;ADHESIVO TRANSPARENTE KEYROAD T VOLIGO X 50ML;ADHESIVOS;1246,3
7546320103012;ADHESIVO EZCO SILICONA LIQUIDA 30ML;ADHESIVOS;1300
7546320110010;ADHESIVO EZCO SILICONA LIQUIDA 100ML;ADHESIVOS;3500
7546320125014;ADHESIVO EZCO SILICONA LIQUIDA 250ML;ADHESIVOS;7500
7790400014532;ADHESIVO POXIPOL TRANSPARENTE X 16 GRS . (ART. 1453);ADHESIVOS;7574,6
7790400018585;ADHESIVO UNIPOX UNIVERSAL X 25 ML;ADHESIVOS;2500
7790400018608;ADHESIVO UNIPOX UNIVERSAL X 100 ML . (ART. 1860);ADHESIVOS;7900
7790400022834;ADHESIVO EL PULPITO X 50 GRS . (ART. 2283);ADHESIVOS;6884,9
7790400026658;ADHESIVO EN BARRA VOLIBARRA X 40 GRS.;ADHESIVOS;6500
7790400030457;ADHESIVO ECCOLE PARA ZAPATILLAS 9 GRS;ADHESIVOS;6848,6
7790400033083;ECCOLE 3GRS;ADHESIVOS;3000
7790400926972;ADHESIVO PLASTICOLA VINILICO 35 GRS.;ADHESIVOS;950
77917188;ADHESIVO LA GOTITA INSTANTANEO X 2 ML . (ART. 1718);ADHESIVOS;2500
77917836;VOLIBARRA 10 GRS;ADHESIVOS;2999,92
77926272;VOLIBARRA 20 GRS;ADHESIVOS;4950
7792700002486;ADHESIVO SINTETICO PELIKAN 30 ML;ADHESIVOS;508,2
7793198563008;ADHESIVO SINTETICO PIZZINI C/ PUNTA DOSIFICADORA X 30 CC. (5630) - Cantidad - 30cc;ADHESIVOS;338,8
7793198565002;ADHESIVO SINTETICO PIZZINI C/ PUNTA DOSIFICADORA X 50 CC. (5650) - Cantidad - 50cc;ADHESIVOS;496,1
7793300230309;PISTOLA ENCOLAD.SUPRABOND PX 300 GRANDE;ADHESIVOS;37739,9
7793851000151;ADHESIVO PLASTICOLA VINILICO x 1000grs;ADHESIVOS;16900
7794122001870;MASILLA POXILINA 10 MINUTOS DE 70 GRS .;ADHESIVOS;7550,4
7794122013071;ADHESIVO POXIRAN DE CONTACTO X 23 CC. SIN TOLUENO (ART. 1307);ADHESIVOS;4700
7794851001103;ADHESIVO PLASTICOLA VINILICO x 250grs;ADHESIVOS;3577,24
7794851001516;ADHESIVO PLASTICOLA VINILICO BLANCO 40 GRS.;ADHESIVOS;1621,4
7794851001752;ADHESIVO PLASTICOLA GLITTER x 38grs. V COLORES;ADHESIVOS;2100
77960863;ADHESIVO VOLIGOMA 30 ML;ADHESIVOS;2000
77960870;ADHESIVO VOLIGOMA 50 ML;ADHESIVOS;3000
77962911;ADHESIVO UNIPOX GEL SILICONA x 24ml;ADHESIVOS;447,7
7798100969008;ADHESIVO SINTETICO FILGO PINTO COLA 30 ML;ADHESIVOS;1000
7798100969022;ADHESIVO EN BARRA FILGO 9 GRS;ADHESIVOS;650
7798100969039;ADHESIVO EN BARRA FILGO 21 GRS;ADHESIVOS;800,17
7798100969046;ADHESIVO EN BARRA FILGO 36 GRS;ADHESIVOS;1250
7798100969091;ADHESIVO VINILICO FILGO PINTO COLA 60 ML;ADHESIVOS;1060
7798100969107;ADHESIVO VINILICO FILGO PINTO COLA 100 ML;ADHESIVOS;1790
7798112121012;SILICONA LIQUIDA STA TRANSPARENTE 30ML;ADHESIVOS;1300
7798112121029;SILICONA LIQUIDA STA 100ML;ADHESIVOS;3250
7798112121036;SILICONA LIQUIDA STA 250ML;ADHESIVOS;7000
7798112712081;ADHESIVO VINILICO STA 30 GRS;ADHESIVOS;217,8
7798112712098;ADHESIVO VINILIVO STA 50 GRS;ADHESIVOS;157,3
7798112812156;ADHESIVO STA SINTETICO STAGOMA 30 CC;ADHESIVOS;338,8
7798112812187;ADHESIVO SINTETICO STA GOMA X 250 GRS;ADHESIVOS;2770,9
7798159810146;ADHESIVO PLAYCOLOR 30 GRS;ADHESIVOS;450
7798159810153;ADHESIVO PLAYCOLOR VINILICO 50 GRS.;ADHESIVOS;800
7798159810160;ADHESIVO PLAYCOLOR VINILICO 100 GRS;ADHESIVOS;1300
7798159810177;ADHESIVO PLAYCOLOR VINILICO 250 GRS.;ADHESIVOS;2550
7798159810184;ADHESIVO PLAYCOLOR VINILICO 500 GRS.;ADHESIVOS;3920
7798159810191;ADHESIVO PLAYCOLOR VINILICO 1 KG;ADHESIVOS;7707,55
7798159811983;ADHESIVO COLOR X 30 GRS SURT. PLAYCOLOR;ADHESIVOS;629,2
7798194554630;ADHESIVO TALBOT STICKY CINTA 6mmx5mt;ADHESIVOS;2819,3
7798350500037;ADHESIVO PLASTICOLA VINILICO x 90grs;ADHESIVOS;2300
7798350500174;ADHESIVO TIPO PLASTICOLA COLOR X 30 GRS. STA/SEÑORITA/MODEL;ADHESIVOS;719,88
7798350500198;PLASTICOLA COLOR 40 GRS VARIOS COLORES;ADHESIVOS;1850,03
7798350500341;ADHESIVO PLASTICOLA VINILICO FLUO 40 GRS VARIOS COLORES;ADHESIVOS;2400
7798434160188;SILICONA LIQUIDA FILGO 30 ML;ADHESIVOS;1600
7798434160195;SILICONA LIQUIDA FILGO 100 ML;ADHESIVOS;3900
7798434160201;SILICONA LIQUIDA FILGO 250 ML;ADHESIVOS;7900
7799070002825;ADHESIVO SILICONA TALBOT X 30ML;ADHESIVOS;1300
7799070002832;ADHESIVO SILICONA TALBOT x 100ML.;ADHESIVOS;3500
7799070002849;ADHESIVO SILICONA TALBOT x 250ML.;ADHESIVOS;7500
7898590651251;BARRA DE SILICONA FINA LARGA TRANSPARENTE X U - Tamaño - Fino;ADHESIVOS;200
7898590651268;BARRA DE SILICONA GRUESA LARGA TRANSPARENTE X UNIDAD - Tamaño - Grueso;ADHESIVOS;593,07
793600010110;PISTOLA ENCOLADORA P/ SILICONA GRANDE KL1011;ADHESIVOS;7780,3
793600010127;PISTOLA DE CILICONA CHICA;ADHESIVOS;6025,8
582717;REPUESTO AGENDA 2026;AGENDAS;13268,8
7798083708687;AGENDA PAULO COHELO BUSQUEDAS VYR  7798083708670;AGENDAS;42905,8
7798083708694;AGENBDA VYR PAULO COHELO LUZ T FLEX  2 DIAS XHJ;AGENDAS;39950
7798083708755;AGENDA VYR EL PRINCIPITO 2 DIAS X PAG C/ESPIRAL;AGENDAS;42905,8
7798083708793;AGENDA VYR CIUDADES;AGENDAS;38615,4
7798165100040;AGENDA NIVEL 10 POWER CUERO PAPEL NEGRA S/VISTA 16 X 8 CM (3131);AGENDAS;17792,1
7798165103942;AGENDA NIVEL 10 N|8 BALCJ S VISTA 16X22;AGENDAS;21498,8
7798337963701;REPUESTO P/AGENDA ONIX Nº8 DIARIO 2023;AGENDAS;3363,8
7798363806386;AGENDA RY MOTIVACION CREATIVA C BROCHE;AGENDAS;30973,8
7798363806478;AGENDA RY EMPRENDEDORES C ESP DIARIA 15 X 21;AGENDAS;35980,6
7798363807987;AGENDA REYSA ACUARELA  SEMANAL;AGENDAS;23393,3
7798363808014;AGENDA DOCENTE REYSA SEMANAL;AGENDAS;30453,6
7798363809226;AGENDA GEORGIA C/ESP DIARIA 12X17;AGENDAS;23299,2
7798363809943;AGENDA REYSA KIRICOCHO FUBOL  C ESPO DIARIA 15*21;AGENDAS;35826,6
7798431051526;AGENDA PUNTO CERO BE POSITIVE N°8;AGENDAS;22122,4
7798431051540;AGENDA PUNTO CERO BE POSITIVE N|7 C ESP.  7798431051557 7798431051571;AGENDAS;19298,3
7798431051601;AGENDA PUNO CERO SWEET C ESP SEMANAL;AGENDAS;49187,1
7798431051724;AGENDA PUNTO CERO DOCENTE C ESP s/v;AGENDAS;39773,3
7798431051762;AGENDA PUNTO CERO BE POSITIVE N°6 7798431051779;AGENDAS;23299,2
7798431051861;AGENDA PUNTO CERO BE POSITIVE N|8  C ESP HJ X DIA;AGENDAS;35066,4
7799070019496;AGENDA TALBOT DIARIA C ELAST 15 X 21 GEOMETRIC;AGENDAS;23299,2
7799070019564;AGENDA TALBOT N°6 DIARIA 10X15 7799070019533-7799070019557;AGENDAS;14900
7799070019571;AGENDA TALBOT N°6  10 X 15 MANUSCRITA/STAY CALM 7799070019588;AGENDAS;15815,2
7799070019595;AGENDA TALBOT DIARIA N°7 C ESP Y ELAST CIAO BELLA/ LES BLOOM 7799070019625 7799070019618;AGENDAS;20000
7799070019632;AGENDA TALBOT DIARIA N°7 C ESP Y ELAST STAY CALM;AGENDAS;22000
7799070019649;AGENDA TALBOT DIARIA N°7 MANUSCRITA C ESP Y ELAST;AGENDAS;22004,8
7799070019656;AGENDA TALBOT POCKET 8X17 C ESP 7799070019663 7799070019687 CIAOBELLA/READY TO FLY/LES BLOOMS;AGENDAS;9900
7799070019700;AGENDA TALBOT POCKET 8 X 17 C ESP. MANUSCRITA/STAY CALM 7799070019694;AGENDAS;12000
7799070019717;AGENDA SEMANAL TALBOT N°7 C ELASTICO 7799070019731  7799070019748;AGENDAS;17003,7
7799070019755;AGENDA TALBOT SEMANAL N°7 STAY CALM;AGENDAS;18000
7799070019786;AGENDA TALBOT N°7  C ESP PREMIUM POWER COLOR;AGENDAS;37900
7799133006562;AGENDA HARRY POTTER MOOVING 14*20 DXP;AGENDAS;67374,6
7799133028533;AGENDA MOOVING BOHO C ESP S VISTA 15X21;AGENDAS;27229,4
8053295660581;AGENDA DIARIA TALBOT TUCSON 14X21 8053295660611;AGENDAS;22000
8053295660628;AGENDA SEMANAL TALBOT 17X24 C ESP POSITANO;AGENDAS;20004,3
8053295660710;AGENDA TALBOT DIARIA CARTERA 10X15 PORTOFINO;AGENDAS;17800
8053295660789;AGENDA TALBOT POSITANO DIARIA 14X20 8053295660826 8053295660857 8053295660796;AGENDAS;15900
8053295661076;AGENDA TALBOT DIARIA 14X20 COLFOSCO 8053295661090;AGENDAS;22000
8053295661151;AGENDA TALBOT POSITANO POCKET 8053295661182 8053295661205 8053295661168;AGENDAS;9900
8053295661342;AGENDA SEMANAL TALBOT 17X24 PORTOFINO 8053295661359;AGENDAS;27900
8053295661984;AGENDA SEMANAL TALBOT 13X21 NOTES ADRIA;AGENDAS;22000
009692724090;CUCHILLA EZCO 18MM;ARTICULOS DE CORTE;1300
102021049331;TIJERA 17CM;ARTICULOS DE CORTE;500
2020009006504;TIJERA IBI MULTIUSO 21 CM;ARTICULOS DE CORTE;6001,83
22396;"TIJERA TALBOT
WORKER ACERO 21CM.BC";ARTICULOS DE CORTE;5500
3154140182110;CORTANTE MAPED GRANDE DE 18 MM (018211);ARTICULOS DE CORTE;1403,6
3154140182113;CORTANTE MAPED START 18 CM;ARTICULOS DE CORTE;1548,8
3154140696009;TIJERA MAPED SENSOFT 16CM;ARTICULOS DE CORTE;9607,4
3154140861100;CORTANTE MAPED GRANDE REFORZADO ZENOA DE 18 MM;ARTICULOS DE CORTE;10151,9
3154140865108;CORTANTE MAPED ULTIMATE P/ZURDOS 9 MM;ARTICULOS DE CORTE;1439,9
3154144642101;TIJERA ESCOLAR MAPED ESSENTIAL 13CM;ARTICULOS DE CORTE;1768,48
3154144642125;TIJERA ESCOLAR MAPED ESSENTIAL DE 13 CM (464212);ARTICULOS DE CORTE;1800
3154144643108;TIJERA MAPED ESSENTIALS 13 CM ZURDOS;ARTICULOS DE CORTE;2300
3154144644112;TIJERA ESCOLAR MAPED SOFT 13CM;ARTICULOS DE CORTE;8724,1
3154144644129;TIJERA ESCOLAR MAPED ESSENTIAL SOFT PASTEL DE 13 CM (464413);ARTICULOS DE CORTE;8724,1
3154144644136;TIJERA ESCOLAR MAPED ESSENTIAL SOFT PASTEL DE 13 CM (464413);ARTICULOS DE CORTE;2400
3154144680103;TIJERA MAPED ESSENTIAL 17CM;ARTICULOS DE CORTE;3700
3154144842136;TIJERA ESCOLAR MAPED SENSOFT PASTEL DE 13 CM. (484213);ARTICULOS DE CORTE;4700
3154144961004;TIJERA MAPED ADVANCED GREEN 17 CM.BL;ARTICULOS DE CORTE;5400
3154144961103;TIJERA COMERCIAL MAPED ADVANCED DE 17 CM. (496110);ARTICULOS DE CORTE;5200
3154144991001;TIJERA COMERCIAL MAPED ADVANCE GREEN  DE 21 CM.;ARTICULOS DE CORTE;6900
3154144991100;TIJERA COMERCIAL MAPED ADVANCED DE 21 CM. (499110);ARTICULOS DE CORTE;6900
3154145961102;TIJERA MAPED ZENOA FIT 17CM;ARTICULOS DE CORTE;8900
3154146010038;TIJERA MAPED CREA CUT EN BLISTER;ARTICULOS DE CORTE;4392,3
3154146701103;TIJERA MAPED ZENOA FIT 13 cm BL;ARTICULOS DE CORTE;1948,1
3154146935003;TIJERA ESCOLAR MAPED SENSOFT DE 13 CM. BLISTER (PARA ZURDOS) (693500);ARTICULOS DE CORTE;7223,7
3154146965109;TIJERA MAPED SENSOFT 16cm P/ZURDO BL;ARTICULOS DE CORTE;3049,2
359465;CUCHILLA CLOVER ANGOSTA PLASTICA;ARTICULOS DE CORTE;700
359466;CUCHILA TALBOT ANCHA 18 REFORZADA;ARTICULOS DE CORTE;1089
4713791501750;CRATON PUNTA INTERCAMBIABLES;ARTICULOS DE CORTE;556,6
4717480552238;BASE DE CORTE OLAMI;ARTICULOS DE CORTE;16093
4895053902175;TIJERA EZCO KROM 17,5 CM BL;ARTICULOS DE CORTE;16530,6
581482;Guillotina Bextra Rotativa Corta Papel Mx-35;ARTICULOS DE CORTE;32320
582362;Tijera Talbot para zurdos;ARTICULOS DE CORTE;1040,6
582763;TIJERA FILGO CRAF-ME C/FORMAS;ARTICULOS DE CORTE;2900
583034;CIZALLA DASA ROTATIVA GRP 350 A4 35 CM.;ARTICULOS DE CORTE;45866,4
583086;TIJERA MAPED ZENOA FIT 21 CM;ARTICULOS DE CORTE;11900
6009692724014;CUCHILLA DE REPUESTO EZCO P/CORTANTE CHICO X 10 U.;ARTICULOS DE CORTE;955,9
6009692724021;CUCHILLA DE REPUESTO EZCO P/CORTANTE GRANDE X 10 U.;ARTICULOS DE CORTE;1476,2
6009692724090;CORTANTE EZCO BASIC GRANDE DE 18 MM;ARTICULOS DE CORTE;1500,4
6009692724854;CORTANTE EZCO BASIC CHICO DE 9 MM;ARTICULOS DE CORTE;713,9
6423533036072;CORTANTE EZCO DE METAL CHICO DE 9 MM;ARTICULOS DE CORTE;4416,5
6578113522008;TIJERA EZCO INNOVA BL 25 CM;ARTICULOS DE CORTE;4812,81
6578113522701;TIJERA EZCO ETERNA ACERO 17CM.BC;ARTICULOS DE CORTE;1839,2
6578113540705;TIJERA EZCO INNOVA BL 18 CM;ARTICULOS DE CORTE;3010,06
6888304782082;PERFORADORA EZCO FANTASIA C/ FORMAS;ARTICULOS DE CORTE;5904,8
6920499930999;PERFORADORA CON FORMA DECO 25 MM FIGURAS VARIAS;ARTICULOS DE CORTE;11119,9
6921734920508;CUCHILLA DELI MINI AUTO-LOCK OVALADA;ARTICULOS DE CORTE;1585,1
6921734920645;CUCHILLA DELI VIVID ANCHA REFORZADA C/GUIA;ARTICULOS DE CORTE;2746,7
6921734960320;TIJERA ESCOLAR DELI HIPO DE 13 CM (E6032);ARTICULOS DE CORTE;1488,3
6923773070053;REDONDEADORA DE PUNTAS DASA R5;ARTICULOS DE CORTE;24900
6924998900279;PERFORADORA FTSIA P/GOMA EVA FIGURAS VARIAS 16MM ASB;ARTICULOS DE CORTE;1645,6
6924998904529;SACABOCADOS IBI CRAFT CIRCULO 5CM;ARTICULOS DE CORTE;32600
6926341873178;SACABOCADOS IBI CRAFT CIRCULO 3.8 CM;ARTICULOS DE CORTE;22569,6
6926341873179;PERFORADORA IBI CRAFT CIRCULO 3,8 CM;ARTICULOS DE CORTE;21411,7
6926341894549;PERFORADORA   ARTISTICA PARA GOMA EVA CORAZON;ARTICULOS DE CORTE;12027,4
6932562805035;PERFORADORA CON FORMA 18 MM  FIGURAS VARIAS;ARTICULOS DE CORTE;3738,9
6935205319166;TIJERA ESCOLAR DELI BIMPEES DE 12 CM C/FUNDA (ED60200);ARTICULOS DE CORTE;1754,5
6935205357007;CORTANTE DELI VIVID CHICO DE 9 MM FUCSIA C/GUIA METALICA (E2038R);ARTICULOS DE CORTE;3109,7
6935205357014;CORTANTE DELI VIVID CHICO DE 9 MM V. MANZANA C/GUIA METALICA (E2038V);ARTICULOS DE CORTE;3109,7
6935205357021;CORTANTE DELI VIVID CHICO DE 9 MM CELESTE C/GUIA METALICA (E2038A);ARTICULOS DE CORTE;3109,7
6935205358011;CORTANTE DELI VIVID GRANDE DE 18 MM FUCSIA C/GUIA METALICA (E2040R);ARTICULOS DE CORTE;5154,6
6935205358028;CORTANTE DELI VIVID GRANDE DE 18 MM V. MANZANA C/GUIA METALICA (E2040V);ARTICULOS DE CORTE;5154,6
6935205358035;CORTANTE DELI VIVID GRANDE DE 18 MM CELESTE C/GUIA METALICA (E2040A);ARTICULOS DE CORTE;5154,6
6937544331144;CORTANTE EZCO DE METAL GRANDE 18 MM;ARTICULOS DE CORTE;6582,4
6954884578527;TIJERA ESCOLAR KEYROAD KIDS CEBRA PLASTICA DE 12 CM;ARTICULOS DE CORTE;556,6
6973511061850;CUTTER CACTUS MINI;ARTICULOS DE CORTE;1960,2
7798100964737;TIJERA ESCOLAR (ECO) 12 CM - V/MODELOS 535404;ARTICULOS DE CORTE;1500
7798100964751;TIJERA FILGO EPIC 13 CM;ARTICULOS DE CORTE;3900
7798100964768;TIJERA FILGO PINTO BLISTER 12CM;ARTICULOS DE CORTE;1839,2
7798101060698;CUCHILLA CLOVER ANGOSTA PLASTICA;ARTICULOS DE CORTE;700
7798107973169;CORTANTE NIVAMAX BISTURI + REPUESTO;ARTICULOS DE CORTE;5699,1
7798112943607;CUCHILLA METALICA SHINEWAY ANCHA SX98-1;ARTICULOS DE CORTE;9900
7798112943614;CUCHILLA METALICA SHINEWAY ANGOSTA SX96;ARTICULOS DE CORTE;5730,65
7798194553381;CUCHILLA TALBOT   ANCHA 18MM. PLASTICA EP;ARTICULOS DE CORTE;1300
7798194555446;TIJERA TALBOT ACERO ESCOLAR (ZURDOS);ARTICULOS DE CORTE;1500
7798194555453;TIJERA TALBOT SPOT ACERO 17 CM BC;ARTICULOS DE CORTE;2900
7798194555477;TIJERA TALBOT WORKER ACERO 21CM;ARTICULOS DE CORTE;5500
7799070001248;CUCHILA TALBOT ANCHA 18 REFORZADA;ARTICULOS DE CORTE;5450
7799070002870;TIJERA TALBOT SOFT 13 CM;ARTICULOS DE CORTE;2500
7799070002894;TIJERA TALBOT SOFT 21CM;ARTICULOS DE CORTE;3300
7799070002900;TIJERA TALBOT FANCY 13CM;ARTICULOS DE CORTE;2359,5
7898707143990;MINI CUTER BRW PASTEL;ARTICULOS DE CORTE;1701,54
7990662001206;TIJERA COMERCIAL OLAMI SOFT GRIP DE 19,4 CM. (TIJ301);ARTICULOS DE CORTE;4210,8
799070001255;CUCHILLA REFORZADA TALBOT 9MM;ARTICULOS DE CORTE;1742,4
935205357007;CUCHILLA DELI RIO 2038 9MM;ARTICULOS DE CORTE;1258,4
935205357014;CUCHILLA DELI RIO 2038 9MM;ARTICULOS DE CORTE;1258,4
935205358028;CUCHILLA DELI RIO 2040 18MM;ARTICULOS DE CORTE;1681,9
155101;CINTA ARGENTINA NUEVO MILENIO NRO.1 X 10 MTS.;ARTICULOS PATRIOS;1210
579855;CINTA ARGENTINA X METRO;ARTICULOS PATRIOS;145,2
581142;PIN ARTESANAL EMBLEMAS ARGENTINOS  ARTISTICA DIME ESCARAPELA REDONDA COLITA;ARTICULOS PATRIOS;1004,3
581291;PAPEL CREPE TALBOT BANDERA ARGENTINA;ARTICULOS PATRIOS;800
582732;BANDERA DE TELA ARGENTINA NUEVO MILENIO DE 170 X 272 (1008);ARTICULOS PATRIOS;43315,2
582752;BANDERA ARGENTINA 2.2 X 4.0 METROS REFORZADA;ARTICULOS PATRIOS;65101,1
7798052090089;ESCARAPELA NUEVO MILENIO NRO.108 (SIMPLE);ARTICULOS PATRIOS;2625,7
7798052090249;ESCARAPELA NUEVO MILENIO NRO.124 (REDONDA);ARTICULOS PATRIOS;6243,6
7798052090409;BANDERA ARGENTINA C/SOL 135X216CM;ARTICULOS PATRIOS;42894,5
7798052091000;CINTA ARGENTINA NUEVO MILENIO NRO.1 X 10 MTS.;ARTICULOS PATRIOS;1706,1
7798052091017;CINTA ARGENTINA NUEVO MILENIO NRO.2 X 10 MTS.;ARTICULOS PATRIOS;4247,1
7798052091031;CINTA ARGENTINA NUEVO MILENIO NRO.5 X 10 MTS.;ARTICULOS PATRIOS;6933,3
7798052092014;BANDERITA ARGENTINA PLASTICA 15X25CM;ARTICULOS PATRIOS;181,5
7798052096111;PIN PATRIO POR UNIDAD NUEVO MILENIO;ARTICULOS PATRIOS;1960,2
7798052096159;ESCARAPELA NUEVO MILENIO NRO.106 (LAZO);ARTICULOS PATRIOS;2565,2
7798052096166;ESCARAPELA NUEVO MILENIO NRO.107 (MOÑO SIMPLE);ARTICULOS PATRIOS;84,7
7798052096289;BANDERA PLASTICA NUEVO MILENIO NRO 3;ARTICULOS PATRIOS;532,4
000001234565;CORTANTE DE MASA xUNI;ARTISTICA;121
000005809332;PINCELETA CBX/ASB Nº 5;ARTISTICA;1100
000155809343;PINCELETA CBX/ASB Nº 6;ARTISTICA;1400
000155809350;PINCELETA CBX Nº 7;ARTISTICA;1450
000155809367;PINCELETA CBX/ASB Nº 8;ARTISTICA;1900
000155809374;PINCELETA CBX/ASB Nº 9;ARTISTICA;2100
0165005;RODILLO GOYA CHICO 5 CM;ARTISTICA;1719,85
07792533877534;LENTEJUELAS SIFAP 8MM X BL X9 UNID. 3GRS CANDY/ZOO/SPRING/LOVE;ARTISTICA;5200
07898590651251;PACK X 20 U SILICONA EN BARRA NC 7,5MM;ARTISTICA;3799,91
0902000100004;PINCELETA CBX Nº1;ARTISTICA;400
1121001507011;ACETATO HEMAPEL DE 50 X 70 CM. CRISTAL;ARTISTICA;4005,1
16921371581688;RODILLO ENTINTADOR EZCO P/ETIQUETADORA;ARTISTICA;1367,3
3154148113102;Vasito para Agua Pinturas Color Peps;ARTISTICA;2214,3
3154148640103;OLEO AL PASTEL STAEDTLER KARAT X 12 COLORES (242012);ARTISTICA;11325,6
403968;RODILLO CREATIVA CHICO Nº5;ARTISTICA;1718,88
5621989100212;PINCEL OLAMI P/CERDA X 1 CHATO N°2;ARTISTICA;700
5621989100694;PINCEL OLAMI P/CERDA X 1 CHATO N°6;ARTISTICA;700
5621989100830;PINCEL OLAMI P/CERDA X 1 CHATO N° 8;ARTISTICA;1000
5621989101066;PINCEL OLAMI P/CERDA X 1 CHATO N°10;ARTISTICA;1000,01
562198914618;PINCEL DIBU 146 TORAY ORO CHANFLE M/L N°0;ARTISTICA;1970,5
5621989300681;RODILLO OLAMI GDE 75MM;ARTISTICA;1391,5
567924;BASTIDOR TURK BOCETADO 30X30;ARTISTICA;3085,5
579913;PINTURA ETERNA P/TELA X 37 ML V/COLORES;ARTISTICA;605
580934;PINCEL OLAMI 11;ARTISTICA;1000
581435;GIBRE CREATIVA P/TARJETERIA ESPAÑOLA V/COLORES;ARTISTICA;326,7
581436;GIBRE TURK P/TARJETERIA ESPAÑOLA DE 3 GRS. V/COLORES;ARTISTICA;302,5
581581;PINTURA ETERNA DIMENSIONAL X 40 ML V COLORES;ARTISTICA;847
581582;PINTURA ALBA DIMENSIONADOR 3D X 40 GRS VARIOS COLORES;ARTISTICA;350,9
582368;PINTURA AD 200ML A LA TIZA V/COLORES;ARTISTICA;2565,2
582407;PINCEL GOYA Nº 10 p/lista;ARTISTICA;1500
582739;PINCEL OLAMI P/CERDA X 1 CHATO N° 16;ARTISTICA;1700
582740;PINCEL OLAMI P/CERDA X 1 CHATO N° 12;ARTISTICA;1300
582756;PLASTILINA PLAYCOLOR CAJA X24U.;ARTISTICA;6100
582760;PINCEL OLAMI 0;ARTISTICA;700
582866;ACRILICOS 60 ML PACK X 6 SURTIDOS;ARTISTICA;13102,5
582915;PINCEL DIBU 146 TORAY ORO CHANFLE M/L N°2;ARTISTICA;2142,91
582916;PINCEL DIBU 138 TORAY ORO CHANFLE M/C N°0;ARTISTICA;1650,29
582917;PINCEL DIBU 138 TORAY ORO CHANFLE M/C N°2;ARTISTICA;2142,91
583051;PINCELETA CBX/ASB Nº12;ARTISTICA;2800
583052;PINCELETA CBX/ASB Nº11;ARTISTICA;2600
583067;PALITOS DE HELADOS COLORES SURTIDOS X U;ARTISTICA;51,78
5993102216330;CUADRO PARA PINTAR;ARTISTICA;3085,5
5993102218006;ORGANIZADOR ACRILICO RECTANGULAR P/MAQUILAJE;ARTISTICA;5311,9
5993102219911;BRILLANTINA SIFAP X SOBRE  4 GRS X UNIDAD V/MODELOS(1/5);ARTISTICA;550
6586654989907;OJITOS AUTOADHESIVOS EN PLANCHA;ARTISTICA;1900
680100010000;OJO MOVIL OJITOS Nº 10;ARTISTICA;1524,6
6902131011129;ACUARELA EZCO PREMIUM X12 + PINCEL;ARTISTICA;6100
6903514020554;SET PINCELES x 4U. CABO MADERA NARANJA N 0-2-4-6;ARTISTICA;2819,3
6925009900394;ORGANIZADOR DE ESCRITORIO IBI CRAFT ACRILICO;ARTISTICA;22941,6
6927055820015;PINCEL N°1 -2 VAN ORLEY CERDA CHINA REDONDO;ARTISTICA;550
6927055820046;PINCEL N°4 VAN ORLEY CERDA CHINA REDONDIO (copy);ARTISTICA;600
6927055820060;PINCEL N°5-6 VAN ORLEY CERDA CHINA REDONDO 6927055820053;ARTISTICA;750
6927055820084;PINCEL N° 7-8 VAN ORLEY CERDA CHINA REDONDO 6927055820077;ARTISTICA;920
6927055820107;PINCEL N°10 VAN ORLEY CERDA CHINA RED/ CHAT 6927055770105;ARTISTICA;1174,37
6927057130020;PINCELETA VAN ORLEY NRO.2 35 MM. (CERDA CHINA);ARTISTICA;2807,2
6927057130044;PINCELETA VAN ORLEY NRO.4 50 MM. (CERDA CHINA);ARTISTICA;5057,8
6927057130068;PINCELETA VAN ORLEY NRO.6 65 MM. (CERDA CHINA);ARTISTICA;6981,7
6927090211236;SET DE PINCELES VAN ORLEY 577 X 6 U. SURTIDOS;ARTISTICA;5033,6
6929323101031;PALITO BROCHETE 25 CM PAQ X 88/90U 6956288663304;ARTISTICA;1900
6937609600031;SET DE PINCELES ARTMATE X10;ARTISTICA;10744,8
6937609600505;SET DIFUMINADORES ARTE MATE DE PAPEL DIFUMINOS X 6 U;ARTISTICA;4840
6937609608709;SET PINCELES DE CERDA CHATOS/REDONDOS EST.X 12 + PALETA;ARTISTICA;39688
7501015206232;PLASTILINA SURTIDO NEON X10 180G;ARTISTICA;6388,8
7501015206256;PLATILINA EN BARRA PELIKAN 454 G 4X 113;ARTISTICA;3920,4
7501015207376;ACUARELA PELIKAN UNIVERSE;ARTISTICA;5844,3
7501015207413;ACUARELA INFANTIL PELIKAN;ARTISTICA;2528,9
777005;PINCEL GOYA AMARILLO 8 ACUARELA ECO;ARTISTICA;363
7790413400018;PINTURA PARA TELA ETERNA BLANCO TITANIO;ARTISTICA;556,6
7790413400995;PINTURA PARA TELA ETERNA NEGRO;ARTISTICA;556,6
7790413561009;PINTURA ETERNA DIMENSIONAL X 40 ML CRISTAL;ARTISTICA;1415,7
7790413571015;PINTURA ETERNA DIMENSIONAL X 40 ML PLATA;ARTISTICA;1040,6
7790413571053;PINTURA ETERNA DIMENSIONAL X 40 ML ORO;ARTISTICA;1040,6
7790578010244;OLEO AL PASTEL TRABI  X 12 COLORES;ARTISTICA;3521,1
7790578027778;CORRECTOR LIQUIDO TRABI ECOLOGICO C/PINCEL 20 ML;ARTISTICA;508,2
7792451125007;PORCELANA CRAFT X 250 GRS.;ARTISTICA;447,7
7792533000345;PORTABLOCK ACRILICO SIFAP OFICIO;ARTISTICA;3944,6
7792533531085;BRILLANTINA SIFAP C/FORMAS SPRING FLOWERS x 9 EP7792533531092;ARTISTICA;5200
7792533789837;TEMPERA SOLIDA SIFAP X 6 COLORES CLASICOS;ARTISTICA;11900
7792533789851;TEMPERA SOLIDA SIFAP X 6 COLORES FLUO;ARTISTICA;11495
7792533789868;TEMPERA SOLIDA SIFAP X 6 COLORES METALIZADOS;ARTISTICA;14471,6
7792533789875;TEMPERA SOLIDA SIFAP CLÁSICA - Tipo - Clásica;ARTISTICA;2000
7792533789943;BRILLANTINA SIFAP C/FORMAS RAINBOW x 6 EP;ARTISTICA;2953,73
7792533789974;BRILLANTINA SIFAP C/FORMAS EN POTE x 25GRS;ARTISTICA;3194,4
7792533789981;TEMPERA SOLIDA SIFAP X 6 COLORES PASTEL;ARTISTICA;13900
7792533819657;ACUARELA SIFAP ESCOLAR X 12 COLORES;ARTISTICA;1125,3
7792533877534;LENTEJUELAS SIFAP 8MM X UNID. 3GRS C/U VARIOS COLORES;ARTISTICA;600
7792533888394;BRILLANTINA SURTIDA BLISTER X 5;ARTISTICA;2577,03
7794757265012;TEMPERA MODEL PASTEL POTE X 250 CC. V/COLORES;ARTISTICA;2299
7794757265616;TEMPERA MAPED COLOR PEPS POTE X 250GRS.PLATA METAL;ARTISTICA;4670,6
7794757267146;TEMPERA MAPED POMO X 200 CC. V/COLORES;ARTISTICA;1590,65
7794757269447;TEMPERA MAPED POTE X 200 CC. EFFECT V/COLORES;ARTISTICA;9900
7794757271013;PLASTILINA MAPED COLOR PEPS DE 20 GRS. X  6 U. SURTIDA (827101);ARTISTICA;2500
7794757272010;PLASTILINA MAPED COLOR PEPS DE 20 GRS. X 12 U. SURTIDA (827201);ARTISTICA;4900
7794757273017;PLASTILINA MAPED COLOR PEPS DE 20 GRS. X 24 U. SURTIDA (827301);ARTISTICA;7526,2
7794922562137;ORGANIZADOR ACRILICO KATMANDU 11 DIV 23X9X5 CM;ARTISTICA;3932,5
7795513075180;ACUARELA ESCOLAR FILGO X 8 UNIDADES;ARTISTICA;1800
7795513075197;ACUARELA FILGO ESCOLAR X 12 COLORES;ARTISTICA;2600
7796826002238;RODILLO ENTINTADOR  NEGRO-ROJO I3-40T;ARTISTICA;8869,3
7797608000060;CREALINA X 300 GRS.;ARTISTICA;1040,6
7798093918519;PLASTILINA ALBA  DE 20 GRS. X 10 UNID SURTIDA SIN TACC;ARTISTICA;4089,8
7798093919165;PINTURA ALBA DUO P/TELA X  40 ML  V/COLORES;ARTISTICA;399,3
7798100571287;CARBONILLA AD SURTIDAS 3-8MM X 8 U;ARTISTICA;1173,7
7798100573533;ACRILICO DECORATIVO AD 200ML VARIOS COLORES;ARTISTICA;5602,3
7798100965291;ACUARELA FILGO ESTUCHE PLASTICO X 36;ARTISTICA;9400
7798100966625;ACUARELA FILGO ESTUCHE PLASTICO X 12;ARTISTICA;3700
7798102931201;TAPONADOR CREATIVA CHICO 5/8;ARTISTICA;726
7798128942809;PINCEL DIBU 577 Nº 2 CHATO;ARTISTICA;500
7798128942816;PINCEL DIBU 577 Nº 4 CHATO;ARTISTICA;550,01
7798128942830;PINCEL DIBU 577 Nº 8 CHATO;ARTISTICA;780
7798128946968;ACRILICO 60 ML VARIOS COLORES;ARTISTICA;2400
7798128948504;SET DE ESTECAS PLASTICAS X 4 U AD DIBU;ARTISTICA;1911,8
7798130630022;BRILLANTINA MINIGLASS SOBRES DE 3,5 GRS. V/COLORES;ARTISTICA;314,6
7798136890017;PORCELANA EN FRIO NICRON X 500GRS.;ARTISTICA;8400
7798136890024;PORCELANA EN FRIO NICRON X 250 GRS;ARTISTICA;4500
7798159810030;PLASTILINA PAYCOLOR X6 U;ARTISTICA;1282,6
7798159810276;Tempera escolar playcolor surtido 8cc x 10;ARTISTICA;2612,33
7798159810399;ARCILLA PLAYCOLOR X 300GRS.;ARTISTICA;2800
7798159810412;TEMPERA PLAYCOLOR POTE X 300GRS V/ COLORES;ARTISTICA;2600
7798159810603;TEMPERA PLAYCOLOR POTE X 300GRS FLUO;ARTISTICA;4000
7798159810825;A TEMPERA PLAYCOLOR POMO 8 CC VARIOS COLORES;ARTISTICA;250
7798159810993;PLASTILINA PLAYCOLOR X 6 U FLUO;ARTISTICA;1512,5
7798159812027;PLASTILINA 20 GRS X UNIDAD;ARTISTICA;400
7798159812126;PLASTILINA PLAYCOLOR X6U PASTEL;ARTISTICA;1452
7798184910736;ORGANIZADOR PARA PINCELES PRINCESS;ARTISTICA;2492,6
7798194;PALITO DE HELADO COLOR/MADERA X U;ARTISTICA;24,2
7798194150238;GLOBO Nº9 LISO X UNIDAD;ARTISTICA;200
7798194150504;GLOBO GLOBOX N°12 X UNIDAD;ARTISTICA;400
7798194557860;PALITOS DE HELADOS COLOR NATURAL X 50 U.;ARTISTICA;1270,5
7798194557877;PALITOS DE HELADOS COLORES SURTIDOS X 50;ARTISTICA;1524,6
7798197204426;PINTURA EQ A LA TIZA X 200 ML. V/COLORES;ARTISTICA;1197,9
7799070000708;PALITOS DE HELADOS JUMBO COLOR NATURAL X50U.;ARTISTICA;2371,6
7799070000715;PALITOS DE HELADOS JUMBO COLORES SURTIDOS X50U.;ARTISTICA;2541
7799070001224;ACUARELA  TALBOT  RECTANGULAR X12U.COL.SURT.;ARTISTICA;1439,9
7799079005377;PINTURA A LA TIZA AD 200ML 014 BLANCO CARRARA;ARTISTICA;4791,6
780804861709;OLEO AL PASTEL REEVES X 12 COLORES 0008890;ARTISTICA;5553,9
7929323101030;PALITO BROCHETE 25 CM X 1U.;ARTISTICA;24,2
8000825351235;ACUARELA GIOTTO PREMIUM X 12 COLORES + PINCEL;ARTISTICA;8421,6
8000825352430;ACUARELA GIOTTO PREMIUM X 24 COLORES + PINCEL;ARTISTICA;17800
8000825353734;ACUARELA GIOTTO PREMIUM X 36 COLORES + PINCEL;ARTISTICA;23200
8000825967702;GIOTTO ACQUERELLI x12;ARTISTICA;5445
8000825967726;GIOTTO ACQUERELLI x24;ARTISTICA;10321,3
81941;GLOBO METALIZADO  14 NUMEROS DILAX;ARTISTICA;544,5
902000500002;PINCELETA CBX/ ASB Nº2;ARTISTICA;550
902000600009;PINCELETA CBX/ASB Nº3;ARTISTICA;850
902000700006;PINCELETA CBX/ASB Nº4;ARTISTICA;1000
90600010000;PINCEL ESPATULA G/ESPUMA X3;ARTISTICA;3500
092626522950;BOTELLA CRESKO SILICONA ACORDEON MULT ICOLOR C LLAVERO 500CC;BAZAR;10091,4
2880010;HILO TODOTEX DE ALGODON OVILLO CHICO X 1 UNIDAD(1/10);BAZAR;600
2880540;HILO TODOTEX DE NYLON BOBINA X 400 GRS.;BAZAR;9238,49
3154148708018;TUPPER MAPED CONCEPT KIDS ANTIDERRAME  V/COLORES;BAZAR;24853,4
3154148711032;BOTELA MAPED PICNIC  CONCEPT ADULTO;BAZAR;28773,8
354942;HILO ALGODON BOBINA;BAZAR;1427,8
417609;GANCHO ALFILER 0-1-2 X12;BAZAR;72,6
417610;GANCHO ALFILER 2-3-4 X12;BAZAR;108,9
425083;PARLANTE GLOBAL SBL32;BAZAR;2069,1
582737;TANZA ELASTICA  CBX;BAZAR;2118,11
582741;HILO ALGODON 40 GRS. OVILLO CHORICERO;BAZAR;600
582759;VASO TERMICO CONTIGO HURON;BAZAR;46598,3
5993102199305;CANASTA RECTANGULAR COLOR BLANCO 19X13X6;BAZAR;1355,2
5993102218280;LATA COLOR GRIS C TAPA 10X10X10 21828;BAZAR;2081,2
607869282228;BOTELLA CONTIGO MATTERHON 591ML MONAC BLUE;BAZAR;19686,7
6296;HILO SISAL (YUTE NATURAL GRUESO)  MEDIANO TODOTEX  1/10;BAZAR;4000
6978553439025;GOMITAS COLORES P/ PELO;BAZAR;1016,4
7792533652322;ROLLO DE IMAN EN CINTA SIFAP AUTOADHESIVA 9 MM X 10 CM;BAZAR;133,1
7792621129668;BOTELLA TERMICA FOOTY ESTAMPADA 500ML;BAZAR;16347,1
7798047030540;NIEVE ARTIFICIAL ESPUMA NASHVILLE;BAZAR;1367,3
7798184918466;TUBO KECAPO;BAZAR;3339,6
7798194152799;BANDERIN LUJO FELIZ CUMPLE DILAX;BAZAR;4500
7798343353039;CAJA PARA SANDNNIEWICH MI;BAZAR;1185,8
7798347420324;BORTELLA DE AGUA SIMBALL 750 ML C PICO DEOPORTIVO MILITAR;BAZAR;7211,6
8412497750207;SANDWICHERA MULTIPLE 3 COMPARTIMENTOS STITCH;BAZAR;12500
8412497883202;SANDWICHERA MULTIPLE 3 COMPARTIMENTOS KUROMI;BAZAR;12500
8999002672013;PILA ENERGIZER MAX AAA X UNIDAD;BAZAR;2000
92626502839;CANTIMPLORA SPIDERMAN CON CORREA;BAZAR;5699,1
92626515181;CAJA  PARA SANDWICH VARIOS MODELOS;BAZAR;2347,4
92626518779;BOTELLA CRESKO SILICONA PELOTA AZUL Y AMARILLO 800cc;BAZAR;20473,2
2540101;BIBLIORATO AVIOS  PVC A4 V/COLORES;BIBLIORATOS;7000
376720;BIBLIORATO TALBOT PVC A4/OFICIO  V/COLORES;BIBLIORATOS;7000
581039;CARPETA AVIOS FIBRA NEGRA OFICIO 2 X 40 MM.;BIBLIORATOS;2032,8
582463;CARPETA AVIOS FIBRA NEGRA OFICIO 2 X 40 MM.;BIBLIORATOS;4442,1
6913199712866;BIBLIORATO SETTER A4/OFICIO FORRO PAPEL (GRIS);BIBLIORATOS;6800
7791237895912;BIBLIORATO THE PEL OFICIO;BIBLIORATOS;2819,3
7798179256689;LOMO AUTOADHESIVO PARA BIBLIORATOS AVERY;BIBLIORATOS;3012,9
7798180880538;CARPETA AVIOS LOMO ANGOSTO OFICIO;BIBLIORATOS;5880,6
7798180880637;CARPETA AVIOS A4 LOMO ANGOSTO;BIBLIORATOS;5880,6
7798180884895;BIBLIORATO A4 LOMO ANGOSTO COLORES CLASICOS Y PASTELES;BIBLIORATOS;8000
8851907609771;BIBLIORATO THE PEL  A4 V/COLORES PASTELES (1218);BIBLIORATOS;8000
580807;PAPEL P/DIBUJO AQUARELLE VIVALDI 330 GRS. 35 X 50 CM. X UNIDAD;BLOCKS N°5 Y N°6;1004,3
582384;BLOCK P/DIBUJO 1028 NEGRO Nº 6 X 20 HJS.;BLOCKS N°5 Y N°6;8881,4
77900388;PAPEL DIBUJO TECNICO A3  120 GR PAQ.X 10 UNI;BLOCKS N°5 Y N°6;3037,1
7791762000546;REPUESTO DE DIBUJO EXITO NRO.6 NEGRO X 5 HJS.;BLOCKS N°5 Y N°6;2120
7791762000805;BLOCK P/DIBUJO EXITO NEGRO N° 6 X 20 HOJAS;BLOCKS N°5 Y N°6;14000
7791762000812;BLOCK P/DIBUJO EXITO NEGRO Nº 5 X 20 HJS.;BLOCKS N°5 Y N°6;6264,88
7791762001000;BLOCK P/DIBUJO EXITO PASTEL Nº 5 X 40 HJS.;BLOCKS N°5 Y N°6;6700
7791762001888;BLOCK P/DIBUJO EXITO NAT Nº 5 X 24 HJS.;BLOCKS N°5 Y N°6;3950
7791762319419;BLOCK P/DIBUJO EXITO COLOR Nº 5 X 24 HJS.;BLOCKS N°5 Y N°6;6850
7791762319426;BLOCK P/DIBUJO EXITO BLANCO Nº 5 X 24 HJS.;BLOCKS N°5 Y N°6;5649,91
7791762319617;BLOCK P/DIBUJO EXITO COLOR Nº 6 X 24 HJS.;BLOCKS N°5 Y N°6;16380
7791762319624;BLOCK P/DIBUJO EXITO BLANCO Nº 6 X 24 HJS.;BLOCKS N°5 Y N°6;11840,2
7791762480911;REPUESTO DE DIBUJO EXITO NRO.6 COLOR X 6 HJS.;BLOCKS N°5 Y N°6;2750
7791762480928;REPUESTO DE DIBUJO EXITO NRO.6 BLANCO X 8 HJS.;BLOCKS N°5 Y N°6;2350
7791911760017;BLOCK CARTULINA ENTRETENIDA MURESCO DISEÑOS GEOMETRICOS;BLOCKS N°5 Y N°6;6500
7791911760024;BLOCK MURESCO DISELOS ESPECIALES N5;BLOCKS N°5 Y N°6;6500
7791911760031;BLOCK CARTULINA ENTRETENIDA GEOM FLUO;BLOCKS N°5 Y N°6;9832,71
7791911760048;BLOCK CARTULINA ENTRETENIDA LETRAS Y NUMEROS;BLOCKS N°5 Y N°6;6267,8
7791911760055;BLOCK CARTULINA MURESCO FECHAS PATRIAS;BLOCKS N°5 Y N°6;7925,5
7791911760130;BLOCK CARTULINA ENTRETENIDA ANTI-STRESS P/COLOREAR;BLOCKS N°5 Y N°6;8300,6
7791911760185;BLOCK CARTULINA MURESCO 32,5 X 25 CM X 30 HJS. PAPEL MADERA (7601-8);BLOCKS N°5 Y N°6;4860
7791911760192;BLOCK MURESCO PAPEL AFICHE X 50 HJS;BLOCKS N°5 Y N°6;7772,02
7791911760291;BLOCK CARTULINA MURESCO 32,5 X 25 CM X 20 HJS. PASTELES FANTASIA (7602-9);BLOCKS N°5 Y N°6;7925,5
7791911760338;BLOCK CARTULINA ENTRETENIDA CURSIVA CALIGRAFIA X 20 H;BLOCKS N°5 Y N°6;2867,7
7791911760345;BLOCK CARTULINA ENTRETENIDA MURESCO 32X25CM X 20 HJS DINOSAURIOS;BLOCKS N°5 Y N°6;5674,9
7791911760352;BLOCK CARTULINA ENTRETENIDA MURESCO 32X25CM X 20 HJS ANIMALES DIVERTIDOS;BLOCKS N°5 Y N°6;5674,9
7791911760369;BLOCK CARTULINA ENTRETENIDA MURESCO 32X25CM X 20 HJS MI PLANETA TIERRA;BLOCKS N°5 Y N°6;5674,9
7791911763001;BLOCK CARTULINA MURESCO 32,5 X 25 CM X 20 HJS. PASTELES LISAS (7603-0);BLOCKS N°5 Y N°6;7925,5
7792216004271;BLOCK EL NENE DIBUJO N.5 FANTASIA FLUO X 24;BLOCKS N°5 Y N°6;11900
7792216004288;BLOCK EL NENE CARTULINA FANTASIA Nº 5 X 24 HJS.(210251/81/71);BLOCKS N°5 Y N°6;8724,1
7792216049524;BLOCK EL NENE NEGRO Nº 6 X 24 HJS. (215214);BLOCKS N°5 Y N°6;20724,5
7792216049531;BLOCK N º 5 PAPEL KRAFT/MADERA EL NENE;BLOCKS N°5 Y N°6;6015
7792216049708;BLOCK MIGUEL ANGEL DIBUJO N.5 BLANCO X 20;BLOCKS N°5 Y N°6;2468,4
7792216049777;BLOCK MIGUEL ANGEL DIBUJO N.3 x 8;BLOCKS N°5 Y N°6;580,8
7792216856764;PAPEL GLASE N5 EL NENE;BLOCKS N°5 Y N°6;6110,5
7793198106427;PAPEL P/DIBUJO PIZZINI 29.7 X42 A3 106 GRS PRECIO X 10 HOJAS;BLOCKS N°5 Y N°6;3436,68
7793198142425;PAPEL P/DIBUJO PIZZINI 29.7 X42 A3 150 GRS PRECIO X 10 HOJAS;BLOCKS N°5 Y N°6;5707,71
7793198904207;PAPEL P/DIBUJO PIZZINI 29.7 X42 A3 90 GRS PRECIO X HOJA;BLOCKS N°5 Y N°6;400
7796569268021;BLOCK DIBUJO TRIUNFANTE COLOR Nº 6 20 HS;BLOCKS N°5 Y N°6;9300,91
7796569277122;BLOCK DIBUJO TRIUNFANTE  BLANCO X 20 HJS;BLOCKS N°5 Y N°6;3177,16
7796893000205;BLOCK LUMA DIBUJO N5 NEGRO;BLOCKS N°5 Y N°6;5227,2
7796893000663;BLOCK DE DIBUJO COLOR N°6 LUMA 24HS;BLOCKS N°5 Y N°6;13645,3
7796893001103;REP. DIBUJO LUMA FLUO N° 5;BLOCKS N°5 Y N°6;1137,4
7796893002629;BLOCK PAPEL AFICHE LUMA OFICIO X 50 HJS. COLORES SURTIDO;BLOCKS N°5 Y N°6;9716,82
7796893004364;BLOCK LUMA PARA DIBUJO Nº5 FLUO X15 HOJAS;BLOCKS N°5 Y N°6;9900
7798006801891;BLOCK P/DIBUJO 1028 NEGRO Nº 5 X 20 HJS.;BLOCKS N°5 Y N°6;4150,3
7798006801907;BLOCK P/DIBUJO 1028 BLANCO Nº 6 X 20 HJS.;BLOCKS N°5 Y N°6;6655
7798006801914;BLOCK P/DIBUJO 1028 COLOR Nº 6 X 20 HJS.;BLOCKS N°5 Y N°6;9196
7798006802164;BLOCK P/DIBUJO 1028 COLOR Nº 5 X 20 HJS.;BLOCKS N°5 Y N°6;4200
7798006805349;BLOCK P/DIBUJO PASTEL Nº 5 X 40 HJS;BLOCKS N°5 Y N°6;4500
7798006805356;BLOCK AFICHE 1028 COLOR Nº 5 X 40 HJS.;BLOCKS N°5 Y N°6;7908,78
7798101065006;BLOCK SETTER DIBUJO N.5 BLANCO X 20 H.;BLOCKS N°5 Y N°6;2950
7798101065105;BLOCK SETTER DIBUJO N.5 COLOR X 24 H.;BLOCKS N°5 Y N°6;4900
7798122314367;BLOCK CART FANTASIA N5 MULTICOLOR;BLOCKS N°5 Y N°6;1500,4
7798126042303;BLOCK CARTULINA FANTASIA ENTRETENIDA ALFA GLOSS;BLOCKS N°5 Y N°6;8705,42
7798143218637;PAPEL P/DIBUJO ESBOZO LISO A4 180 GRS. X 10 HJS.;BLOCKS N°5 Y N°6;617,1
7798148771106;PAPEL PLANTEC A3 29,7 X 42 X 106 GRS (x10 hojas);BLOCKS N°5 Y N°6;4000
7798148771151;PAPEL PLANTEC A3 29,7 X 42 X 142 GRS PAQUETE X 10 HOJA;BLOCKS N°5 Y N°6;5000
7798296546601;BLOCK CUADERNO PLANTEC DIBUJO LISO C/ESP.A5 150 GRS.X 40 H.;BLOCKS N°5 Y N°6;6836,5
7798311600783;PAPEL P/DIBUJO ALTEZA  A3 120 GRS. X 10 HJS.;BLOCKS N°5 Y N°6;3642,1
7798446300503;BLOCK PLANTEC DACAPO ACUARELA ENCOLADO A4 165GRS. X20H;BLOCKS N°5 Y N°6;15900
7798446300541;BLOCK PLANTEC TORCHON ACUARELA ENCOLADO A4 250GRS. X20;BLOCKS N°5 Y N°6;20500
403888;CALCULADORA CASIO CIENTIFICA FX95-MS;CALCULADORAS;9764,7
4549526602054;CALCULADORA CASIO PORTATIL AZUL HL- 815 BU;CALCULADORAS;14314,3
4549526607219;CALCULADORA CASIO CIENTIFICA FX-82MS;CALCULADORAS;48500
4549526607318;CALCULADORA CASIO CIENTIFICA FX-95 MS A BATERIA;CALCULADORAS;61008,2
4549526608933;CALCULADORA CASIO CIENTIFICA FX-82LAPLUS;CALCULADORAS;57900
4971850091387;CALCULADORA CASIO DE BOLSILLO 8 DIG.HL-4A;CALCULADORAS;13818,2
4971850091400;CALCULADORA CASIO HL- 815 L 8DIG 8498;CALCULADORAS;5154,6
4971850093008;CALCULADORA CASIO PORTATIL LC403TV;CALCULADORAS;18960,7
582718;CALCULADORA ECAL GRANDE TC 46 10 DIGITOS;CALCULADORAS;13900
582719;CALCULADORA ECAL MEDIANA TC 58 12 DIGITOS BLANCA Y NEGRA;CALCULADORAS;13500
583088;CALCULADORA ESCRITORIO TALBOT 12 DIGITOS NEGRA;CALCULADORAS;12708,6
6288;CALCULADORA CIFRA B123 08 DIGITOS;CALCULADORAS;2335,3
6852525828041;CALCULADORA WEIDA W-T06 DE BOLSILLO 8 DIGITOS;CALCULADORAS;4610,1
6901181254029;CALCULADORA MATISSE KK 402 8 DIG;CALCULADORAS;1815
69265899026516;CALCULADORA CIENTIFICA JUSTOP JP-82MS;CALCULADORAS;10781,1
6926589906516;CALCULADORA CIENTIFICA JUSTOP JP-82MS;CALCULADORAS;10381,8
6926589906585;CALCULADORA JUSTOP JP- 837;CALCULADORAS;7368,9
6932177467420;CALCULADORA ECAL GRANDE TC 35 12 DIGITOS;CALCULADORAS;13394,7
6932177468366;CALCULADORA DE BOLSILLO ECAL TC 37 8 DIGITOS;CALCULADORAS;5626,5
6935205373625;CALCULADORA CIENTIFICA DELI RIO 1710 A ROSA;CALCULADORAS;12934,9
6935205373632;CALCULADORA CIENTIFICA DELI RIO 1710 A CELESTE;CALCULADORAS;12934,9
6936719154960;CALCULADORA CHICA 10X25;CALCULADORAS;4380,2
6952525800822;CALCULADORA CIENTIFICA WEIDA W-T82;CALCULADORAS;7610,9
6952525800839;CALCULADORA ECAL CIENTIFICA TC 82 A BATERIA;CALCULADORAS;6800,2
6952525800846;CALCULADORA ECAL CIENTIFICA TC 82 MS A BATERIA;CALCULADORAS;11144,1
6952525804028;CALCULADORA ECAL DE BOLSILLO TC 31 8 DIGITOS;CALCULADORAS;4448,02
6952525804035;CALCULADORA ECAL DE BOLSILLO TC 59 8 DIGITOS CELESTE;CALCULADORAS;5178,8
6952525806688;CALCULADORA ECAL DE BOLSILLO TC 57 8 DIGITOS;CALCULADORAS;7562,5
6952525806886;CALCULADORA WEIDA W-T68;CALCULADORAS;4356
6952525821582;CALCULADORA ECAL DE BOLSILLO TC 55 8 DIGITOS;CALCULADORAS;9950
6952525837880;CALCULADORA ECAL MEDIANA TC 25 8 DIGITOS;CALCULADORAS;13660,9
6952525838665;CALCULADORA ECAL TC61 ESCRITORIO NEGRA 12 DIG 10 X 15;CALCULADORAS;12305,7
6952525862257;CALCULADORA WEIDA W-T78;CALCULADORAS;4779,5
6952525888097;CALCULADORA WEIDA W-T25 DE BOLSILLO 8 DIGITOS;CALCULADORAS;4610,1
6952525888479;CALCULADORA ECAL MEDIANA TC 34 12 DIGITOS;CALCULADORAS;11567,6
6952525890816;CALCULADORA ECAL MEDIANA TC 32 8 DIGITOS;CALCULADORAS;9498,5
7796826001637;CALCULADORA CIFRA CIENTIFICA ROSA SC-820;CALCULADORAS;8167,5
7796826002146;CALCULADORA CIFRA BOLSILLO B-123AP SOLAR/BATERIA (8 DIGITOS);CALCULADORAS;7500
7796826002153;CALCULADORA CIFRA BASICA DT-67 SOLAR/BATERIA (8 DIGITOS);CALCULADORAS;16903,7
7796826003235;CALCULADORA CIFRA CIENTIFICA AZUL SC-820;CALCULADORAS;24018,5
7798194558348;CALCULADORA TALBOT DE ESCRITORIO 12 DIGITOS TBT 1200V;CALCULADORAS;15306,5
7798194558362 7798194558348 7798194558355;CALCULADORA CIENTIFICA TALBOT TBT-82MS-M 240 FUNCIONES ROSA/CELESTE/NEGRA;CALCULADORAS;17900
7798194558379;CALCULADORA CIENTIFICA TALBOT  TBT-991MS NEGRA 401 FUNCIONES;CALCULADORAS;25900
7798194558409;CALCULADORA CIENTIFICA TALBOT  TBT-991EX-D NEGRA 552 FUNCIONES;CALCULADORAS;44500
7798194558416;CALCULADORA TALBOT TBT 21 0N 7798194558430;CALCULADORAS;7500
7799070004461 7798194558423;CALCULADORA TALBOT TBT 21 ON 8 DIGITOS;CALCULADORAS;7800
7799070020249 7799070020263;CALCULADORA ESCRITORIO TALBOT  12 DIGITOS  TBT-108N 7799070004478;CALCULADORAS;12900
7799070020270;CALCULADORA ESCRITORIO TALBOT  12 DIGITOS TBT-118 7799070020294;CALCULADORAS;22500
7799070020317;CALCULADORA CIENTIFICA TALBOT JS-82MS-C 240 FUNCIONES;CALCULADORAS;11700
0092626522202;CARTUCHERA 1 CIERRE CRESKO DE GOMA EXPANSIBLEE;CANOPLAS/CARTUCHERAS;5723,3
0092626534380;CANOPLA CRESKO DE 1 PISO PVC RIVER PLATE ESCUDO (RI356) + UTILES;CANOPLAS/CARTUCHERAS;10974,7
02510;NECESER ANDORRA NEGRO;CANOPLAS/CARTUCHERAS;7502
0720665938288;CANOPLA SOBRE CORDURA LISA;CANOPLAS/CARTUCHERAS;1016,4
07798194553510;CANOPLA BRIT OVAL DOBLE CIERRE C/RED;CANOPLAS/CARTUCHERAS;3460,6
092626521335;CANOPLA CRESKO DESPLEGABLE SMILE;CANOPLAS/CARTUCHERAS;6400,9
092626532775;CANOPLA TUBO SIMONES;CANOPLAS/CARTUCHERAS;6219,4
092626533024;CANOPLA DESPLEGABLE CRESKO LIGA DE LA JUSTICIA;CANOPLAS/CARTUCHERAS;15028,2
092626533062;CARTUCHERA DESPLEGABLE CRESKO SECRET;CANOPLAS/CARTUCHERAS;12370
092626533109;CANOPLA CRESKO SMILE DESPLEGABLE CK 489;CANOPLAS/CARTUCHERAS;10060
092626534267;CANOPLA 1 PISO HARRY POTTER C UTILES HP 205;CANOPLAS/CARTUCHERAS;8920
1136987;CANOPLA LTY BAGS Nº213 T/ CORURA CAMUFLADO RECTANGULAR;CANOPLAS/CARTUCHERAS;1875,5
1139054;CANOPLA LTY BAGS Nº170 DESPLEGABLE;CANOPLAS/CARTUCHERAS;5142,5
1139056;CANOPLA LTY BAGS Nº185 CAMUFLADA DESPLEGABLE;CANOPLAS/CARTUCHERAS;4162,4
1792020;CANOPLA PLANA SIMPLE V/COLORES;CANOPLAS/CARTUCHERAS;1500
2019000091350;CANOPLA FW CLASICA OVAL DOS CIERRES 9135;CANOPLAS/CARTUCHERAS;5350
3154149348398;CANOPLA MAPED TUBO BASE NEGRA EMOJI GIRLS;CANOPLAS/CARTUCHERAS;2214,3
396146;CANOPLA TALBOT DESPLEGABLE 3 CIERRES STRIPES;CANOPLAS/CARTUCHERAS;2734,6
420373;CANOPLA SURTIDA ESTAMPADA;CANOPLAS/CARTUCHERAS;1379,4
487244;CARTUCHERA TIPO CANOPLA DISEÑOS TELA AVION/ CORDURA;CANOPLAS/CARTUCHERAS;3363,8
487245;CARTUCHERA TIPO NECESER CUADRADO PIPINA;CANOPLAS/CARTUCHERAS;1536,7
574698;CANOPLA VERTICAL PIPINA;CANOPLAS/CARTUCHERAS;3363,8
579883;CANOPLA GOLD 3 EN 1 CORDURA CAMUFLADA;CANOPLAS/CARTUCHERAS;13552
579884;CANOPLA GOLD 3 EN 1 METALIZADA PLATA;CANOPLAS/CARTUCHERAS;14290,1
581078;CARTUCHERA BOX RASO LISO;CANOPLAS/CARTUCHERAS;2153,8
582387;CARTUCHERA DHARO;CANOPLAS/CARTUCHERAS;8470
582413;CANOPLA BOX DABNEY LEE A LUNARES;CANOPLAS/CARTUCHERAS;12644,5
582478;CANOPLA DOG;CANOPLAS/CARTUCHERAS;5493,4
6165050774166;CANOPLA WILSON OVAL WILSON 2 CIERRES;CANOPLAS/CARTUCHERAS;7114,8
6190097071114;CANOPLA 1 PISO LSD UNICORNIO;CANOPLAS/CARTUCHERAS;4598
656291625660;CARTUCHERA NUWA 1 CIERRE AZUL/BEIGE;CANOPLAS/CARTUCHERAS;1669,8
6901165110563;CARTUCHERA BLACK ANT;CANOPLAS/CARTUCHERAS;2492,6
6941436589629;CARTUCHERA ECO RED;CANOPLAS/CARTUCHERAS;2541
720665938103;CANOPLA TUBO CORDURA LISA;CANOPLAS/CARTUCHERAS;2468,4
7453002802449;CANOPLA LOL OMG OVAL METALLIC 1 CIERRE;CANOPLAS/CARTUCHERAS;8167,5
7790009981396;CANOPLA ORGANIZ SHINE FW;CANOPLAS/CARTUCHERAS;4948,9
7790009981419;CANOPLA FW FRANCHU;CANOPLAS/CARTUCHERAS;4961
7790009981440;CANOPLA FW ORGANIZADOR MAGU;CANOPLAS/CARTUCHERAS;5638,6
7790009981464;CANOPLA ORGANIZ B PACK FW;CANOPLAS/CARTUCHERAS;5626,5
7790009981471;CANOPLA FW ORGANIZADOR MEME MAGIC STAND;CANOPLAS/CARTUCHERAS;4259,2
7792216006220;CANOPLA 2 CIERRES LAU VARSKY;CANOPLAS/CARTUCHERAS;2057
7792511435909;CANOPLA FW FUN LIVE RECTANGULAR TRES CIERRES;CANOPLAS/CARTUCHERAS;3581,6
7792621129385;CANOPLA FOOTY POP IT 2 CIERRES LUZ LED;CANOPLAS/CARTUCHERAS;18585,6
7793665010011;CANOPLA MULTISCOPE DE 1 PISO CRY BABIES (1001-01);CANOPLAS/CARTUCHERAS;4186,6
7793665010059;CANOPLA TUBO CRY BABIES;CANOPLAS/CARTUCHERAS;2238,5
7793665032181;CARTUCHERA TRIANGULAR LIMITED TELA;CANOPLAS/CARTUCHERAS;1609,3
7793665051328;CARTUCHERA DESPLEGABLE C CIERRE HORIZONTAL TELA INFLUENCER;CANOPLAS/CARTUCHERAS;3569,5
7793665078011;CANOPLA MULTISCOPE DE 1 PISO FUTBOL 7801-02;CANOPLAS/CARTUCHERAS;12741,3
7793665078325;CANOPLA MULTISCOPE DESPLEGABLE C/CIERRE FUTBOL (7832-02);CANOPLAS/CARTUCHERAS;21876,8
7793665078387;CANOPLA MULTISCOPE RECTANGULAR DOBLE CIERRE FUTBOL;CANOPLAS/CARTUCHERAS;14072,3
7793665078561;CANOPLA MULTISCOPE RECTANGULAR 2 CIERRES SELECCION;CANOPLAS/CARTUCHERAS;21404,9
7793665083053;CANOPLA MULTISCOPE TUBO KING OF THE FALL (8305-04);CANOPLAS/CARTUCHERAS;8179,6
7793665084012;CANOPLA MULTISCOPE DE 1 PISO DREAMS HOLOGRAFICA;CANOPLAS/CARTUCHERAS;19481
7793665097029;CANOPLA METALIZADA PLAYD WILD STAY HARD;CANOPLAS/CARTUCHERAS;4961
7793665097326;CARTUCHERA DESPLEGABLE C CIERRE METALIZADA PLAY WILD;CANOPLAS/CARTUCHERAS;5348,2
7793665105014;CANOPLA MULTISCOPE DE 1 PISO MINNIE (0501-04);CANOPLAS/CARTUCHERAS;17460,3
7793665106011;CANOPLA MULTISCOPE DE 1 PISO BARBIE (0601-01);CANOPLAS/CARTUCHERAS;17460,3
7793665106028;CANOPLA MULTISCOPE DE 2 PISOS BARBIE HOLOGRAFICO;CANOPLAS/CARTUCHERAS;32464,3
7793665146017;CANOPLA MULTISCOPE DE 1 PISO TELA FROZEN (4601-04);CANOPLAS/CARTUCHERAS;19638,3
7793665151028;CANOPLA MULTISCOPE 2 PISOS TELA HORIZONTAL INFLUENCER 4601 04;CANOPLAS/CARTUCHERAS;14907,2
7793665180202;CANOPLA MULTISCOPE DE 2 PISOS SPIDERMAN (1802-02);CANOPLAS/CARTUCHERAS;23933,8
7793665181032;CANOPLA MULTISCOPE DE 3 PISOS SPIDERMAN (18103);CANOPLAS/CARTUCHERAS;32101,3
7793665182022;CANOPLA MULTISCOPE DE 2 PISOS T REX 8202-02;CANOPLAS/CARTUCHERAS;17315,1
7793665185016;CANOPLA MULTISCOPE DE 1 PISO AVENGERS (8501-01);CANOPLAS/CARTUCHERAS;16238,2
7793665185023;CANOPLA MULTISCOPE DE 2 PISOS AVENGERS (8502-02);CANOPLAS/CARTUCHERAS;22130,9
7793665205011;CANOPLA MULTISCOPE DE 1 PISO MINNIE RELIEVE (0501-11);CANOPLAS/CARTUCHERAS;17460,3
7793665218011;CANOPLA MULTISCOPE DE 1 PISO SPIDERMAN (1801-02);CANOPLAS/CARTUCHERAS;16238,2
7793665285013;CANOPLA MULTISCOPE DE 1 PISO AVENGERS EFECTO (8501-02);CANOPLAS/CARTUCHERAS;19638,3
7793665385027;CANOPLA MULTISCOPE DE 2 PISOS AVENGERS SQUISHY (8502-12);CANOPLAS/CARTUCHERAS;34630,2
7793665418015;CANOPLA MULTISCOPE DE 1 PISO SPIDERMAN RELIEVE;CANOPLAS/CARTUCHERAS;14435,3
7793665518036;CANOPLA MULTISCOPE DE 3 PISOS SPIDERMAN (1803-02);CANOPLAS/CARTUCHERAS;32573,2
7793665721023;CANOPLA 2 PISOS LOMO ESPECIAL SWEET GALAXY ART72102;CANOPLAS/CARTUCHERAS;3956,7
7793665918027;CANOPLA MULTISCOPE DE 2 PISOS SPIDERMAN SQUISHY (1802-13);CANOPLAS/CARTUCHERAS;43777,8
7795513177839;CARTUCHERA FILGO OUTDOOR;CANOPLAS/CARTUCHERAS;4041,4
7795513178157;CARTUCHERA FILGO OUTDOOR lisboa;CANOPLAS/CARTUCHERAS;4041,4
7798152343382;CANOPLA DESPLEGABLE LIBERTY 5952;CANOPLAS/CARTUCHERAS;4428,6
7798160260329;CANOPLA GOTCCI DESPEGABLE TRIPLE TIPO PORTACOSMETICO;CANOPLAS/CARTUCHERAS;5783,8
7798160260619;CANOPLA GOT DESPLEGABLE TRIPLE BRILLO;CANOPLAS/CARTUCHERAS;4755,3
7798160260626;CANOPLA GOT DESPLEGABLE BRILLO;CANOPLAS/CARTUCHERAS;7707,7
7798160260688;CANOPLA GOT PLANA MINI SPORT;CANOPLAS/CARTUCHERAS;1125,3
7798160260701;CANOPLA GOT PLANA SIMPLE SPORT;CANOPLAS/CARTUCHERAS;1331
7798160260732;CANOPLA GOT DESPLEGABLE TRIPLE;CANOPLAS/CARTUCHERAS;5783,8
7798160260916;CANOPLA GOT TUBO C VISOR CHICO0;CANOPLAS/CARTUCHERAS;2783
7798166467098;CANOPLA MOOVING DE 1 PISO (EVA) V/ MODELOS;CANOPLAS/CARTUCHERAS;33940,5
7798184911474;CARTUCHERA CUADRUPLE BUHO GOMA GDE 1527;CANOPLAS/CARTUCHERAS;4065,6
7798184912921;CANOPLA METALIZADA 1650;CANOPLAS/CARTUCHERAS;4694,8
7798184914925;CARTUCHERA UN PISO HERMOSURA;CANOPLAS/CARTUCHERAS;3702,6
7798184916226;CANOPLA CILINDRO NEGRO;CANOPLAS/CARTUCHERAS;1082,47
7798184916257;CANOPLA LAS DUBLI;CANOPLAS/CARTUCHERAS;5880,6
7798184917162;CARTUCHERA HERMOSURA FANTASIA CANOA;CANOPLAS/CARTUCHERAS;5082
7798184917209;CARTUCHERA HERMOSURA FANTASIA 1871;CANOPLAS/CARTUCHERAS;10527
7798184917216;CARTUCHERA HERMOSURA CHAMPION FANTASIA 2;CANOPLAS/CARTUCHERAS;14749,9
7798184917384;CARTUCHERA HERMOSURA  1881;CANOPLAS/CARTUCHERAS;9655,8
7798184917391;CANOPLA 2 CIERRES CHAMPION VERDE MILITAR;CANOPLAS/CARTUCHERAS;6872,44
7798186312989;CANOPLA CORDURA NENA 28018;CANOPLAS/CARTUCHERAS;4864,2
7798186312996;CANOPLA CORDURA PARA NENA 28036;CANOPLAS/CARTUCHERAS;3085,5
7798186313009;CANOPLA CORDURA NENA 28065;CANOPLAS/CARTUCHERAS;4053,5
7798186313030;CANOPLA CORDURA P/NENA;CANOPLAS/CARTUCHERAS;1263,24
7798186313412;CANOPLA 3 PISOS BUHOS CHIMOLA;CANOPLAS/CARTUCHERAS;4537,5
7798194552353;CARTUCHERA BTITTO OVALADA;CANOPLAS/CARTUCHERAS;3037,1
7798194553510;CANOPLA BRIT OVAL DOBLE CIERRE C/RED;CANOPLAS/CARTUCHERAS;4912,6
7798194554715;CANOPLA TALBOT CLASSICS TUBO 1 CIERRE PVC TEMPLADA;CANOPLAS/CARTUCHERAS;1064,8
7798194554784;CANOPLA TALBOT PLANA 1 CIERRE PVC;CANOPLAS/CARTUCHERAS;3339,6
7798194554845;CANOPLA TALBOT PLANA 1 CIERRE (000531);CANOPLAS/CARTUCHERAS;6909,1
7798194558263;CANOPLA TALBOT CLASSICS PLANA 1 CIEERE WOOD ESTAMPADA;CANOPLAS/CARTUCHERAS;2504,7
7798201708698;CANOPLA 1 CIERRE CHIMOLA;CANOPLAS/CARTUCHERAS;2867,7
7798302932480;CANOPLA ESTUCHE DOBLE CIERRE;CANOPLAS/CARTUCHERAS;4573,8
7798302932497;CANOPLA ESTUCHE 2 CIERES CAR PINTOS;CANOPLAS/CARTUCHERAS;4924,7
7798302932633;CARTUCHERA TUBO MOOVING METALIZADA;CANOPLAS/CARTUCHERAS;14495,8
7798302934170;CARTUCHERA MOOVING DESPLEGABLE KAWAII;CANOPLAS/CARTUCHERAS;3303,3
7798302936136;CANOPLA MOOVING DE 1 PISO TEXTIL QUITAPESARES;CANOPLAS/CARTUCHERAS;25894
7798302936211;Cartuchera Tubo Quitapesares;CANOPLAS/CARTUCHERAS;21743,7
7798302936266;Cartuchera Spark Quitapesares;CANOPLAS/CARTUCHERAS;6691,3
7798302936327;CANOPLA SOBRE C BOLSO GLITTER;CANOPLAS/CARTUCHERAS;5082
7798302936426;CARTUCHERA RIVER PLATE TREND;CANOPLAS/CARTUCHERAS;12813,9
7798302936433;CANOPLA MOOVING ESTUCHE TREND QUITAPESARES;CANOPLAS/CARTUCHERAS;35307,8
7798302936440;CANOPLA MOOVING ESTUCHE TREND 47 STREET;CANOPLAS/CARTUCHERAS;40014,7
7798302937249;CANOPLA MOOVING ESTUCHE TREND FORTNITE;CANOPLAS/CARTUCHERAS;35307,8
7798356617142;Cartuchera Rectangular Minnie Mouse;CANOPLAS/CARTUCHERAS;22143
7798356617159;Cartuchera Rectangular Quitapesares;CANOPLAS/CARTUCHERAS;22143
7798356617166;Cartuchera Rectangular Como Quieres;CANOPLAS/CARTUCHERAS;22143
7798356617197;Cartuchera Tubo Boca Jrs.;CANOPLAS/CARTUCHERAS;21743,7
7798356617210;Cartuchera Tubo River Plate;CANOPLAS/CARTUCHERAS;8651,5
7798356617272;Cartuchera Tubo Minnie Mouse;CANOPLAS/CARTUCHERAS;21743,7
7798356617289;Cartuchera Tubo Como Quieres;CANOPLAS/CARTUCHERAS;12523,5
7798356617319;CARTUCHERA C BOLSILLO PVC 2 CIERRES GOLDEN RAINBOW;CANOPLAS/CARTUCHERAS;5759,6
7798356617395;Cartuchera Cristal 47 Street;CANOPLAS/CARTUCHERAS;12523,5
7798356617401;Cartuchera Cristal Como Quieres;CANOPLAS/CARTUCHERAS;12523,5
7798356617524;CANOPLA MOOVING BOX RIVER PLATE;CANOPLAS/CARTUCHERAS;26571,6
7798356617579;CANOPLA MOOVING BOX 47 STREET;CANOPLAS/CARTUCHERAS;26571,6
7798356617609;CANOPLA MOOVING BOX FORTNITE;CANOPLAS/CARTUCHERAS;26571,6
7798356617616;CANOPLA MOOVING BOX PASTEL;CANOPLAS/CARTUCHERAS;26571,6
7798356617623;CANOPLA MOOVING BOX MARVEL;CANOPLAS/CARTUCHERAS;26571,6
7798356617838;Cartuchera Cristal Minnie Mouse;CANOPLAS/CARTUCHERAS;12523,5
7798368421812;CANOPLA RECTANGULAR FUTBOL RIVER BOCA LSD;CANOPLAS/CARTUCHERAS;4997,3
7798368421843;CANOPLA RECTANGULAR FUTBOL RIVER BOCA LSD;CANOPLAS/CARTUCHERAS;4997,3
7799000097587;CANOPLA FW FUN LIFE TUBO FORMA PATITA;CANOPLAS/CARTUCHERAS;3605,8
7799000097600;CANOPLA FW FUN FRASES COFRE UN CIERRE;CANOPLAS/CARTUCHERAS;3581,6
7799070001125;CANOPLA TALBOT CLASSICS RECTANGULAR SHINE 1 CIERRE;CANOPLAS/CARTUCHERAS;8119,1
7799070001163;CANOPLA TALBOT CLASSICS RECTANGULAR GOLD 1 CIERRE;CANOPLAS/CARTUCHERAS;8119,1
7799070002146;canopla 2 CIERRES LLAMA QUEEN TALBOT;CANOPLAS/CARTUCHERAS;3351,7
7799070002542;CANOPLA TALBOT DESPLEGABLE 3 CIERRES BABY ANIMALS;CANOPLAS/CARTUCHERAS;2734,6
7799070002665;CANOPLA TALBOT NEOPRENE MERMAID 1 CIERRE;CANOPLAS/CARTUCHERAS;1960,2
7799070002719;CANOPLA TALBOT PU PRINTING DREAM CREATE 1 CIERRE 002078;CANOPLAS/CARTUCHERAS;11398,2
7799070004782;CANOPLA DOODLES SOBRE TRENDY;CANOPLAS/CARTUCHERAS;9546,9
7799070004799;CANOPLA GLITTER  TALBOT SOBRE;CANOPLAS/CARTUCHERAS;9546,9
7799070004935;CANOPLA TALBOT ZIPPI ALIEN 1 CIERRE;CANOPLAS/CARTUCHERAS;7719,8
7799070004942;CANOPLA TALBOT ZIPPI DONT TOUCH 1 CIERRE;CANOPLAS/CARTUCHERAS;2710,4
7799070004973;CANOPLA AFRIXCA;CANOPLAS/CARTUCHERAS;2988,7
7799070005000;CARTUCHERA TALBOT ROCK ROLL;CANOPLAS/CARTUCHERAS;8542,6
7799070005253;CARTUCHERA TALBOT FLORES DOS CIERRES;CANOPLAS/CARTUCHERAS;10224,5
7799070005307;CANOPLA BIG POCKET SHARK;CANOPLAS/CARTUCHERAS;13757,7
7799070005314;CANOPLA TALBOT CANVAS CON ARO FLOWER BURST;CANOPLAS/CARTUCHERAS;8397,4
7799070005338;CANOPLA C AROS STAY WILD;CANOPLAS/CARTUCHERAS;8397,4
7799070005345;CANOPLA PANDA CON AROS;CANOPLAS/CARTUCHERAS;8397,4
7799070005420;CANOPLA TALBOT DESPLEGABLE 3 CIERRES SHARK TANK;CANOPLAS/CARTUCHERAS;3061,3
7799070005468;CANOPLA NEOPRENE PALTA PARTY 1 CIERRE;CANOPLAS/CARTUCHERAS;7550,4
7799070005482;CANOPLA RAINBOW;CANOPLAS/CARTUCHERAS;1899,7
7799070005543;CANOPLA TALBOT PU PRINTING 1 CIERRE;CANOPLAS/CARTUCHERAS;9062,9
7799070005550;CANOPLA TALBOT POUCH  1 CIERRE;CANOPLAS/CARTUCHERAS;11398,2
7799070005635;CANOPLA DREAM;CANOPLAS/CARTUCHERAS;9692,1
7799070005680;CANOPLA TALBOT SOBRE VYNIL SAY YES TO NEW ADVENTURES;CANOPLAS/CARTUCHERAS;9546,9
7799070005789;CANOPLA TALBOT PU PRINTING FREE SPIRIT 1 CIERRE;CANOPLAS/CARTUCHERAS;2190,1
7799070005864;CANOPLA TALBOT ZIPPI VERDE 1 CIERRE;CANOPLAS/CARTUCHERAS;6993,8
7799070005871;"CANOPLA TALBOT
ZIPPI ROSA PASTEL 1 CIERRE";CANOPLAS/CARTUCHERAS;1996,5
7799070005925;CANOPLA TALBOT HOLO OVAL SUMMER VIBES 1 CIERRE;CANOPLAS/CARTUCHERAS;10950,5
7799070012473;CANOPLA TALBOT CLASSICS LISA AZUL 2 CIERRES;CANOPLAS/CARTUCHERAS;16800
7799070012497;CANOPLA TALBOT CLASSICS LISA GRIS 2 CIERRES;CANOPLAS/CARTUCHERAS;16800
7799070012503;CANOPLA TALBOT CLASSICS LISA AMARILLA  2 CIERRES;CANOPLAS/CARTUCHERAS;16800
7799070012510;CANOPLA TALBOT CLASSICS LISA NEGRA 2 CIERRES;CANOPLAS/CARTUCHERAS;16800
7799070012527;CANOPLA TALBOT CLASSICS LISA PETROL 2 CIERRES;CANOPLAS/CARTUCHERAS;16800
7799070012534;CANOPLA TALBOT CLASSICS LISA ROJA 2 CIERRES;CANOPLAS/CARTUCHERAS;16800
7799070012541;CCANOPLA TALBOT CLASSICS LISA VERDE MILITAR 2 CIERRES;CANOPLAS/CARTUCHERAS;7586,7
7799070012787;CANOPLA TALBOT WANDERLUST LISA BLANCO NAT 3 CIERRES;CANOPLAS/CARTUCHERAS;16601,2
7799070012794;CANOPLA TALBOT WANDERLUST LISA LILA 3 CIERRES;CANOPLAS/CARTUCHERAS;16601,2
7799070012862;CANOPLA WANDERLUST;CANOPLAS/CARTUCHERAS;13769,8
7799070012879;TALBOT WANDERLUST FLORES;CANOPLAS/CARTUCHERAS;13769,8
7799070012886;CANOPLA TALBOT WANDERLUST ESTAMPADA TIGRE 3 CIERRES;CANOPLAS/CARTUCHERAS;18101,6
7799070012893;CANOPLA TALBOT WANDERLUST ESTAMPADA OSCURA 3 CIERRES;CANOPLAS/CARTUCHERAS;18101,6
7799070012916;TALBOT WANDERLUST TETRIS;CANOPLAS/CARTUCHERAS;13769,8
7799070012930;CANOPLA TALBOT WANDERLUST ESTAMPADA CAMUFLAJE 3 CIERRES;CANOPLAS/CARTUCHERAS;18101,6
7799070012947;CANOPLA TALBOT WANDERLUST ESTAMPADO SKA 3 CIERRES;CANOPLAS/CARTUCHERAS;18100
7799070012954;CANOPLA TALBOT WANDERLUST ESTAMPADA MAPS 3 CIERRES;CANOPLAS/CARTUCHERAS;18101,6
7799070013562;CANOPLA BOXY TALBOT;CANOPLAS/CARTUCHERAS;5520
7799070013654;CANOPLA TALBOPT CASE VIOLETA;CANOPLAS/CARTUCHERAS;16746,4
7799070013722;CANOPLA TALBOT GLITTER KITTEN 2 CIERRES;CANOPLAS/CARTUCHERAS;9534,8
7799070013753;CANOPLA BOB NEVER GIVE UP;CANOPLAS/CARTUCHERAS;8040
7799070013791;CANOPLA BOB MAGIC IS IN YOU;CANOPLAS/CARTUCHERAS;8040
7799070013890;CANOPLA TALBOT 1 PISO EVA 3D CHANGE THE WORLD;CANOPLAS/CARTUCHERAS;21598,5
7799070013968;CANOPLA TALBOT DOS CIERRES GATO ESPACIO;CANOPLAS/CARTUCHERAS;12450,9
7799070013975;CANOPLA TALBOT TRES CIERRES SPACE;CANOPLAS/CARTUCHERAS;15149,2
7799070014187;CANOPLA TALBOT DESPLEGABLE GIRL VIBES;CANOPLAS/CARTUCHERAS;15149,2
7799070014200;CANOPLA TALBOT DESPLEGABLE SPACE;CANOPLAS/CARTUCHERAS;15149,2
7799070014231;CANOPLA TALBOT DESPLEGABLE MONSTER;CANOPLAS/CARTUCHERAS;15149,2
7799070014286;CANOPLA TALBOT TRES CIERRES GREEN SMILEY;CANOPLAS/CARTUCHERAS;12450,9
7799070014392;CANOPLA TALBOT NO FEAR 1 CIERRE;CANOPLAS/CARTUCHERAS;7368,9
7799070015672;CANOPLA TALBOT CLASSICS LISA BORDO 2 CIERRES;CANOPLAS/CARTUCHERAS;16800
7799070015719;CANOPLA TALBOT CLASSICS LISA VERDE AGUA 2 CIERRES;CANOPLAS/CARTUCHERAS;16800
7799070015849;CANOPLA TALBOT LIFESTYLE LISA AZUL FRANCIA 2 CIERRES;CANOPLAS/CARTUCHERAS;16800,3
7799070015856;CANOPLA TALBOT LIFESTYLE LISA AZUL 2 CIERRES;CANOPLAS/CARTUCHERAS;16800,3
7799070015863;CANOPLA TALBOT LIFESTYLE LISA GRIS 2 CIERRES;CANOPLAS/CARTUCHERAS;16800,3
7799070015870;CANOPLA TALBOT LIFESTYLE LISA FUCSIA 2 CIERRES;CANOPLAS/CARTUCHERAS;16800,3
7799070015900;CANOPLA TALBOT LIFESTYLE LISA LILA 2 CIERRES;CANOPLAS/CARTUCHERAS;16800,3
7799070015931;CANOPLA TALBOT LIFESTYLE LISA VERDE 2 CIERRES;CANOPLAS/CARTUCHERAS;16800,3
7799070015955;CANOPLA TALBOT LIFESTYLE ESTAMPAS VARIAS;CANOPLAS/CARTUCHERAS;16800,3
7799070015962;CANOPLA TALBOT LIFESTYLE ESTAMPAS VARIAS;CANOPLAS/CARTUCHERAS;16800,3
7799070015993;CANOPLA TALBOT LIFESTYLE ESTAMPAS VARIAS;CANOPLAS/CARTUCHERAS;16800,3
7799070017317;CANOPLA TALBOT 3 PISOS  GLITTER 017348;CANOPLAS/CARTUCHERAS;15149,2
7799070017423;CANOPLA TALBOT 3 PISOS SUPER TEENS TODO VA A ESTAR BIEN;CANOPLAS/CARTUCHERAS;19239
7799133000027;CANOPLA MOOVING DE 1 PISO TEXTIL DRAGON BALL;CANOPLAS/CARTUCHERAS;25894
7799133000058;CANOPLA MOOVING DE 2 PISOS TEXTIL DRAGON BALL;CANOPLAS/CARTUCHERAS;26220,7
7799133000065;CANOPLA MOOVING DE 2 PISOS TEXTIL HARRY POTTER;CANOPLAS/CARTUCHERAS;26039,2
7799133000119;CANOPLA MOOVING BOX HARRY POTTER;CANOPLAS/CARTUCHERAS;26571,6
7799133000133;CANOPLA MOOVING BOX PLAYSTATION;CANOPLAS/CARTUCHERAS;26571,6
7799133000218;CANOPLA MOOVING DOBLE EVA PLAYSTATION;CANOPLAS/CARTUCHERAS;44419,1
7799133000232;Cartuchera Tubo Pusheen;CANOPLAS/CARTUCHERAS;21743,7
7799133000249;Cartuchera Tubo Pastel;CANOPLAS/CARTUCHERAS;5311,9
7799133000256;Cartuchera Tubo PlayStation;CANOPLAS/CARTUCHERAS;5311,9
7799133000270;Cartuchera Tubo Wonder Woman;CANOPLAS/CARTUCHERAS;5311,9
7799133000317;CANOPLA MOOVING EVA HARRY POTTE;CANOPLAS/CARTUCHERAS;41067,4
7799133000409;Cartuchera Rectangular Diamond;CANOPLAS/CARTUCHERAS;8385,3
7799133000423;Cartuchera Rectangular 47 Street;CANOPLAS/CARTUCHERAS;4489,1
7799133000461;Cartuchera Spark Pastel;CANOPLAS/CARTUCHERAS;6413
7799133000478;Cartuchera Spark Chic;CANOPLAS/CARTUCHERAS;6413
7799133000492;CANOPLA MOOVING ESTUCHE TREND HARRY POTTER;CANOPLAS/CARTUCHERAS;35307,8
7799133001796;Cartuchera Rectangular Simones+Bob;CANOPLAS/CARTUCHERAS;4936,8
7799133003028;Cartuchera Spark Magnifique;CANOPLAS/CARTUCHERAS;6413
779913300539;CANOPLA MOOVING ESTUCHE TREND PUSHEEN;CANOPLAS/CARTUCHERAS;40014,7
7799133008474;CANOPLA MOOVING DE 1 PISO TEXTIL AFA;CANOPLAS/CARTUCHERAS;25894
7799133008481;CANOPLA MOOVING DE 2 PISOS TEXTIL AFA;CANOPLAS/CARTUCHERAS;26220,7
7799133008603;CANOPLA MOOVING DOBLE EVA PUSHEEN;CANOPLAS/CARTUCHERAS;44419,1
7799133008641;CANOPLA MOOVING DOBLE EVA AFA;CANOPLAS/CARTUCHERAS;44419,1
7799133008733;CANOPLA MOOVING ESTUCHE RECTANGULAR HARRY POTTER;CANOPLAS/CARTUCHERAS;22143
7799133008757;CANOPLA MOOVING ESTUCHE RECTANGULAR LOONEY TUNES;CANOPLAS/CARTUCHERAS;22143
7799133008764;CANOPLA MOOVING ESTUCHE RECTANGULAR RAINBOW FUN;CANOPLAS/CARTUCHERAS;22143
7799133008849;CANOPLA MOOVING ESTUCHE TREND GLITTER;CANOPLAS/CARTUCHERAS;35307,8
7799133008870;CANOPLA MOOVING ESTUCHE TREND RAINBOW FUN;CANOPLAS/CARTUCHERAS;40014,7
7799133008887;CANOPLA MOOVING ESTUCHE TREND REFLEX;CANOPLAS/CARTUCHERAS;35307,8
7799133011054;CANOPLA MOOVING JURASSIC WORLD 1 PISO;CANOPLAS/CARTUCHERAS;18319,4
7799133011061;CANOPLA MOOVING DE 2 PISOS TEXTIL JURASSIC WORLD;CANOPLAS/CARTUCHERAS;26220,7
7799133011085;CANOPLA MOOVING BOX CHIC;CANOPLAS/CARTUCHERAS;26571,6
7799133011092;CANOPLA MOOVING BOX LOONEY TUNES;CANOPLAS/CARTUCHERAS;26571,6
7799133011139;CARTUCHERA LOONEY TUNES  OPEN;CANOPLAS/CARTUCHERAS;17520,8
7799133013102;CANOPLA MOOVING ESTUCHE RECTANGULAR SNOOPY;CANOPLAS/CARTUCHERAS;22143
7799133013119;CANOPLA MOOVING ESTUCHE TREND SNOOPY;CANOPLAS/CARTUCHERAS;40014,7
7799133013126;CANOPLA MOOVING TUBO  SNOOPY;CANOPLAS/CARTUCHERAS;16480,2
7799133013614;CANOPLA MOOVING DE 1 PISO TEXTIL NARUTO;CANOPLAS/CARTUCHERAS;25894
7799133013676;CANOPLA MOOVING BOX MERLINA;CANOPLAS/CARTUCHERAS;26571,6
7799133013683;CANOPLA MOOVING BOX SIMPSONS;CANOPLAS/CARTUCHERAS;26571,6
7799133013690;CANOPLA MOOVING BOX SIMPSONS;CANOPLAS/CARTUCHERAS;26571,6
7799133013782;CANOPLA MOOVING DOBLE EVA STITCH;CANOPLAS/CARTUCHERAS;44419,1
7799133013911;CANOPLA MOOVING ESTUCHE RECTANGULAR MERLINA;CANOPLAS/CARTUCHERAS;22143
7799133013959;CANOPLA MOOVING ESTUCHE RECTANGULAR STRANGER THINGS;CANOPLAS/CARTUCHERAS;22143
7799133013973;CANOPLA MOOVING ESTUCHE TREND SIMPSONS;CANOPLAS/CARTUCHERAS;40014,7
7799133014048;CANOPLA MOOVING TUBO STRANGER THINGS;CANOPLAS/CARTUCHERAS;16480,2
7799133016363;CANOPLA MOOVING DE 2 PISOS TEXTIL QUITAPESARES;CANOPLAS/CARTUCHERAS;26220,7
7799133016479;CANOPLA MOOVING ESTUCHE TREND CUTE;CANOPLAS/CARTUCHERAS;40014,7
7799133017017;CANOPLA MOOVING TUBO AFA;CANOPLAS/CARTUCHERAS;16698
85213693;CANOPLA GOLD 3 EN 1 METALIZADA PLATA;CANOPLAS/CARTUCHERAS;16601,2
85213700;CANOPLA GOLD 3 EN 1 METALIZADO ORO;CANOPLAS/CARTUCHERAS;8094,9
85213719;CANOPLA GOLD TUBO MEDIANO CORDURA NEGRA;CANOPLAS/CARTUCHERAS;3146
85213732;CANOPLA GOLD TUBO CHICO CORDURA NEGRA;CANOPLAS/CARTUCHERAS;3460,6
852137321;CANOPLA GOLD TUBO MEDIANO CORDURA NEGRA;CANOPLAS/CARTUCHERAS;2395,8
898515300049;CANOPLA SPACE;CANOPLAS/CARTUCHERAS;6437,2
898515300247;CARTUCHERA CON DIBUJOS;CANOPLAS/CARTUCHERAS;5082
898515300803;CARTUCHERA TELA SMAPII PENCASE - CLOUD HAPPY DAY;CANOPLAS/CARTUCHERAS;6824,4
898525102015;CANOPLA COSMETICO C LUNARES;CANOPLAS/CARTUCHERAS;6594,5
92626372418;CANOPLA ZOMBIES INFECTION;CANOPLAS/CARTUCHERAS;3496,9
92626397138;CARTUCHERA NEOPRENE TUBO SIMONES ART.SI036/037;CANOPLAS/CARTUCHERAS;3714,7
92626397169;CANOPLA CRESKO SIMONES TUBO;CANOPLAS/CARTUCHERAS;2468,4
92626493069;CANOPLA AVENGERS METAL 1 PISO;CANOPLAS/CARTUCHERAS;2468,4
92626497098;CANOPLA 2 PISOS SPIDERMAN EVA FACE;CANOPLAS/CARTUCHERAS;4525,4
92626505878;CANOPLA LENTICULAR 2 PISOS AVENGERS ART.SP776/750;CANOPLAS/CARTUCHERAS;6582,4
9336672421999;CARTUCHERA DE TELA ESTRELLAS;CANOPLAS/CARTUCHERAS;1766,6
9902288;NECESSAIRE MATELASSE AQUA WATERMELON;CANOPLAS/CARTUCHERAS;6776
9902496.0;NECESER CORDURA WATERMELON V MODELOS;CANOPLAS/CARTUCHERAS;13900
991807126;CANOPLA CHATA SURTIDA;CANOPLAS/CARTUCHERAS;1064,8
9990009295341;CANOPLA FW CLASICA OVAL C LAZO;CANOPLAS/CARTUCHERAS;7247,9
9v19care;CANOPLA VAYATE NUBE TUBI ESTAMPADA;CANOPLAS/CARTUCHERAS;4174,5
9v21czom;CANOPLA VAYATE NUBE 2 PISOS ZOMBIE;CANOPLAS/CARTUCHERAS;6497,7
000215;CARPETA 3 SOLAPAS C/ELAST. KRAFT PLASTIFICADA 33X50;CARPETAS ESCOLARES;1391,5
0643131468747;CARPETA UTIL-OFCARATULA OFICIO VARIOS COLORES OSIPEL (68730);CARPETAS ESCOLARES;726
1994;CONSTITUCIÓN NACIONAL;CARPETAS ESCOLARES;1066,8
2019071240046;CARPETA 3 SOL.C/ELAST. THE PEL  CARTOPEL VARIOS MODELOS;CARPETAS ESCOLARES;3472,7
579948;CARPETA FIBRA NEGRA ESCOLAR Nº 3;CARPETAS ESCOLARES;1585,1
580337;ARO METALICO EZCO DE 45 MM;CARPETAS ESCOLARES;217,8
580341;ARO METALICO EZCO DE 35MM;CARPETAS ESCOLARES;250
580620;CARPETA P DIBUJO JR. S/PRESPHAN 35X50 C/ ELASTICO;CARPETAS ESCOLARES;1258,4
580926;CARPETA  C ELASTICO ARGENTINA CAMPEONES DEL MUNDO;CARPETAS ESCOLARES;943,8
581065;CARPETA 3 SOLAPAS C/ELASTICO KRAFT OFICIO PAPERLAND;CARPETAS ESCOLARES;2500
6912052010002;ARO METALICO EZCO 50 MM MULTICOLOR;CARPETAS ESCOLARES;520,3
6913199712811;CARPETA THE PEL OFICIO LOMO ANGOSTO;CARPETAS ESCOLARES;3484,8
6913199713207;CARPETA 3X40 PVC NEGRO;CARPETAS ESCOLARES;2371,6
6913199714020;CARPETA N5 2 TAPAS;CARPETAS ESCOLARES;3650
6913199714228;CARPETA N5 2 TAPAS TRANSPARENTE OFICIO THE PEL;CARPETAS ESCOLARES;3770,47
6913199714358;CARPETA N6 TRANSPARENTE 2 TAPAS APAISADA;CARPETAS ESCOLARES;4622,2
6920583879159;CARPETA LAMA ESCOLAR N° 3 PP DOS TAPAS VARIOS COLORES;CARPETAS ESCOLARES;2504,7
6920583879715;CARPETA LAMA 3 SOLAPAS C/ELASTICO A4 OPACA PASTEL;CARPETAS ESCOLARES;2286,9
6920583879722;CCARPETA TRAMA/AVIOS IMPO 3 SOLAPAS PP C/ELASTICO OFICIO V/COLORES;CARPETAS ESCOLARES;2795,1
6920583879753;CARPETA LAMA ESCOLAR DOS TAPAS A4 PP 6920583892493;CARPETAS ESCOLARES;3900
6934274153848;SOBRE CON ABROJO PARA CARPETA A4 FW COLOR;CARPETAS ESCOLARES;2904
6937449041483;CARPETA PLASTICA S LOMO C ELASTICO THE PEL YM414S FC VIOLETA;CARPETAS ESCOLARES;4400
6937449120126;CARPETA THE PEL T/ A4 20 FOLIOS PASTEL;CARPETAS ESCOLARES;2964,5
6937449140117;CARPETA THE PEL T/ A4 40 FOLIOS PASTEL;CARPETAS ESCOLARES;3375,9
6937449811079;CARPETA 3/40 PVC PP COVER;CARPETAS ESCOLARES;1488,3
6937449811505;CARPETA PLASTICA S LOMO C ELASTICO THE PEL YM414S FC AZUL;CARPETAS ESCOLARES;4400
6937449811512;CARPETA PLASTICA S LOMO C ELASTICO THE PEL TRANSLUCIDA;CARPETAS ESCOLARES;1875,5
6937449811529;CARPETA PLASTICA S LOMO C ELASTICO THE PEL YM414S FC NEGRA;CARPETAS ESCOLARES;4400
6937449811536;CARPETA PLASTICA S LOMO C ELASTICO THE PEL YM414S FC ROJA;CARPETAS ESCOLARES;4400
6937449811543;CARPETA PLASTICA S LOMO C ELASTICO THE PEL YM414S FC VERDE;CARPETAS ESCOLARES;4400
6937449811550;CARPETA PLASTICA S LOMO C ELASTICO THE PEL YM414S FC AMARILLA;CARPETAS ESCOLARES;4400
6937449811567;CARPETA PLASTICA S LOMO C ELASTICO THE PEL YM414S FC NARANJA;CARPETAS ESCOLARES;4400
6937449812106;CARPETA 3 SOLAPAS C/ELAST TONALIZADA;CARPETAS ESCOLARES;7700
6937449812137;CARPETA DE PEL 3 SOLAPAS 35X50;CARPETAS ESCOLARES;6074,2
6937449883175;CARPETA 3SOL C/ELASTICO A3 YM414S A3-;CARPETAS ESCOLARES;7700
6937449883526;CARPETA THE PEL 40 FOLIOS;CARPETAS ESCOLARES;1984,4
7790099899724;CARPETA CARTONE 3/40 NERF;CARPETAS ESCOLARES;3360
7792216004776;CARPETA 3/40 C/REPUESTO 96 RAY + 48 CUAD. RIVADAVIA;CARPETAS ESCOLARES;6860,7
7792216047629;CARPETA 3 SOLAPAS C/ELASTICO KRAFT OFICIO CONGRESO  7792216046813;CARPETAS ESCOLARES;2190,1
7798032577869;CARPETA Nº3 C/CORDON EXTRAÑO MUNDO DE JACK;CARPETAS ESCOLARES;229,9
7798152343009;CARPETA A 4 POLIPROP.;CARPETAS ESCOLARES;1246,3
7798152343146;CARPETA FIBRA NEGRA A4 2 TAPAS;CARPETAS ESCOLARES;3230,7
7798152345577;CARPETA Nº5 DOS TAPAS ENTELADA RIDEO;CARPETAS ESCOLARES;2178
7798180881160;CARPETA AVIOS 3 SOLAPAS C/ELAST. PLASTIF. MARRON 35 X 50;CARPETAS ESCOLARES;2916,1
77981808811804;CARPETA AVIOS 3 SOLAPAS C/ELAST. PLASTIF. 35 X 50 V/COLORES;CARPETAS ESCOLARES;3496,9
7798180881580;CARPETA 3/40 PVC  TONALIZADA AVIOS;CARPETAS ESCOLARES;3254,9
7798180882693;CARPETA AVIOS IMPO 3 SOLAPAS PP C/ELASTICO A4 VARIOS COLORES;CARPETAS ESCOLARES;2867,7
7798180882761;CARPETA TRAMA ESCOLAR N° 3 PP DOS TAPAS VARIOS COLORES;CARPETAS ESCOLARES;2800
7798180884000;CARPETA AVIOS 3 SOLAPAS C/ELAST. PLASTIF. OFICIO PASTEL V/COLORES;CARPETAS ESCOLARES;2020,7
7798180884840;CAJA C ELASTICO POLP OFICIO 5CM PASTEL;CARPETAS ESCOLARES;847
7798218750055;CARPETA DOS TAPAS N3 PUNTO CERO PLUMAS;CARPETAS ESCOLARES;6000
7798218753810;CARPETA DOS TAPAS PUNTO CERO Nº3;CARPETAS ESCOLARES;4005,1
7798218755043;CARPETA 3X40MM PUNTO CERO CORAZON;CARPETAS ESCOLARES;4010
7798280732416;CARPETA ESCOLAR 3 ANILLOS 3X40 CHIMOLA´S KINGDOM;CARPETAS ESCOLARES;5868,5
7798280736483;CARPETA INKDROP 3 SOLAPAS OFICIO MIX A PASTEL GOLD (566716);CARPETAS ESCOLARES;3472,7
7798307621822;CARPETA TRAMA 3 SOLAPAS C/ELASTICO A4 PP TONALIZADA V/COLORES;CARPETAS ESCOLARES;2637,8
7798307622225;CARPETA TRAMA A4 2 X 40 MM. PP PASTEL V/COLORES 7798307623406;CARPETAS ESCOLARES;5800
7798307623130;CARPETA TRAMA ESCOLAR 3 X 40 MM PP VARIOS COLORES;CARPETAS ESCOLARES;4101,9
7798307623482;CARPETA TRAMA ESCOLAR N3 PP;CARPETAS ESCOLARES;2178
7798307623604;CARPETA TRAMA ESCOLAR Nº 5 PP PASTEL;CARPETAS ESCOLARES;4380,2
7798307623628;CARPETA TRAMA ESCOLAR Nº 5 PP VARIOS COLORES;CARPETAS ESCOLARES;3400,1
7798307623772;CARPETA TRAMA 3 SOLAPAS C/ELASTICO OFICIO PP AZUL;CARPETAS ESCOLARES;2899,99
7798307623789;CARPETA TRAMA 3 SOLAPAS C/ELASTICO OFICIO PP ROJO;CARPETAS ESCOLARES;2899,99
7798307623796;CARPETA TRAMA 3 SOLAPAS C/ELASTICO OFICIO PP VERDE;CARPETAS ESCOLARES;2894,74
7798307623833;CARPETA TRAMA 3 SOLAPAS C/ELASTICO OFICIO PP TONALIZADA V/COLORES;CARPETAS ESCOLARES;2734,6
7798336396210;CARPETA 3 SOLAPAS ROSARIO CENTRAL;CARPETAS ESCOLARES;4126,1
7798337962834;CARPETA 3X40 LIBESA ONIX NATURE;CARPETAS ESCOLARES;1875,5
7798350787469;CARPETA ESCOLAR ARGENTINA 3X40;CARPETAS ESCOLARES;4029,3
7798367896338;CARPETA PPR (BIG pocket) Nº 5 CARTONE VARIOS MODELOS;CARPETAS ESCOLARES;10514,9
7798367896345;CARPETA PPR (BIG pocket) Nº 3 CARTONE VARIOS MODELOS;CARPETAS ESCOLARES;9353,3
7798367897892;CARPETA PPR 2 X 40 MM. AVENGERS HISTORIETAS;CARPETAS ESCOLARES;4343,9
7798371101220;CARPETA INKDROP Nº 3 CARTONE VARIOS MODELOS;CARPETAS ESCOLARES;5517,6
7798371101312;CARPETA INKDROP Nº 5 CARTONE VARIOS MODELOS;CARPETAS ESCOLARES;5868,5
7798371101947;CARPETA INKDROP Nº 3  3 X 40 VARIOS MODELOS;CARPETAS ESCOLARES;9220,2
7798412580151;CARPETA N°3 3X40 TRIPULANTE V/MODELOS;CARPETAS ESCOLARES;10903,5
7798412580595;CARPETA TRIPULANTE ESCOLAR N°5 DOS TAPAS V/MODELOS;CARPETAS ESCOLARES;10508,1
7798412580953;CARPETA 3 SOLAPAS OFICIO C/ELASTICO TRIPULANTE V/MODELOS;CARPETAS ESCOLARES;5930,69
7799133001024;CARPETA ESCOLAR MOOVING 3 X 40 MM. V/MODELOS;CARPETAS ESCOLARES;12971,2
7799133002298;CARPETA MOOVING A4 2 X 40 MM. VARIOS MODELOS;CARPETAS ESCOLARES;14144,9
7799133013515;CARPETA MOOVING  Nº 5 CARTONE VARIOS MODELOS;CARPETAS ESCOLARES;7453,6
7799133013829;CARPETA MOOVING  Nº 3 CARTONE VARIOS MODELOS;CARPETAS ESCOLARES;8457,9
7799133017391;CARPETA MOOVING 3 SOLAPAS OFICIO C/ELAST. VARIOS MODELOS;CARPETAS ESCOLARES;7247,9
7799165000729;CARPETA N 3 C/CORDON CARTONE JUST COOL;CARPETAS ESCOLARES;6679,2
7799165001290;CARPETA N 3 C/CORDON CARTONE NATURAL;CARPETAS ESCOLARES;6679,2
7799990320009;CARPETA N5 FW CARTONE C CORDON MINIONS;CARPETAS ESCOLARES;9413,8
7799990330008;CARPETA N5 FW C CORDON MI LITTLE PONY;CARPETAS ESCOLARES;7526,2
7799990350006;CARPETA N5 FW CARTONE C CORDON TRANSFORMERS;CARPETAS ESCOLARES;9413,8
7799990430012;CARPETA ESCOLAR N3 MY LITTLE PONY FW;CARPETAS ESCOLARES;6122,6
7799990960014;CARPETA 3 SOL C ELASTICO FW VARIOS MODELOS;CARPETAS ESCOLARES;6594,5
7807265026355;CARPETA N 5 C/CORDON CARTONE LOS AMAM APAIS.;CARPETAS ESCOLARES;5541,8
8851907610159;CARPETA 3/40 PVC ESCOLAR PASTEL;CARPETAS ESCOLARES;7235,8
8851907620592;CARPETA 3/40 CARTONE FORRADA NEGRA;CARPETAS ESCOLARES;2371,6
8985168672462;CARPETA ELASTICO A4 C DISEÑO V MODELOS;CARPETAS ESCOLARES;3900
9555078914939;ARO METALICO EZCO DE 40 MM.;CARPETAS ESCOLARES;300
9555078914946;ARO METALICO EZCO DE 50 MM.;CARPETAS ESCOLARES;350
9555078914953;ARO METALICO EZCO DE 60 MM.;CARPETAS ESCOLARES;400
9555078914984;ARO METALICO EZCO DE 70 MM.;CARPETAS ESCOLARES;650
9789875122505;CONSTITUCIÓN ARGENTINA;CARPETAS ESCOLARES;2700
1019833336445;CARPETA 10 FOLIOS A4;CARPETAS PRESENTACION;4300
1191233111119;SOBRE PVC C/BOTON AREA CERO T/A4 C/BOLSILLO TRASERO;CARPETAS PRESENTACION;1700
193310;SOBRE FC C ELASTICO PLAST.;CARPETAS PRESENTACION;1016,4
424651;CARPETA APE COLGANTE DE CARTULINA VENTANA FIJA 5 POSIC. APE;CARPETAS PRESENTACION;2100
42849;SOBRE SHANTILOVE 21X27 CON CIERRE ZIP;CARPETAS PRESENTACION;1524,6
579695;CARPETA G-A PRESENTACION A4  3 SOL VERDE;CARPETAS PRESENTACION;810,7
580526;CARPETA LAMA OFFICE CLIP LATERAL OFICIO;CARPETAS PRESENTACION;1900
580527;CARPERA LAMA OFFICE CLIP LATERAL A4;CARPETAS PRESENTACION;1500
582762;CARPETA 4 YOU L A4 TRANSPARENTE;CARPETAS PRESENTACION;588,36
6913199712989;CARPETA A4 THE PEL FORRADA AZUL 2 X 2MM;CARPETAS PRESENTACION;2916,1
6920583878022;SOBRE LAMA/TRAMA A4 C/BOTON BOLSILLO BICOLOR VARIOS COLORES;CARPETAS PRESENTACION;1800
6920583878039;SOBRE L OFFICE A5 C/BOTTON DOBLE;CARPETAS PRESENTACION;810,7
6920583878046;CARPETA LAMA C/CLIP DESLIZABLE A4 (E18);CARPETAS PRESENTACION;653,4
6920583878800;CARPETA LAMA C/CLIP DESLIZABLE OFICIO (E19F);CARPETAS PRESENTACION;713,9
6920583878909;SOBRE PVC LAMA C BOTON Y BOLSILLO OF INGLES CH318B6;CARPETAS PRESENTACION;1318,9
6921180370179 6937449883229;CARPETA C/ 20 FOLIOS A4;CARPETAS PRESENTACION;4900
6921734955067;SBORE DELI BICOLOR A4 C/BOTON COLORES PASTEL;CARPETAS PRESENTACION;1185,8
6923794403502;CARPETA LAMA TAPA CRISTAL OFICIO;CARPETAS PRESENTACION;326,7
6923794407111;CARPETA NEGRA BROCHE KISMET;CARPETAS PRESENTACION;1573
6923794409405;CARPETA LAMA T DURA A4 40 FOLIOS;CARPETAS PRESENTACION;2940,3
6923794410203;CARPETA C/ 20 FOLIOS A4 LAMA;CARPETAS PRESENTACION;4900
6923794417110;CARPETA LAMA PLASTICA KISMET OFICIO (711FC);CARPETAS PRESENTACION;992,2
6923794443188;SOBRE PVC C BOTON LAMA A4 C BOLSILLO;CARPETAS PRESENTACION;1700
6923794453187;SOBRE LAMA/TRAMA A5 C/BOTON BOLSILLO BICOLOR VARIOS COLORES;CARPETAS PRESENTACION;1800
6926662303102;CARPETA C/VAINA A4 TRANSPARENTE 6937449750330;CARPETAS PRESENTACION;851,93
6926662304102;CARPETA 4YOU C/VAINA;CARPETAS PRESENTACION;850
6926662384033 7798194552049;CLASIFICADOR 4YOU OFICIO 12 DIVISIONES NEGRO;CARPETAS PRESENTACION;8200
6934274100910;CLASIFICADOR THE PEL12 DIVISIONES METALIZADO;CARPETAS PRESENTACION;11579,7
6934274133468;CARPETA FW T/A4 CON 4 FOLIOS EN L 4098;CARPETAS PRESENTACION;2407,9
6934274151332;SOBRE A4 FW PASTEL C BOLSILLO;CARPETAS PRESENTACION;1331
6934274154838;SOBRE PVC C/BOTON FW T/A5 VERTICAL;CARPETAS PRESENTACION;350,9
6934274171460;SOBRE THE PEL A4 TIPO FOLIO CON ABROJO;CARPETAS PRESENTACION;3700
6937449212135;CLASIFICADOR  12 DIVISIONES A4 C ELASTICO PASTEL 6937449212111 6937449212098;CARPETAS PRESENTACION;7382,77
6937449621227;CLASIFICADOR 12 DIVISIONES OFICIO YM212F-2;CARPETAS PRESENTACION;11500
6937449811093;CARPETA THE PEL COLGANTE PLASTICA OFICIO AZUL OSCURO;CARPETAS PRESENTACION;3778,3
6937449811437;CLASIFICADOR THE PELL A4 12 DIVISIONES NEGRO;CARPETAS PRESENTACION;6950
6937449811642;SOBRE THE PEL CON BOTON CELESTE;CARPETAS PRESENTACION;1800
6937449811659;SOBRE THE PEL CON BOTON ROSA;CARPETAS PRESENTACION;1800
6937449823027;CARPETA C/30 FOLIOS OFICIO;CARPETAS PRESENTACION;5900
6937449850719;CARPETA L OFICIO TRANSPARENTE THE PEL;CARPETAS PRESENTACION;850
6937449883366;CARPETA TRAMA CRISTAL OFICIO;CARPETAS PRESENTACION;1300
6937449883489;CARPETA C/ 10 FOLIOS OFICIO 1029833336222;CARPETAS PRESENTACION;4900
6937449883502;CARPETA C/20 FOLIOS OFICIO;CARPETAS PRESENTACION;5500
6937449883533;CARPETA C/ 40 FOLIOS OFICIO;CARPETAS PRESENTACION;4719
6937449883540;CARPETA C/40 FOLIOS OFICIO;CARPETAS PRESENTACION;7018
6937449883571;CARPETA C/60 FOLIOS OFICIO 6937449888187;CARPETAS PRESENTACION;14500
6937449888163;CARPETA C/ 20 FOLIOS OFICIO 6921180368244;CARPETAS PRESENTACION;5500
6937449888361 6937449883267;CARPETA C/60 FOLIOS A4;CARPETAS PRESENTACION;9500
6941436589827;SOBRE PARA DOCUMENTOS;CARPETAS PRESENTACION;2202,2
6956244880745;SOBRE A5 ZIPP PASTEL TRANSPARENTE;CARPETAS PRESENTACION;592,9
6970807240012;SOBRE PVC OFICIO DISEÑO CON BOTON (40036);CARPETAS PRESENTACION;943,8
77777201;CARPETA COLGANTE INTERIOR 201;CARPETAS PRESENTACION;448,67
7790009980351;CLASIFICADOR FW T/A4 C BOTON 13 DIVISIONES;CARPETAS PRESENTACION;6146,8
7790009986223;CLASIFICADOR FW T/A4 CUTE 13 DIVISIONES;CARPETAS PRESENTACION;8554,7
7790009986247;CARPETA L FW CLASIFICADORA T A4 5 DIVIS 998624;CARPETAS PRESENTACION;3569,5
7790009986254;SOBRE PVC C/BOTON FW A4;CARPETAS PRESENTACION;3823,6
7790009986261;SOBRE FW MEDIO OFICIO C DISEÑO;CARPETAS PRESENTACION;1452
7792216045991;CARPETA CONGRESO DE CARTULINA CARATULA OFICIO F-55 V/COLORES CELEST;CARPETAS PRESENTACION;785,91
7792216046004;CARPETA CONGRESO DE CARTULINA CARATULA OFICIO F-55 V/COLORES VERD;CARPETAS PRESENTACION;785,91
7792216046028;CARPETA CONGRESO DE CARTULINA CARATULA OFICIO F-55 V/COLORES ROSA;CARPETAS PRESENTACION;785,91
7792216046219;CARPETA CONGRESO ESPIRAL FICHA 55 CELESTE;CARPETAS PRESENTACION;1052,7
7792216046325;CARPETA CONGRESO DE CARTULINA CARATULA A4 F-55 V/COLORES VERDE;CARPETAS PRESENTACION;786,31
7792216047612;CARPETA CONGRESO DE CARTULINA 3 SOLAPAS OFICIO F-55 V/COLORES ROSA 512097;CARPETAS PRESENTACION;1500,4
7796191003076;CARPETA APE CARATULA DE CARTULINA A4 F-55  V/COLORES;CARPETAS PRESENTACION;750,2
7796191523802;C8209  CARPETA APE VELOX DE CARTULINA F-55 OFICIO V/COLORES;CARPETAS PRESENTACION;1370,88
7796191523949;CARPETA APE  3 SOLAPAS DE  CARTULINA OFICIO F-55 V/COLORES CELEST;CARPETAS PRESENTACION;979,04
7796191523956;CARPETA APE 3 SOLAPAS DE CARTULINA OFICIO F-55 V/COLORES AMARILLA;CARPETAS PRESENTACION;979,04
7796191523970;CARPETA APE  3 SOLAPAS DE  CARTULINA OFICIO F-55 V/COLORES VERD;CARPETAS PRESENTACION;886,01
7798101061503;CARPETA BASE OPACA A4 AZUL;CARPETAS PRESENTACION;600
7798101061510;CARPETA BASE OPACA A4 NEGRO;CARPETAS PRESENTACION;580,8
7798101066461;CARPETA L TRANSPARENTE A4;CARPETAS PRESENTACION;700
7798180883744;CARPETA AVIOS IMPO L A4 PASTEL V/COLORES;CARPETAS PRESENTACION;229,9
7798180883829;CARPETA AVIOS IMPO L OFICIO PASTEL V/COLORES;CARPETAS PRESENTACION;290,4
7798180884260;CLASIFICADOR AVIOS IMPO 12 DIVISIONES A4 PASTEL COMBINADO V/COLORES;CARPETAS PRESENTACION;4549,6
7798194550311 6937449888019 7798194558676;CARPETA 4YOU C/10 FOLIOS A4 NEGRA;CARPETAS PRESENTACION;2900
7798194550328 7798194558683;CARPETA C/20 FOLIOS A4;CARPETAS PRESENTACION;4900
7798194550335;CARPETA C/30 FOLIOS A4 6920583832949;CARPETAS PRESENTACION;5500
7798194550342;CARPETA C/40 FOLIOS A4  6937449883236;CARPETAS PRESENTACION;6500
7798194551561;CLASIFICADOR 1846 OFICIO 4 YOU;CARPETAS PRESENTACION;5178,8
7798194552384;CLASIFICADOR CHEQUE 12 BOLSILLOS AZUL;CARPETAS PRESENTACION;3950
7798194556627;CARPETA TALBOT COLGANTE OFICIO ROJO;CARPETAS PRESENTACION;1574,46
7798252481694;CARPETA C/10 FOLIOS OFICIO BINDERPLUS COLORES;CARPETAS PRESENTACION;2008,6
7798307621846;CARPETA TRAMA 3 SOLAPAS C/ELASTICO 35 X 50 PP TONALIZADA CRISTAL;CARPETAS PRESENTACION;7066,4
7798307622294;CARPETA L A4 TRAMA;CARPETAS PRESENTACION;700
7798307622300;CARPETA L OFICIO TRANSPARENTE;CARPETAS PRESENTACION;568,7
7798307622324;CARPETA TRAMA TAPA CRISTAL OFICIO V/COLORES;CARPETAS PRESENTACION;302,5
7798307622331;CARPETA C VAINA A4 TRANSPARENTE  6923794453101;CARPETAS PRESENTACION;849,6
7798307622454;CARPETA TRAMA PLASTICA VELOX A4 NEGRO;CARPETAS PRESENTACION;4500
7798307622461;CARPETA TRAMA PLASTICA VELOX OFICIO NEGRO;CARPETAS PRESENTACION;3581,6
7798307622485;SOBRE PP A4 CON HILOS TRAMA;CARPETAS PRESENTACION;1900
7798307622492;SOBRE TRAMA OFICIO VERTICAL C/TRABA DE HILO TRANSPARENTE;CARPETAS PRESENTACION;2100
7798307622508;CARPETA TRAMA PLASTICA KISMET A4 NEGRO;CARPETAS PRESENTACION;3158,1
7798307622515;CARPETA TRAMA PLASTICA KISMET OFICIO NEGRO;CARPETAS PRESENTACION;4500
7798307623284;CARPETA TRAMA A4 2 X 40 PP CRISTAL;CARPETAS PRESENTACION;2795,1
7798307623765;CARPETA TRAMA 3 SOLAPAS C/ELASTICO OFICIO PP CRISTAL;CARPETAS PRESENTACION;2899,99
7798307623888;CARPETA TRAMA A4 CON 10 FOLIOS AZUL;CARPETAS PRESENTACION;3121,8
7798307623956;CARPETA 10 FOLIOS A4 TRAMA COLOR PASTEL;CARPETAS PRESENTACION;4300
7798307623963;CARPETA TRAMA A4 CON 20 FOLIOS NEGRA;CARPETAS PRESENTACION;4150,3
7798307624052;CARPETA TRAMA A4 CON 30 FOLIOS NEGRA;CARPETAS PRESENTACION;5469,2
7798307624137;CARPETA TRAMA A4 CON 60 FOLIOS NEGRA;CARPETAS PRESENTACION;8615,2
7798307624175;CARPETA TRAMA A4 CON 80 FOLIOS  NEGRA;CARPETAS PRESENTACION;13189
7798307624335;CARPETA TRAMA OFICIO CON 60 FOLIOS NEGRA;CARPETAS PRESENTACION;8687,8
7798307624359;CARPETA TRAMA CRISTAL A4 NEGRO;CARPETAS PRESENTACION;847
7798307624465;CARPETA TRAMA CRISTAL OFICIO 6937449887548;CARPETAS PRESENTACION;1300
7798307624500;CLASIFICADOR TRAMA 12 DIVISIONES A4 PASTEL V/COLORES;CARPETAS PRESENTACION;7550,4
7798307624540;CARPETA 20 FOLIOS A4 TRAMA COLOR PASTEL;CARPETAS PRESENTACION;3436,4
7798307624588;CLASIFICADOR TRAMA A4 12 DIVISIONES;CARPETAS PRESENTACION;3968,8
7798307624656;CLASIFICADOR TRAMA OFICIO PASTEL 12 DIVISIONES;CARPETAS PRESENTACION;10139,8
7799000074052;CARPETA L FW CLASIFICADORA T A4 5 DIVIS  7405;CARPETAS PRESENTACION;3654,2
7799000074069;CLASIFICADOR FW T/A4 9 DIVISIONES COL. PASTEL;CARPETAS PRESENTACION;6376,7
7799000074090;SOBRE PVC C/BOTON FW A5 HOLOGRAFICO;CARPETAS PRESENTACION;955,9
7799000074106;SOBRE PVC C/CIERRE ZIP FW A4 HOLOGRAFICO;CARPETAS PRESENTACION;8070,7
7799000074113;SOBRE PVC C/CIERRE ZIP FW T/A4 GOLD;CARPETAS PRESENTACION;2335,3
7799070000272;CARPETA TALBOT  COLGANTE PLASTICA OFICIO ROJO OSCURO;CARPETAS PRESENTACION;4175,02
7799070004768;TALBOT SOBRE TIGRE;CARPETAS PRESENTACION;9546,9
7799070008575;CARPETA L A4 CELESTE PASTEL;CARPETAS PRESENTACION;808,4
7799070008612;CARPETA BASE OPACA A4 PASTEL;CARPETAS PRESENTACION;617,1
7799070008636;CARPETA TALBOT A4 BASE OPACA PASTEL  V COLORES 5024 4you;CARPETAS PRESENTACION;650
7799070008650;SOBRE  TALBOT PLASTICO A4 C/BOTON PASTEL ROSA;CARPETAS PRESENTACION;907,5
7799070008681;SOBRE PLASTICO TALBOT A4 C/BOTON GLITTER;CARPETAS PRESENTACION;2129,6
7799070008742;CLASIFICADOR TALBOT A4 PASTEL V/COLORES 008711;CARPETAS PRESENTACION;2262,7
7799133012099;SOBRE MESH MOOVING HARRY POTTER CASAS A5;CARPETAS PRESENTACION;6086,3
796191004219;CARPETA   COLGANTE NEPACO OFICIO GRIS;CARPETAS PRESENTACION;2984,17
79810166485;CLASIFICADOR CHEQUE NEGRO;CARPETAS PRESENTACION;859,1
994820;SOBRE PVC OPACO OFICIO CON CIERRE LAMA;CARPETAS PRESENTACION;750,2
999777335;SOBRE PP A4 CON HILOS AVIOS;CARPETAS PRESENTACION;1900
17792971623004;CINTA ADHESIVA STIKO DOBLE FAZ 12 X 10 TRANSPAR;CINTAS ADHESIVAS;3436,4
200030224661;CINTA ADHESIVA COLOR;CINTAS ADHESIVAS;471,9
21200588075;CINTA SCOTCH 550 12X50 SCOTCH ADHESIVA 12 MM. 50 MTS.;CINTAS ADHESIVAS;288,66
540600010000.0;DOBLE FAZ SILICONA FINA CBX;CINTAS ADHESIVAS;2200
540600020000.0;DOBLE FAZ SILICONA GRUESA CBX;CINTAS ADHESIVAS;4700
5993102171677;CINTA EMOJI X4 3MTS;CINTAS ADHESIVAS;701,8
6935205303707;PORTARROLLO ESCOLAR DELI CON CINTA SUPER CLEAR;CINTAS ADHESIVAS;3073,4
77910271;CINTA ADHESIVA STIKO MAGICA 18 MM. X 30 MTS. (K71500);CINTAS ADHESIVAS;4210,8
7792971000013;CINTA P/EMBALAJE STIKO TRANSPARENTE 48 X 50 MTS.;CINTAS ADHESIVAS;4114
7792971000020;CINTA P/EMBALAJE STIKO TRANSPARENTE 48 X 100 MTS.;CINTAS ADHESIVAS;8167,38
7792971000082;CINTA DE PAPEL STIKO FLEXIBLE DE 24 MM. X 50 MTS.;CINTAS ADHESIVAS;4193
7792971000099;CINTA DE PAPEL STIKO FLEXIBLE DE 18 MM. X 50 MTS.;CINTAS ADHESIVAS;3149,34
7792971000105;CINTA DE PAPEL STIKO FLEXIBLE DE 12 MM. X 50 MTS.;CINTAS ADHESIVAS;2147,56
7792971000116;CINTA ADHESIVA STIKO STRAP DE 18 X 25 MTS.;CINTAS ADHESIVAS;1790,8
7792971000198;CINTA ADHESIVA STIKO DOBLE FAZ 12 X 25 TRASNPAR;CINTAS ADHESIVAS;4900,5
7792971000204;CINTA ADHESIVA STIKO DOBLE FAZ 18 X 25 TRASNPAR;CINTAS ADHESIVAS;7296,3
7792971000211;CINTA ADHESIVA STIKO DOBLE FAZ 24X25;CINTAS ADHESIVAS;7901,3
7792971000266;CINTA DE PAPEL STIKO FLEXIBLE DE 18 MM. X 20 MTS.;CINTAS ADHESIVAS;1900
7792971586647;CINTA ADHESIVA STIKO STRAP DE 12 X 60 MTS.;CINTAS ADHESIVAS;2274,8
7792971620945;CINTA DE PAPEL STIKO FLEXIBLE DE 36 MM. X 50 MTS.;CINTAS ADHESIVAS;6287,13
7792971620952;CINTA DE PAPEL STIKO FLEXIBLE DE 48 MM. X 50 MTS.;CINTAS ADHESIVAS;8819,71
7792971620969;CINTA ADHESIVA STIKO STRAP Nro.10;CINTAS ADHESIVAS;592,9
7792971623007;CINTA ADHES. 12X10 STIKO DOBLE FAZ TRANSP.;CINTAS ADHESIVAS;4046,65
7792971623229;CINTA STIKO DOBLE FAZ DE ESPUMA P/MONTAJE 12X2;CINTAS ADHESIVAS;1082,59
7792971623250;CINTA STIKO DOBLE FAZ DE ESPUMA P/MONTAJE 12 X 5;CINTAS ADHESIVAS;2900
77936639;CINTA P/EMBALAJE STIKO TRANSPARENTE 24 X 50 MTS.;CINTAS ADHESIVAS;2722,5
7793876124514;CINTA EMBALAJE 24x40 TRANSP. AUCA/SELLOX 7798047120876;CINTAS ADHESIVAS;900
7796728000301;CINTA GTC CIFRA 2 CARRETELES;CINTAS ADHESIVAS;3400
7798047120029;CINTA ADHESIVA 12 MM. 30 MTS AUCA;CINTAS ADHESIVAS;1300
7798047120104;CINTA AUCA DE PAPEL 12MM X 50 MTS;CINTAS ADHESIVAS;2500,04
7798047120111;CINTA AUCA DE PAPEL 18MM X 50MTS.;CINTAS ADHESIVAS;3200,03
7798047120128;CINTA AUCA DE PAPEL 24MM X 50 MTS;CINTAS ADHESIVAS;4800
7798047120135;CINTA AUCA DE PAPEL 36MM X 50 MTS;CINTAS ADHESIVAS;6900
7798047120142;CINTA AUCA DE PAPEL 48MM X 50 MTS;CINTAS ADHESIVAS;9600
7798047120272;CINTA EMBALAJE 48 MM. 40 MTS. TRANSPARENTE 7792971623533;CINTAS ADHESIVAS;1500,02
7798047120340;CINTA AUCA ADHESIVA 18X25;CINTAS ADHESIVAS;850
7798047120494;CINTA AUCA BIFAZ  12 X 25;CINTAS ADHESIVAS;7900
7798047120616;CINTA AUCA EMBALAJE 48 MM. 100 MTS. TRANSPARENTE;CINTAS ADHESIVAS;4114
7798047120852;CINTA P/EMBALAJE MARRON 48 X 50 MTS.;CINTAS ADHESIVAS;1587,53
7798101066362;CINTA EMBALAR SETTER 48 X 100 TRANSP.;CINTAS ADHESIVAS;3000,65
7798164341253;CINTA SETTER/AUCA ADHESIVA 12x30 7798047120029;CINTAS ADHESIVAS;1300
7798164341260;CINTA SETTER/AUCA ADHESIVA 12x60 7798047120043;CINTAS ADHESIVAS;2400
7798347081426;CINTA EMBALAJE 48X41MTS. TRANSPARENTE CANDELA;CINTAS ADHESIVAS;1500,02
77985644;CINTA ADHESIVA STIKO STRAP DE 12 X 30 MTS.;CINTAS ADHESIVAS;1379,4
7799070011711;CINTA TALBOT   WASHI TAPE 1,5 X 3MTS. X 3 V/ MODELOS;CINTAS ADHESIVAS;3012,9
7799133012105;CINTA WASHI MOOVING HARRY POTTER STICKERS REDONDO;CINTAS ADHESIVAS;3400
7799133012129;CINTA WASHI MOOVING HARRY POTTER CASAS 1,5X5M;CINTAS ADHESIVAS;1197,9
7799133012136;CINTA WASHI MOOVING HARRY POTTER 1,5X3M;CINTAS ADHESIVAS;3980,9
7799133012303;CINTA WASHI MOOVING DISNEY 100;CINTAS ADHESIVAS;3980,9
7799133012372;CINTA WASHI MOOVING DISNEY 100 STICKERS REDONDO;CINTAS ADHESIVAS;1573
720665972787;CUADERNO CLASE GO! 19X24 SKYCOLOR 90 GRS 48 HJS;CUADERNOS ABC/E1;7000
17798101064181;CUAD.T/DURA SETTER FORRADO x 42 RAY/CUAD;CUADERNOS ABC/E1;3900
362888;CUADERNO AMERICA ARAÑA T.D. X 82 HJS.RAYADO;CUADERNOS ABC/E1;4722,15
579898;CUAD. LAPRIDA T/DURA LUNARES X 50 AZUL RAY.;CUADERNOS ABC/E1;7990,13
579899;CUAD. LAPRIDA T/DURA FORRADO X 50 AZUL LISO;CUADERNOS ABC/E1;7990,11
580091;CUADERNO EPICA ABC X 48 HOJAS;CUADERNOS ABC/E1;2589,4
582477;CUAD. LAPRIDA T/DURA FORRADO X 98 ROJO RAY.;CUADERNOS ABC/E1;9704,2
582640;CUADERNO ESCOLAR FORRADO T/D ÉPICA E1 48 HJS VARIOS COLORES;CUADERNOS ABC/E1;8503,02
7791762001048;CUAD.T/DURA EXITO E3 19X23,5 X 48;CUADERNOS ABC/E1;11900
7791762003165;CUAD.T/DURA EPICA E3 UNIVERSO 19X23,5 X 48 RAYADO. LILA;CUADERNOS ABC/E1;11900
7791762229077;CUADERNO EXITO E1 UNIVERSO T.D. X 48 HJS. RAYADO;CUADERNOS ABC/E1;8503,02
7791762279072;CUADERNO EXITO E1 LUNARES T.D. X 48 HJS. RAYADO;CUADERNOS ABC/E1;8503,02
7791762290138;CUADERNO EXITO E3 UNIVERSO T.D. X 100 HJS. RAYADO;CUADERNOS ABC/E1;18900
7791762427138;CUADERNO EXITO E1 UNIVERSO T.D. X 100 HJS. RAYADO;CUADERNOS ABC/E1;8857,2
7791762427374;CUADERNO EXITO E1 UNIVERSO T.D. X 48 HJS. CUADRICULADO;CUADERNOS ABC/E1;8503,02
7791762427435;CUADERNO EXITO E1 UNIVERSO T.D. X 100 HJS. CUADRICULADO;CUADERNOS ABC/E1;8857,2
7791762427671;CUADERNO EXITO E1 UNIVERSO T.D. X 48 HJS. LISO AZUL;CUADERNOS ABC/E1;8503,02
7791762471070;CUADERNO EXITO E1 LUNARES T.D. X 48 HJS. RAYADO VIOLETA;CUADERNOS ABC/E1;8503,02
7791762474071;CUADERNO EXITO E1 LUNARES T.D. X 48 HJS. RAYADO;CUADERNOS ABC/E1;8503,02
7792007150019;FUNDA PARA CUADERNO ABC;CUADERNOS ABC/E1;6897
7792007190015;FUNDA LAMA DE PVC P CUADERNOS CLASICOS T.DURA;CUADERNOS ABC/E1;326,7
7792216002161;CUADERNO LAPRIDA ARAÑA T.D. X 50 HJS. CUADRICULADO/RAYADO;CUADERNOS ABC/E1;7990,11
7792216004806;CUAD. T/DURA LAPRIDA AB3 19X23,5 FORRADO X 98;CUADERNOS ABC/E1;16900
7792216048556;CUADERNO RIVADAVIA ARAÑA T.D. X 98 HJS. RAYADO;CUADERNOS ABC/E1;3150
7792216048565;CUADERNO 19X23.5 RIVADAVIA ABC ARAÑA ROJO 98 HS RAY COSIDO T/D;CUADERNOS ABC/E1;11797,5
7792216049906;CUAD. T/DURA LAPRIDA AB3 19X23,5 FORRADO X 50;CUADERNOS ABC/E1;11500
7792216049920;CUAD. T/DURA LAPRIDA AB3 19X23,5 FORRADO X 50;CUADERNOS ABC/E1;11500
7792216050636;CUADERNO RIVADAVIA ABC ARAÑA T.D.  X 50 HJS.;CUADERNOS ABC/E1;12900
7792216155379;CUAD.T/DURA RIVADAVIA FORR.ROJO x 98 RAY;CUADERNOS ABC/E1;9159,7
7792216155386;CUAD.T/DURA RIVADAVIA FORR.VERDE x98 RAY;CUADERNOS ABC/E1;9159,7
7792216675112;CUADERNO AMERICA ARAÑA T.D. X 42 HJS.RAYADO;CUADERNOS ABC/E1;4000
7796569442124;CUADERNO TRIUNFANTE ABC 48 HJS;CUADERNOS ABC/E1;8500
7796569976636;CUADERNO TRIUNFANTE ABC 19*24 DISEÑO 976711;CUADERNOS ABC/E1;2964,5
7797050283363;CUADERNO SETTER Nº1 TD x 84 HOJAS;CUADERNOS ABC/E1;4900
7798367897373;CUADERNO PPR SONIC T/DURA X 48 RAY.;CUADERNOS ABC/E1;8385,3
076625238999;CUADERNO A5 T DURA MAULANF  80 HOJAS LISAS;CUADERNOS, BLOCKS Y ANOTADORES;3968,8
07791762453397;CUADERNO LEDESMA CLASSIC 29/7 TD A4 CUADRICULADO;CUADERNOS, BLOCKS Y ANOTADORES;10700
0779844626164;LIBRETA C ESPIRAL LUCCI 12X16;CUADERNOS, BLOCKS Y ANOTADORES;3678,4
09902423;CUADERNO LOW COST T.BLANDA;CUADERNOS, BLOCKS Y ANOTADORES;3388
117792216155546;CUADERNO RIVADAVIA TAPA FLEXIBLE RAYADO 48 HOJAS;CUADERNOS, BLOCKS Y ANOTADORES;1185,8
237624;CUADERNO AMERICA X24 H;CUADERNOS, BLOCKS Y ANOTADORES;278,3
3148950137838;BLOCK CANSON LETTERING 24 X 32 CM. X 20 HOJAS (200 GRS);CUADERNOS, BLOCKS Y ANOTADORES;15088,7
4712759210079;BLOCK ADHES. STICK´N 21007 76 X 76  X 100 HS;CUADERNOS, BLOCKS Y ANOTADORES;2350
4712759211656;BLOCK ADHES. STICK´N 21007 76 X 76  X 100 HS 4712759211335;CUADERNOS, BLOCKS Y ANOTADORES;2500
4712759211670;BLOCK ADHES. STICK´N NEON 76 X 76  X 100 HS 4712759211649;CUADERNOS, BLOCKS Y ANOTADORES;2500
4790010150616;CUADERNO A5 TARGET UNICORNIO SQUISHY;CUADERNOS, BLOCKS Y ANOTADORES;9401,7
582514;CUADERNO UNIV;CUADERNOS, BLOCKS Y ANOTADORES;8578,9
582747;BITACORA DE ARTE;CUADERNOS, BLOCKS Y ANOTADORES;5000
582758;ANOTADOR C/ HOJAS LISAS;CUADERNOS, BLOCKS Y ANOTADORES;3059,49
582822;CUADERNO ROZZINI LINEA DOLCEZZA A4 SEMI R;CUADERNOS, BLOCKS Y ANOTADORES;18333,4
582906;LIBRETA ANILLADA V MODELOS LITA Y AÑAÑOS 9X15;CUADERNOS, BLOCKS Y ANOTADORES;1300
582907;CUADERNO P/ PINTAR  LITA Y AÑAÑOS;CUADERNOS, BLOCKS Y ANOTADORES;4900
5993102125205;PAPEL MAGICO MULTICOLOR LIBRETA ESPIRAL 14X10 ART 12520;CUADERNOS, BLOCKS Y ANOTADORES;1101,1
5993102197912;LIBRETA A7 SIRENAS;CUADERNOS, BLOCKS Y ANOTADORES;1403,6
5993102201534;LIBRETA COLOURS HOLOGRAFICA LLAMA Y CACTUS;CUADERNOS, BLOCKS Y ANOTADORES;701,8
5993102201893;LIBRETA C/ BOLIGRAFO UNICORNIO;CUADERNOS, BLOCKS Y ANOTADORES;1694
5993102205426;LIBRETA A6 PASTEL;CUADERNOS, BLOCKS Y ANOTADORES;1875,5
5993102205433;LIBRETA A5 PASTEL;CUADERNOS, BLOCKS Y ANOTADORES;3049,2
5993102212523;PAPEL MAGICO MULTICOLOR LIBRETA ESPIRAL 14X10 ART 12520;CUADERNOS, BLOCKS Y ANOTADORES;713,9
5993102214299;LIBRETA A6 C ELASTICO Y ESPIRAL ESTAMP 80HJS;CUADERNOS, BLOCKS Y ANOTADORES;1488,3
5993102250242;CUADERNO VAN GOGH A6 6972544802225;CUADERNOS, BLOCKS Y ANOTADORES;6900
5993102250259;CUADERNO VAN GOGH A5 6972544803222;CUADERNOS, BLOCKS Y ANOTADORES;10500
5993102258385;CUADERNO A5 FLOWERS 6972544803703;CUADERNOS, BLOCKS Y ANOTADORES;10500
62001123;CUAD. EXITO E3 T/FLEX. CALIGRAFIA DOBLE LINEA X 24 H.;CUADERNOS, BLOCKS Y ANOTADORES;6921,93
656750810040;BLOCK MAULANF C/ESPIRAL A4 X 40 HJS LISAS 150 GRS (2015);CUADERNOS, BLOCKS Y ANOTADORES;10272,9
6920108171157;LIBRETA    MICKEY MOUSE A6 C/ESP.T/DURA X 80HJS. RAY.;CUADERNOS, BLOCKS Y ANOTADORES;435,6
6920108172048;CUADERNO TOY STORY 3D;CUADERNOS, BLOCKS Y ANOTADORES;980,1
6920108172222;CUADERNO CARS 3D;CUADERNOS, BLOCKS Y ANOTADORES;980,1
6923459983059;LIBRETA CAPYBARA ESPIRALADA;CUADERNOS, BLOCKS Y ANOTADORES;2900
6937609601977;BLOCK ARTMATE P/ CARBONILLA  A4 160GRS ESPIRAL 32HS;CUADERNOS, BLOCKS Y ANOTADORES;1839,2
6952025003235;CUADERNO CON ESPIRAL STITCH;CUADERNOS, BLOCKS Y ANOTADORES;5640,5
6971665655277;LIBRETA CAPYBARA ARMADO DE ESCENA;CUADERNOS, BLOCKS Y ANOTADORES;5100,92
6972544801228;CUADERNO VAN GOGH A7 5993102250266;CUADERNOS, BLOCKS Y ANOTADORES;4500
6972544808418;CUADERNO A4  VAN GOGH;CUADERNOS, BLOCKS Y ANOTADORES;18500
7790099809716;CUADERNO A5 FW TRAVEL TAPA DURA ESPIRALADO 96HS RAY;CUADERNOS, BLOCKS Y ANOTADORES;1815
7790099831519;CUADERNO A4 FW SUNSHINE T/SEMI RIGIDA 80HJS RAYADO;CUADERNOS, BLOCKS Y ANOTADORES;2746,7
7790099882719;CUADERNO A4 FW T/SEMI RIGIA X 80 HJS;CUADERNOS, BLOCKS Y ANOTADORES;7296,3
7790099882818;CUADERNO A5 FW NEO TAPA DURA;CUADERNOS, BLOCKS Y ANOTADORES;5529,7
7790099882917;CUADERNO A5 FW CUTE T/DURA ESPIRALADO 96HJS RAYADO;CUADERNOS, BLOCKS Y ANOTADORES;5529,7
7790099883013;CUADERNO A5 FW HAPPY T/DURA ESPIRALADO 96HJS;CUADERNOS, BLOCKS Y ANOTADORES;7502
7790667993342;LIBRETA DECORLINE  64 PAG AHUESADO MARMOLADO NEG;CUADERNOS, BLOCKS Y ANOTADORES;2649,9
7790667994103;LIBRETA DECORLINE  14X21 ESPIRALADA FLOWER ART 1621;CUADERNOS, BLOCKS Y ANOTADORES;3823,6
7790667994370;LIBRETA DECORLINE 13,6X21 RAYADO 80HS ACUARELA 1 ART.9001;CUADERNOS, BLOCKS Y ANOTADORES;5227,2
7790667994646;LIBRETA DECORLINE 18X25 ESPIRAL RAYADO 60HS NEGRO ART.1627;CUADERNOS, BLOCKS Y ANOTADORES;5626,5
7790667995353;LIBRETA DECORLINE 14X21 ENCUADERNADO RAYADO ANIMALES 1 ART.2335;CUADERNOS, BLOCKS Y ANOTADORES;665,5
7790667995926;CUADERNO DECORLINE TAPA B 14*21;CUADERNOS, BLOCKS Y ANOTADORES;5900
7790667996381;LIBRETA DECORLINE 18 X 25 HJAS LISAS 2326;CUADERNOS, BLOCKS Y ANOTADORES;2795,1
7790667997197;CUADERNO DECORLINE TAPA B 14*21 7790667995407;CUADERNOS, BLOCKS Y ANOTADORES;5900
7791762000904;CUADERNO EXITO COLECCION LUNARES METALIZADOS 21/27 T.D. X 84 HJS. RAYADO;CUADERNOS, BLOCKS Y ANOTADORES;7235,8
7791762000928;CUADERNO EXITO COLECCION LUNARES METALIZADOS 21/27 T.D. X 84 HJS. LISO;CUADERNOS, BLOCKS Y ANOTADORES;7235,8
7791762000959;BLOCK LEDESMA QUINQUELA 32 X 47 X 24 HJS LISAS 120 GRS (102798);CUADERNOS, BLOCKS Y ANOTADORES;11858
7791762000966;BLOCK LEDESMA QUINQUELA C/ESP. 22 X 29 X 50 HJS LISAS 120 GRS (102799);CUADERNOS, BLOCKS Y ANOTADORES;22700
7791762000973;BLOCK LEDESMA QUINQUELA C/ESP. 16 X 21 X 60 HJS LISAS 120 GRS (102801);CUADERNOS, BLOCKS Y ANOTADORES;7368,9
7791762000980;CUADERCUADERNO EXITO Z3 T.D. 19 X 24, X 48 HJS. RAYADO (P/ZURDO);CUADERNOS, BLOCKS Y ANOTADORES;6945,4
7791762001239;CUADERNO LEDESMA DESING 19 X 24 T. FLEX  X 84 HJS. RAYADO;CUADERNOS, BLOCKS Y ANOTADORES;10176,1
7791762001352;CUADERNO LEDESMA BIO 21/27 X 84 HJS. RAYADO;CUADERNOS, BLOCKS Y ANOTADORES;10224,5
7791762001369;CUADERNO LEDESMA BIO CUADRICULADO 21*27;CUADERNOS, BLOCKS Y ANOTADORES;9450,1
7791762001376;CUADERNO LEDESMA BIO 16/21 X 120 HJS. RAYADO;CUADERNOS, BLOCKS Y ANOTADORES;13164,8
7791762001383;CUADERNO LEDESMA BIO 21/27 X 84 HJS. LISO;CUADERNOS, BLOCKS Y ANOTADORES;13900
7791762001772;LIBRETA LEDESMA NAT 16/21 X 80 HJS. RAYADO;CUADERNOS, BLOCKS Y ANOTADORES;10285
7791762001796;CUADERNO LEDESMA NAT 29/7 X 70 HJS. RAYADO;CUADERNOS, BLOCKS Y ANOTADORES;4331,8
7791762001802;CUADERNO LEDESMA NAT 29/7 X 70 HJS. CUADRICULADO;CUADERNOS, BLOCKS Y ANOTADORES;3714,7
7791762001833;CUADERNO DESIGN C/ESP.A4 x 84 RAY.;CUADERNOS, BLOCKS Y ANOTADORES;11900
7791762001840;CUADERNO LEDESMA ESSENTIAL MIX 29/7 X 84 HJS. CUADRICULADO;CUADERNOS, BLOCKS Y ANOTADORES;13900
7791762001857;CUADERNO LEDESMA DESING ANNE Y ADRIANA 29/7 X 84 HJS. RAYADO;CUADERNOS, BLOCKS Y ANOTADORES;6715,5
7791762001871;CUADERNO LEDESMA CLASSIC 29/7 T/SR X 84 HJS. RAYADO;CUADERNOS, BLOCKS Y ANOTADORES;8603,1
7791762002021;BLOCK LEDESMA NAT 5 PERF. A4 X 80 HJS. RAYADO;CUADERNOS, BLOCKS Y ANOTADORES;7500
7791762002038;BLOCK LEDESMA NAT 5 PERF. A4 X 80 HJS. CUADRICULADO;CUADERNOS, BLOCKS Y ANOTADORES;7500
7791762002045;BLOCK LEDESMA NAT 5 PERF. A4 X 80 HJS. LISO;CUADERNOS, BLOCKS Y ANOTADORES;4888,4
7791762002076;CUADERNO LEDESMA NAT 29/7 X 70 HJS. PUNTEADO;CUADERNOS, BLOCKS Y ANOTADORES;4331,8
779176200208;CUADERNO EXITO E3 NAT T.F. X 36 HJS. RAYADO;CUADERNOS, BLOCKS Y ANOTADORES;1355,2
7791762002106;CUADERNO LEDESMA NAT T/SR 29/7 X 80 HJS. RAYADO;CUADERNOS, BLOCKS Y ANOTADORES;10900
7791762002113;CUADERNO LEDESMA NAT T/SR 29/7 X 80 HJS. CUADRICULADO;CUADERNOS, BLOCKS Y ANOTADORES;10900
7791762002120;CUADERNO LEDESMA NAT 16/21 T. F. X 42 HJS. PUNTEADO;CUADERNOS, BLOCKS Y ANOTADORES;1391,5
7791762002137;LIBRETA FLEXIBLE LEDESMA NAT x42 hojas;CUADERNOS, BLOCKS Y ANOTADORES;1391,5
7791762002144;CUADERNO LEDESMA NAT 16/21 C/ESPIRAL X 70 HJS. RAYADO;CUADERNOS, BLOCKS Y ANOTADORES;5863,39
7791762002151;CUADERNO LEDESMA NAT C ESP 16*21 HOJAS 70 LISAS;CUADERNOS, BLOCKS Y ANOTADORES;5500
7791762003301;CUADERNO LEDESMA DESING CATALINA GUERRICO 29/7 X 80 HJS;CUADERNOS, BLOCKS Y ANOTADORES;13500
7791762036200;CUADERNO LEDESMA EXECUTIVE 16/21 X 120 HJS. RAYADO;CUADERNOS, BLOCKS Y ANOTADORES;13080,1
7791762056093;CUADERNO EXECUTIVE C/ESP.A4 x 84 NEGRO RAY.;CUADERNOS, BLOCKS Y ANOTADORES;14900
7791762056390;CUADERNO EXECUTIVE C/ESP.A4 x 84 NEGRO CUAD.;CUADERNOS, BLOCKS Y ANOTADORES;14900
7791762057090;CUADERNO EXECUTIVE C/ESP.A4 X84 AZUL RAY/CUAD. 7791762057397;CUADERNOS, BLOCKS Y ANOTADORES;14900
7791762110337;CUADERNO GLORIA T. FLEX. X 24 HJS. CUADRICULADO;CUADERNOS, BLOCKS Y ANOTADORES;919,6
7791762110375;CUADERNO GLORIA T. FLEX. X 48 HJS. CUADRICULADO;CUADERNOS, BLOCKS Y ANOTADORES;1306,8
7791762110399;CUADERNO GLORIA T. FLEX. X 84 HJS. CUADRICULADO;CUADERNOS, BLOCKS Y ANOTADORES;2190,1
7791762255106;CUADERNO AVON 29/7 X 84 HJS. RAYADO;CUADERNOS, BLOCKS Y ANOTADORES;4029,3
7791762255205;CUADERNO AVON 29/7 X 84 HJS. CUADRICULADO;CUADERNOS, BLOCKS Y ANOTADORES;4029,3
7791762312489;BLOCK EXITO A4 5 PERF. 80HS.RAY;CUADERNOS, BLOCKS Y ANOTADORES;9900
7791762312588;BLOCK EXITO A4 5 PERFORACIONES x 80 CUAD.;CUADERNOS, BLOCKS Y ANOTADORES;9900
7791762326387;BLOCK CLASSIC A5 C/ESP.X 80 LISO;CUADERNOS, BLOCKS Y ANOTADORES;4670,6
7791762426070;CUADERNO EXITO E1 ECOLOGICO T.D. X 48 HJS. RAYADO;CUADERNOS, BLOCKS Y ANOTADORES;8503,02
7791762426131;CUADERNO EXITO E1 ECOLOGICO T.D. X 100 HJS. RAYADO;CUADERNOS, BLOCKS Y ANOTADORES;9982,5
7791762426186;BLOCK CLASSIC A5 C/ESPIRAL X80 RAY;CUADERNOS, BLOCKS Y ANOTADORES;2722,5
7791762426377;CUADERNO EXITO E1 ECOLOGICO T.D. X 48 HJS. CUADRICULADO;CUADERNOS, BLOCKS Y ANOTADORES;8503,02
7791762426438;CUADERNO EXITO E1 ECOLOGICO T.D. X 100 HJS. CUADRICULADO;CUADERNOS, BLOCKS Y ANOTADORES;7852,9
7791762431784;CUADERNO EXITO LUNARES METALIZADOS 16/21 T.D. X 84 HJS. RAYADO;CUADERNOS, BLOCKS Y ANOTADORES;7187,4
7791762431982;CUADERNO EXITO LUNARES METALIZADOS 16/21 T.D. X 84 HJS. LISO;CUADERNOS, BLOCKS Y ANOTADORES;10176,1
7791762446238;CUADERNO EXITO E7 ECOLOGICO 21/27 COLEGIAL X 60 HJS.RAYADO;CUADERNOS, BLOCKS Y ANOTADORES;14900
7791762446535;CUADERNO EXITO E7 ECOLOGICO 21/27 COLEGIAL X 60 HJS.CUADRO;CUADERNOS, BLOCKS Y ANOTADORES;14900
7791762453090;CUADERNO LEDESMA CLASSIC 29/7 T.D. X 84 HJS. RAYADO;CUADERNOS, BLOCKS Y ANOTADORES;902,06
7791762453397;CUADERNO LEDESMA CLASSIC 29/7 TD A4;CUADERNOS, BLOCKS Y ANOTADORES;10700
7791762530203;CUADERNO LEDESMA ESSENTIAL 16/21 X 120 HJS. RAYADO;CUADERNOS, BLOCKS Y ANOTADORES;13806,1
7791762557095;CUADERNO A4 ESSENTIAL LEDESMA TAPA VIOLETA RAYADO;CUADERNOS, BLOCKS Y ANOTADORES;12500
7791762557392;CUADERNO ESSENTIAL C ESPIRAL A4 X84 TAPA VIOLETA CUADRICULADO;CUADERNOS, BLOCKS Y ANOTADORES;12500
7791762559099;CUADERNO LEDESMA ESSENTIAL 29/7 X 84 HJS. RAYADO;CUADERNOS, BLOCKS Y ANOTADORES;12500
7791762559396;CUADERNO ESSENTIAL C ESP A4 X 84 HJS CUADRICULADO 7791762558399;CUADERNOS, BLOCKS Y ANOTADORES;16000
7791762655098;CUADERNO LINEA 16 NUEVO C/ESP.A4 X 84 RAY.;CUADERNOS, BLOCKS Y ANOTADORES;5900
7791762655395;CUADERNO LINEA 16 NUEVO C/ESP.A4 X 84 CUAD;CUADERNOS, BLOCKS Y ANOTADORES;5900
7791762812484;BLOCK AVON 2 PERF. A4 X 80 HJS. RAYADO;CUADERNOS, BLOCKS Y ANOTADORES;6898,84
7791762812583;BLOCK AVON 2 PERF. A4 X 80 HJS. CUADRICULADO;CUADERNOS, BLOCKS Y ANOTADORES;7900
7791762812781;BLOCK AVON 2 PERF. OFICIO X 80 HJS. RAYADO;CUADERNOS, BLOCKS Y ANOTADORES;6900
7791762812880;BLOCK AVON 2 PERF. OFICIO X 80 HJS. CUADRICULADO;CUADERNOS, BLOCKS Y ANOTADORES;6900
7791762814082;BLOCK AVON BORRADOR A6 X 80 LISO;CUADERNOS, BLOCKS Y ANOTADORES;1403,6
7791762814389;BLOCK AVON BORRADOR A5 X 80 LISO;CUADERNOS, BLOCKS Y ANOTADORES;2008,6
7791762814686;BLOCK AVON A4 LISO BORRADOR X80;CUADERNOS, BLOCKS Y ANOTADORES;7500
7791762814983;BLOCK AVON BLANCO OFICIO X 80 HJS.;CUADERNOS, BLOCKS Y ANOTADORES;6900
7791762833069;CUADERNO AVON 16/21 C/ESPIRAL X 46 HJS. RAYADO;CUADERNOS, BLOCKS Y ANOTADORES;2141,7
7791762833090;CUADERNO AVON 16/21 C/ESPIRAL X 84 HJS. RAYADO;CUADERNOS, BLOCKS Y ANOTADORES;4950
7791762833366;CUADERNO AVON 16/21 C/ESPIRAL X 46 HJS. CUADRICULADO;CUADERNOS, BLOCKS Y ANOTADORES;2831,98
7791762833397;CUADERNO AVON 16/21 C/ESPIRAL X 84 HJS. CUADRICULADO;CUADERNOS, BLOCKS Y ANOTADORES;4950
7792216000099;CUADERNO ARTE BUSINESS TC 16/21 120 HJS RAYADAS;CUADERNOS, BLOCKS Y ANOTADORES;12245,2
7792216002123;CUAD. LAPRIDA T/FLEX. CALIGRAFIA DOBLE LINEA X 24 H.;CUADERNOS, BLOCKS Y ANOTADORES;3569,5
7792216003632;BLOCK C/ESPIRAL CONGRESO A4 X 80 HJS. CUADRICULADO;CUADERNOS, BLOCKS Y ANOTADORES;11848,2
7792216003656;BLOCK C/ESPIRAL CONGRESO ESQUELA LISO X 80 HJS. (A5);CUADERNOS, BLOCKS Y ANOTADORES;6041,71
7792216003663;BLOCK C/ESPIRAL CONGRESO ESQUELA RAYADO X 80 HJS. (A5);CUADERNOS, BLOCKS Y ANOTADORES;6041,71
7792216003670;BLOCK CONGRESO A5 CUADRICULADO C/ ESPIRAL;CUADERNOS, BLOCKS Y ANOTADORES;6039,85
7792216007036;CUADERNO ARTE BLOOM 16/21 X 80 HJS. RAYADO (331141);CUADERNOS, BLOCKS Y ANOTADORES;8457,9
7792216050056;BLOCK C/ESPIRAL CONGRESO ESQUELA RAYADO X 80 HJS. (A6);CUADERNOS, BLOCKS Y ANOTADORES;5388,44
7792216155263;CUADERNO RIVADAVIA T.CARTON X  50 HJS. LISO (354130);CUADERNOS, BLOCKS Y ANOTADORES;10500
7792216155515;CUADERNO RIVADAVIA T FLEX X 24 HJS LISO;CUADERNOS, BLOCKS Y ANOTADORES;2165,9
7792216155553;CUADERNO RIVADAVIA TAPA FLEXIBLE RAYADO 48 HOJAS ROJO;CUADERNOS, BLOCKS Y ANOTADORES;4017,2
7792216155560;CUADERNO RIVADAVIA TAPA FLEXIBLE RAYADO 48 HOJAS VERDE;CUADERNOS, BLOCKS Y ANOTADORES;4017,2
7792216190059;BLOCK ESQUELA AMERICA CUADRICULADO X80JHS;CUADERNOS, BLOCKS Y ANOTADORES;713,9
7792216192077;BLOCK AMERICA A4 x 80 RAY.;CUADERNOS, BLOCKS Y ANOTADORES;5702,41
7792216193203;BLOCK AMERICA 2 PERF. A4 X 80 HJS. RAYADO;CUADERNOS, BLOCKS Y ANOTADORES;5703,88
7792216193302;BLOCK AMERICA ESQUELA A5 X80 RAYADO 7792216857679;CUADERNOS, BLOCKS Y ANOTADORES;3600
7792216193319;BLOCK AMERICA ESQUELA A5 X80 CUADRICULADO 7792216857686;CUADERNOS, BLOCKS Y ANOTADORES;3600
7792216193326;BLOCK AMERICA ESQUELA A5 X80 LISO;CUADERNOS, BLOCKS Y ANOTADORES;3600
7792216200130;BLOCK ARTE SIGNO/ON LINE A4 C/ESP.X 70 CUAD.;CUADERNOS, BLOCKS Y ANOTADORES;2432,1
7792216200154;BLOCK ARTE SIGNO A5 C/ESPIRAL X70HJS;CUADERNOS, BLOCKS Y ANOTADORES;4682,7
7792216237624;CUADERNO AMERICA T FLEX X 24 HJS CUADRICULADO;CUADERNOS, BLOCKS Y ANOTADORES;786,5
7792216237631;CUADERNO AMERICA ABROCHADO X 24 HOJAS LISO;CUADERNOS, BLOCKS Y ANOTADORES;859,1
7792216238553;CUADERNO AMERICA T FLEX X 48 HJS  CUADRICULADO;CUADERNOS, BLOCKS Y ANOTADORES;920
7792216238560;CUADERNO AMERICA T FLEX X 48 HJS LISO;CUADERNOS, BLOCKS Y ANOTADORES;1113,2
7792216332350;CUADERNO ARTE MUSIC C/ESP.16X21 X 80 RAY.;CUADERNOS, BLOCKS Y ANOTADORES;8094,9
7792216335283;CUADERNO A4 ARTE RAICES TAPA DURA;CUADERNOS, BLOCKS Y ANOTADORES;8651,5
7792216653349;CUADERNO AMERICA 29/7 C ESP X 84 HJS RAYADAS NOS;CUADERNOS, BLOCKS Y ANOTADORES;1270,5
7792216653486;CUADERNO AMERICA 29/7 C ESP X 84 HJS CUAD NOS;CUADERNOS, BLOCKS Y ANOTADORES;3448,5
7792216852391;CUADERNO MIS APUNTES 16X21 RAYADOS 80 HJS ESPIRAL;CUADERNOS, BLOCKS Y ANOTADORES;1815
7792216852407;CUADERNO MIS APUNTES 16X21 CUADRICULADO  80 HJS ESPIRAL;CUADERNOS, BLOCKS Y ANOTADORES;1815
7792216852421;CUADERNO MIS APUNTOS TRAVEL 150 HJS CUADRICULADO T DURA;CUADERNOS, BLOCKS Y ANOTADORES;8578,9
7792216853961;CUADERNO UNIV APUNTES  KEEP CALM 29.7 X80 HJS;CUADERNOS, BLOCKS Y ANOTADORES;8578,9
7792216854173;CUADERNO AMERICA 29/7 C ESP X 84 HJS RAYADAS TERRA;CUADERNOS, BLOCKS Y ANOTADORES;1258,4
7792216854180;CUADERNO AMERICA 29/7 C ESP X 84 HJS CUAD TERRA;CUADERNOS, BLOCKS Y ANOTADORES;1258,4
7792216854197;CUADERNO RIVADAVIA ABC 60 HS C/ESPIRAL T/D;CUADERNOS, BLOCKS Y ANOTADORES;10139,8
7792216855934;CUADERNO ARTE NORDICO T.DURA 29/7 X 120 HJS. RAYADO;CUADERNOS, BLOCKS Y ANOTADORES;15112,9
7792216856047;CUADERNO A4 ARTE MOTIVATION TAPA S.RIGIDA;CUADERNOS, BLOCKS Y ANOTADORES;8954
7792216856474;CUADERNO MIS APUNTES JOIN US AMIGO A CASA 29/7 X 80 HJS. RAYADO;CUADERNOS, BLOCKS Y ANOTADORES;3600
7792216856481;CUADERNO MIS APUNTES JOIN US AMIGO A CASA 29/7 X 80 HJS. CUADRICULADO;CUADERNOS, BLOCKS Y ANOTADORES;3600
7792216856498;CUADERNO C/ESP A5 AMERICA TERRA T FLEX;CUADERNOS, BLOCKS Y ANOTADORES;1197,9
7792216856528;CUADERNO ARTE NINFA T.SEMIRIGIDA 29/7 X 80 HJS. CUADRICULADO;CUADERNOS, BLOCKS Y ANOTADORES;8603,1
7792216856535;CUADERNO ARTE NINFA T.SEMIRIGIDA 29/7 X 120 HJS. RAYADO;CUADERNOS, BLOCKS Y ANOTADORES;4126,1
7792216856580;CUADERNO ARTE MOTIVACION T SEMIRIGIDA 16/21;CUADERNOS, BLOCKS Y ANOTADORES;4779,5
7792216856597;CUADERNO RIVADAVIA TEENS C/ESPIRAL A4 X 150HJS RAYADAS;CUADERNOS, BLOCKS Y ANOTADORES;9135,5
7792216856610;CUADERNO RIVADAVIA TEENS LOVE U NATURE 29/7 X 150 HJS. RAYADO C/SEP.;CUADERNOS, BLOCKS Y ANOTADORES;9135,5
7792216856801;CUADERNO RIVADAVIA TEENS LOVE U NATURE 29/7 X 150 HJS. CUADRIC. C/SEP.;CUADERNOS, BLOCKS Y ANOTADORES;11591,8
7792216856887;CUADERNO RIVADAVIA TEENS C ESP A4 X150 RAYADAS;CUADERNOS, BLOCKS Y ANOTADORES;7223,7
7792216857068;CUADERNO ARTE MINIMALISTA 29/7 X 80 HJS. RAYADO;CUADERNOS, BLOCKS Y ANOTADORES;6703,4
7792216857082;CUADERNO ARTE MINIMALISTA 16/21 X 80 HJS. RAYADO;CUADERNOS, BLOCKS Y ANOTADORES;7139
7792216857174;CUADERNO AMERICA SHOOT 16/21 T.C C/ESPIRAL X 120 HJS. RAYADO;CUADERNOS, BLOCKS Y ANOTADORES;8167,5
7792216857211;CUADERNO MIS APUNTES STYLE TC 16/21 X 120 HJS. RAYADO;CUADERNOS, BLOCKS Y ANOTADORES;7647,2
7792216857266;CUADERNO AMERICA SHOOT 29/7 X 120 HJS. LISO;CUADERNOS, BLOCKS Y ANOTADORES;12729,2
7792216857358;CUADERNO MIS APUNTES SMART 29/7 X 100 HJS.  7792216857365;CUADERNOS, BLOCKS Y ANOTADORES;15900
7792216857709;BLOCK AMERICA A4 x80 HOJAS RAYADO;CUADERNOS, BLOCKS Y ANOTADORES;5703,88
7792216857716;BLOCK AMERICA 2 PERF. A4 X 80 HJS. CUADRICULADO;CUADERNOS, BLOCKS Y ANOTADORES;5703,89
7792216857990;CUADERNO UNIV ARTE NINFA 29 T SEMI RIGIDA X 80 HJS 7792216858003;CUADERNOS, BLOCKS Y ANOTADORES;12900
7792564062961;CUADERNO HUSARES 16X21 RAYADO T FLEX;CUADERNOS, BLOCKS Y ANOTADORES;3133,9
7792564062978;CUADERNO HUSARES ESPIRAL A4 x 80 CUAD;CUADERNOS, BLOCKS Y ANOTADORES;3900
7792564062992;CUADERNO HUSARES 16X21 CUADRICULADO TAPA FLEX;CUADERNOS, BLOCKS Y ANOTADORES;3133,9
7792564063111;BLOCK HUSARES BUSINESS ESQUELITA X 80 HJS. LISO 10X14CM;CUADERNOS, BLOCKS Y ANOTADORES;1234,2
7792564063319;BLOCK HUSARES BUSINESS OFICIO PERFORADO X 80 HJS. CUADRICULADO;CUADERNOS, BLOCKS Y ANOTADORES;3702,6
7792564063326;BLOCK HUSARES BUSINESS OFICIO PERFORADO X 80 HJS. RAYADO;CUADERNOS, BLOCKS Y ANOTADORES;3702,6
7792564063333;BLOCK HUSARES BUSINESS ESQUELA X 80 HJS CUADRICULADO;CUADERNOS, BLOCKS Y ANOTADORES;2783
7792564063340;BLOCK HUSARES BUSINESS ESQUELA X 80 HJS RAYADO;CUADERNOS, BLOCKS Y ANOTADORES;2783
7792564063357;BLOCK HUSARES BUSINESS A4 PERFORADO X 80 HJS. CUADRICULADO;CUADERNOS, BLOCKS Y ANOTADORES;6700
7792564063364;BLOCK HUSARES BUSINESS A4 PERFORADO X 80 HJS. RAYADO;CUADERNOS, BLOCKS Y ANOTADORES;6700
7792564064040;BLOCK C/ESPIRAL HUSARES ESQUELA X 80 HJS (A5). CUADRICULADO;CUADERNOS, BLOCKS Y ANOTADORES;1827,1
7792564064064;BLOCK C ESPIRAL HUSARES ESQUELITA X 80 HJS A6 RAYADO;CUADERNOS, BLOCKS Y ANOTADORES;1113,2
7792564064071;BLOCK C ESPIRAL HUSARES ESQUELITA X 80 HJS  A6 CUADRICULADO;CUADERNOS, BLOCKS Y ANOTADORES;1113,2
7792564064088;BLOCK ESPIRALADO HUSARES ESQUELITA X80HJS;CUADERNOS, BLOCKS Y ANOTADORES;1185,8
7793198150451;BLOCK A5 PIZZINI PAPEL LISO 120 GRS;CUADERNOS, BLOCKS Y ANOTADORES;3569,5
7793467000012;LIBRETA NORTE 4010 C/ESPIRAL;CUADERNOS, BLOCKS Y ANOTADORES;931,7
7793467004010;LIBRETA NORTE 401 S/ESPIRAL;CUADERNOS, BLOCKS Y ANOTADORES;1800
7793467004027;LIBRETA NORTE 402 S/ESPIRAL;CUADERNOS, BLOCKS Y ANOTADORES;1391,5
7793467004034;LIBRETA NORTE 403 S/ESPIRAL;CUADERNOS, BLOCKS Y ANOTADORES;1972,3
7793467011209;LIBRETON NORTE 1120/120 C/ESPIRAL X 84 HJS. RAYADO;CUADERNOS, BLOCKS Y ANOTADORES;5493,4
7793467040209;LIBRETA NORTE 4020 C/ESPIRAL;CUADERNOS, BLOCKS Y ANOTADORES;6921,2
7793467040308;LIBRETA NORTE 4030 C/ESPIRAL;CUADERNOS, BLOCKS Y ANOTADORES;1900
7793467040407;LIBRETA NORTE 4040 C/ESPIRAL;CUADERNOS, BLOCKS Y ANOTADORES;2500
7793467040414;LIBRETA NORTE 4040 C/ESPIRAL E INDICE;CUADERNOS, BLOCKS Y ANOTADORES;13491,5
7793467040605;LIBRETA NORTE 4060 C/ESPIRAL;CUADERNOS, BLOCKS Y ANOTADORES;2129,6
7793467040803;LIBRETA NORTE 4080 C/ESPIRAL;CUADERNOS, BLOCKS Y ANOTADORES;2299
7793467080304;LIBRETA NORTE 8030/7030 C/ESPIRAL;CUADERNOS, BLOCKS Y ANOTADORES;11942,7
7793467080502;LIBRETA NORTE 8050/7050 C/ESPIRAL;CUADERNOS, BLOCKS Y ANOTADORES;14713,6
7793467080700;LIBRETA NORTE 8070/7070 C/ESPIRAL;CUADERNOS, BLOCKS Y ANOTADORES;17944,3
7793467080908;LIBRETA NORTE 8090/7090 C/ESPIRAL;CUADERNOS, BLOCKS Y ANOTADORES;19069,6
7793467100705;LIB.IMIT-HULE NORTE Nº 70 X 70 HS. RAY ESQUELITA;CUADERNOS, BLOCKS Y ANOTADORES;1548,8
7793467105458;LIBRETON NORTE 5110/ 545 C/ESPIRAL X 45 HJS. RAYADO;CUADERNOS, BLOCKS Y ANOTADORES;3400,1
7793467170302;LIBRETA NORTE 7030 C/ESPIRAL;CUADERNOS, BLOCKS Y ANOTADORES;2950
7793467404520;CUADERNO NORTE X 45 HJS. C/ESPIRAL E INDICE (50;CUADERNOS, BLOCKS Y ANOTADORES;3279,1
7796569112829;CUADERNO C/ESPIRAL E INDICE TRIUNFANTE X96HJS;CUADERNOS, BLOCKS Y ANOTADORES;2698,3
7796569116155;CUADERNO C ESPIRAL A6 TRIUNFANTE 80 HJS CUAD. TD LINEA ROSE;CUADERNOS, BLOCKS Y ANOTADORES;822,8
7796569135156;CUADERNO C ESPIRAL A6 TRIUNFANTE 80 HJS CUAD. TD LINEA ROSE 2;CUADERNOS, BLOCKS Y ANOTADORES;822,8
7796569300028;CUADERNO TAPA DURA TRIUNFANTE x48 HOJAS LISO 16x21cm;CUADERNOS, BLOCKS Y ANOTADORES;2660
7796569423123;CUADERNO UNIV.TRIUNFANTE 29,7 T/D VINILICA X 120 HS;CUADERNOS, BLOCKS Y ANOTADORES;21175
7796569423222;CUADERNO UNIV TRIUNFANTE 29 T D VINILICA X 120 HJS;CUADERNOS, BLOCKS Y ANOTADORES;19166,4
7796569433221;CUADERNO C ESPIRAL TRIUNFANTE 6O HJS CUAD. TD;CUADERNOS, BLOCKS Y ANOTADORES;1875,5
7796569443121;CUADERNO A5 T.D X120HJS RAY.;CUADERNOS, BLOCKS Y ANOTADORES;10696,4
7796569509124;CUADERNO T.F C/INDICE X48 TRIUNFANTE;CUADERNOS, BLOCKS Y ANOTADORES;1512,5
7796569976162;CUADERNO TRIUNFANTE A5 T.D NAIF X80HJS;CUADERNOS, BLOCKS Y ANOTADORES;1766,6
7797050281048;CUADERNO SETTER C/ESP.16X21 X 46 RAY.;CUADERNOS, BLOCKS Y ANOTADORES;2700
7797050281116 7797050281109;CUADERNO SETTER C/ESP.16X21 X 84;CUADERNOS, BLOCKS Y ANOTADORES;4100
7798;CUADERNO MOOVING 19X24 VARIOS DISEÑOS;CUADERNOS, BLOCKS Y ANOTADORES;11390
7798026120347;CUADERNO BABY - RAYADO TAPA DURA NORPAC;CUADERNOS, BLOCKS Y ANOTADORES;4307,6
7798026120699;CUADERNO A5 NORPAC  BOHEMIAN TAPA DURA FANTASY;CUADERNOS, BLOCKS Y ANOTADORES;4356
7798026121665;CUADERNO NORPAC 16X21 C/ESPIRAL T.D 90H;CUADERNOS, BLOCKS Y ANOTADORES;4356
7798026123201;CUADERNO TAPA DURA A4 MIXTO NORPAC x120 hojas;CUADERNOS, BLOCKS Y ANOTADORES;6630,8
7798026123317;CUADERNO NORPAC 15X15 LINEA MIXTA;CUADERNOS, BLOCKS Y ANOTADORES;10285
7798026123331;CUADERNO C ESP A5 NORPAC T/DURA;CUADERNOS, BLOCKS Y ANOTADORES;11386,1
7798026123782;CUADERNO C ESP A5 NORPAC DISEÑO ALICE;CUADERNOS, BLOCKS Y ANOTADORES;5723,3
7798026123874;LIBRETA NORPAC NATURAL BOOK 12 X 18 CM X 40 HJS RAYADAS;CUADERNOS, BLOCKS Y ANOTADORES;1343,1
7798026124147;CUADERNO NORPAC T SEMI REGIDA A5 RAYADO 80 HJS PLACES;CUADERNOS, BLOCKS Y ANOTADORES;10091,4
7798026128619;CUADERNO A5 NORPAC BOHEMIAN T/DURA;CUADERNOS, BLOCKS Y ANOTADORES;4356
7798026129043;CUADERNO A5 NORPAC TAPA FLEX;CUADERNOS, BLOCKS Y ANOTADORES;3521,1
7798026129517;CUADERNO A4 NORPAC T SEMI RIGIDA CUADRICULADO;CUADERNOS, BLOCKS Y ANOTADORES;5154,6
7798026129531;CUADERNO NORPAC 16X21 C/ESPIRAL T.F 80H;CUADERNOS, BLOCKS Y ANOTADORES;3654,2
7798082560170.0;CUADERNO DISEÑO DE MUSICA 18HJS 106GRS;CUADERNOS, BLOCKS Y ANOTADORES;7500
7798101060285 7798101060278;CUAD. SETTER TAPA FLEXIBLE CUAD/RAY/LISO 24 HOJAS;CUADERNOS, BLOCKS Y ANOTADORES;1100
7798101060315 7798101060322 7798101060308;CUAD. SETTER TAPA FLEXIBLE CUAD/RAY/LISO 48 HOJAS;CUADERNOS, BLOCKS Y ANOTADORES;1500
7798122311311;LIBRETA C ESP SIERRA Nº 10.40;CUADERNOS, BLOCKS Y ANOTADORES;798,6
7798122311328;LIBRETA C ESP SIERRA Nº 20.40;CUADERNOS, BLOCKS Y ANOTADORES;1137,4
7798122311335;LIBRETA C ESP SIERRA VERDE 30.40;CUADERNOS, BLOCKS Y ANOTADORES;1700
7798122311342;LIBRETA C ESP SIERRA VERDE 40.40;CUADERNOS, BLOCKS Y ANOTADORES;2162,83
7798122311533;CUADERNO C INDICE SIERRA VERDE 16*21;CUADERNOS, BLOCKS Y ANOTADORES;7562,5
7798122311588;LIBRETA C ESP SUPERIOR SIERRA VERDE 60.50;CUADERNOS, BLOCKS Y ANOTADORES;2105,4
7798126042952;BLOCK CARTULINA ALFA C'ART DECO MANDALAS;CUADERNOS, BLOCKS Y ANOTADORES;3412,2
7798126042969;BLOCK CARTULINA ALFA C'ART DECO NATURALEZA;CUADERNOS, BLOCKS Y ANOTADORES;3412,2
7798152012349;BLOCK CAMPEON A5 HOJAS CUADRCULADAS x80 hojas;CUADERNOS, BLOCKS Y ANOTADORES;919,6
7798164342588;CUADERNO SETTER ESPIRAL A4 x 80 CUAD/RAY;CUADERNOS, BLOCKS Y ANOTADORES;3800
7798166456467;LIBRETA REYSA 14X20 24 HS RAYADA T/F OCHAVAS BA;CUADERNOS, BLOCKS Y ANOTADORES;762,3
7798166456672;Cuadernos Reysa premium cosidos 15 x 21 80 hs con elástico col/surt;CUADERNOS, BLOCKS Y ANOTADORES;2286,9
7798166457211;LIBRETAS REYSA BINDER C/ELASTICO 9,5X14,5 80 HS UNIVERSO;CUADERNOS, BLOCKS Y ANOTADORES;1040,6
7798166458768;CUADERNO REYSA ESPIRAL 15X21 80 HS T/D MOTIVACION;CUADERNOS, BLOCKS Y ANOTADORES;2274,8
7798166459277;CUADERNO REYSA ESPIRAL 15X21 80 HS T/D ECO CHIC;CUADERNOS, BLOCKS Y ANOTADORES;2274,8
7798166459291;CUADERNO REYSA ESPIRAL 15X21 80 HS T/D COOL LOVE;CUADERNOS, BLOCKS Y ANOTADORES;2274,8
7798166459307;CUADERNO REYSA ESPIRAL 15X21 80 HS T/D COOL LOVE;CUADERNOS, BLOCKS Y ANOTADORES;2274,8
7798166459390;CUADERNO REYSA ESPIRAL 15X21 80 HS T/D SHINE;CUADERNOS, BLOCKS Y ANOTADORES;2274,8
7798166459758;CUADERNO REYSA ESPIRAL 15X21 BULLET KRAFT;CUADERNOS, BLOCKS Y ANOTADORES;8203,8
7798166460761;CUADERNO TAPA DURA  SPIDERMAN 48 JHS;CUADERNOS, BLOCKS Y ANOTADORES;10067,2
779816646366;CUADERNO MOOVING 29/7 T. DURA X 120 HJS RAYADO COMO QUIERES;CUADERNOS, BLOCKS Y ANOTADORES;11918,5
7798166468842;CUADERNO A4 RAYADO 80 HOJAS CENTRAL/NOB;CUADERNOS, BLOCKS Y ANOTADORES;1754,5
7798280952517;CUADERNO TAPA DURA  TRANSFORMER 50 HJS;CUADERNOS, BLOCKS Y ANOTADORES;919,6
7798302937928;BLOCK ANOTADOR MOOVING PASTEL X 120 HJS. (2101219000);CUADERNOS, BLOCKS Y ANOTADORES;1754,5
7798302937959;CUADERNO MOOVING A5 BULLET TAPA FLEX C/ELASTICO 96 HJS;CUADERNOS, BLOCKS Y ANOTADORES;4283,4
7798302938093;CUADERNO MOOVING A5 RAYADO CON ELÁSTICO COMO QUIERES;CUADERNOS, BLOCKS Y ANOTADORES;1536,7
7798311606211;CUADERNO C/ESP ASAMBLEA KRAFT BOARD T/D X 96 HS RAY;CUADERNOS, BLOCKS Y ANOTADORES;1343,1
7798311606242;CUADERNO C/ESP ASAMBLEA ESCUDERIA T/D X 96 HS RAY;CUADERNOS, BLOCKS Y ANOTADORES;1343,1
7798337961707;CUADERNO C ESPIRAL ONIX MOTO RETRO T/D X96HS RAY;CUADERNOS, BLOCKS Y ANOTADORES;1403,6
7798344020046;LIBRETA ROZINI TACCUINO FLEX  10 X 15  X 32 HJS;CUADERNOS, BLOCKS Y ANOTADORES;3085,5
7798344020176;CUADERNO A5 ROZINI D`ORO ESP. 80 HJS RAYADO MARIA ANTONIETA;CUADERNOS, BLOCKS Y ANOTADORES;5275,6
7798344020398.0;CUADERNO TAPA DURA ROZINI;CUADERNOS, BLOCKS Y ANOTADORES;19500
7798350782372;CUADERNO P.CERO A4 RAYADO INTUICION;CUADERNOS, BLOCKS Y ANOTADORES;6400,9
7798350785083;CUADERNO INTELIGENTE P.CERO A4;CUADERNOS, BLOCKS Y ANOTADORES;9825,2
7798350785090;CUADERNO INTELIGENTE P.CERO A5;CUADERNOS, BLOCKS Y ANOTADORES;7417,3
7798356618323;BLOCK ANOTADOR MOOVING MICKEY & MINNIE  X 120 HJS. (2161219000);CUADERNOS, BLOCKS Y ANOTADORES;9038,7
7798363805167;CUADERNO REYSA ESPIRAL 15X21 80 HS T/D UNIVERSO;CUADERNOS, BLOCKS Y ANOTADORES;6364,6
7798363805341;LIBRETA REYSA BINDER C/ELASTICO 9,5X14X5 80HJS TRENDY NEON/PASTEL;CUADERNOS, BLOCKS Y ANOTADORES;1984,4
7798363808113;CUADERNO REYSA 15X21 T RIGIDA 80 HJS 7798363805358/7798363805457;CUADERNOS, BLOCKS Y ANOTADORES;11174,2
7798367896994;CUADERNO RIVER PLATE T/DURA X 48 RAY.;CUADERNOS, BLOCKS Y ANOTADORES;8385,3
7798367897045;CUADERNO PPR T FLEX X 48 HJS RAYADO GAME ZONE;CUADERNOS, BLOCKS Y ANOTADORES;2928,2
7798367897069;CUAD.T/FLEX.X 48 RAY. BOCA JUNIORS;CUADERNOS, BLOCKS Y ANOTADORES;2879,8
7798367897076;CUADERNO PPR T. FLEX X 48 HJS. RAYADO RIVER PLATE;CUADERNOS, BLOCKS Y ANOTADORES;2879,8
7798389350191;CUADERNO A5 MARMOL;CUADERNOS, BLOCKS Y ANOTADORES;5287,7
7798389351389;PACK X2 CUADERNOS A5;CUADERNOS, BLOCKS Y ANOTADORES;2238,5
7798412580069;LIBRETA TRIPULANTE A6 fantasia x 32 hjs liso;CUADERNOS, BLOCKS Y ANOTADORES;4300
7798426146213;LIBRETA FW BULLET JOURNAL 14x21 COLORBLOCK;CUADERNOS, BLOCKS Y ANOTADORES;23215
77986569422126;CUADERNO TRIUNFANTE  21*27 TAPA RIGIDA 60 HJS RAYADO;CUADERNOS, BLOCKS Y ANOTADORES;2928,2
7799000113591;LIBRETA FW BULLET JOURNAL RAINBOW 80 HS.;CUADERNOS, BLOCKS Y ANOTADORES;2407,9
7799000114857;CUADERNO FW HOLOGRAFICO C/BLOCK DE NOTAS 70HS.;CUADERNOS, BLOCKS Y ANOTADORES;2649,9
7799000114864;CUADERNO FW A5  C/ STICKERS RAINBOW COLLECTION 80 HJS LISAS;CUADERNOS, BLOCKS Y ANOTADORES;3000,8
7799008115504;CUADERNO A5 FW INSPIRE TAPA DURA ESPIRALADO 96HS RAY;CUADERNOS, BLOCKS Y ANOTADORES;1815
77990099831410;CUADERNO A4 FW INSPIRE T/SEMI RIGIDA 80HJS RAYADO;CUADERNOS, BLOCKS Y ANOTADORES;2746,7
7799070000784;CUADERNO TALBOT PU 14x21 T/DURA 96hjs. LISO 7799070003259;CUADERNOS, BLOCKS Y ANOTADORES;11500
7799070000906;CUADERNO TALBOT PU 14X21 NATURE BEIGE 96HJS;CUADERNOS, BLOCKS Y ANOTADORES;11950
7799070000913;CUADERNO TALBOT 14X 21 DIARY DOLCE VITA/CIAO BELLA 7799070001071;CUADERNOS, BLOCKS Y ANOTADORES;9802,12
7799070000944;CUADERNO TALBOT   PU DESIGN 14X21 CLOUDS 96 RAY;CUADERNOS, BLOCKS Y ANOTADORES;11410,3
7799070001026;CUADERNO TALBOT PU DESIGN 14x21 T/DURA 96hjs RAY.7799070001057  7799070001064 7799070001040;CUADERNOS, BLOCKS Y ANOTADORES;9900
7799070003013;CUADERNO TALBOT A5 96HJS MAGIC;CUADERNOS, BLOCKS Y ANOTADORES;11410,3
7799070003044;CUADERNO TALBOT A5 96HJS GO GIRL;CUADERNOS, BLOCKS Y ANOTADORES;11410,3
7799070004034;CUADERNO TALBOT 17x25 T/FLEX. V MODELOS 40hjs;CUADERNOS, BLOCKS Y ANOTADORES;6921,2
7799070004287;CUADERNO TALBOT PU 9X14 CLASSIC NOTES 96HJS RAY  7799070003198;CUADERNOS, BLOCKS Y ANOTADORES;8500
7799070014637;SET TALBOT CUADERNOS AVENTURA A5 X 3;CUADERNOS, BLOCKS Y ANOTADORES;4658,5
7799070014835;CUADERNO TALBOT AVENTURA C/ BOLIGRAFO;CUADERNOS, BLOCKS Y ANOTADORES;6062,1
7799133000621;CUADERNO MOOVING UNIVERSITARIO N29/7 T. FLEX. X 80 HJS. VARIOS MODELOS;CUADERNOS, BLOCKS Y ANOTADORES;17900
7799133001383;CUADERNO MOOVING 16/21 T. DURA X 80 HJS ANILL. VARIOS MODELOS;CUADERNOS, BLOCKS Y ANOTADORES;11979
7799133001475;CUADERNO MOOVING T. DURA COCIDO X 48 HJS. VARIOS MODELOS;CUADERNOS, BLOCKS Y ANOTADORES;7950
7799133001529;CUADERNO MOOVING 16X21 T. FLEX  X 48 HJS. VARIOS MODELOS;CUADERNOS, BLOCKS Y ANOTADORES;3230,7
7799133001567 7799133014178;CUADERNO MOOVING T. DURA 19,5 X 24 X 48 HJS. VARIOS MODELOS;CUADERNOS, BLOCKS Y ANOTADORES;12800
7799133005398;CUADERNO MOOVING NOTES A5 T DURA X 80 HJS RAYADA;CUADERNOS, BLOCKS Y ANOTADORES;14786,2
7799133005411;CUADERNO MOOVING NOTES A5 T.DURA X 80 HJS RAYADO;CUADERNOS, BLOCKS Y ANOTADORES;9752,6
7799133005442;CUADERNO MOOVING NOTES A5 T.DURA X 80 HJS RAYADO;CUADERNOS, BLOCKS Y ANOTADORES;9752,6
7799133005459;CUADERNO MOOVING NOTES A6 T.DURA X 80 HJS RAYADO;CUADERNOS, BLOCKS Y ANOTADORES;11664,4
7799133005510;CUADERNO MOOVING NOTES A5 T.DURA X 80 HJS LISO;CUADERNOS, BLOCKS Y ANOTADORES;14786,2
7799133005602;CUADERNO MOOVING NOTES HARRY POTTER A5 X 96HJS 7799133027925;CUADERNOS, BLOCKS Y ANOTADORES;27900
7799133005619;CUADERNO MOOVING SKETCH 19 X 24 X 80 HJS LISAS (1249132);CUADERNOS, BLOCKS Y ANOTADORES;14919,3
7799133007248;BLOCK ADHESIVO MOOVING 76 X 76 PASTEL 100 HJS;CUADERNOS, BLOCKS Y ANOTADORES;2900
7799133011252;CUADERNO TAPA FLEXIBLE X48 HOJAS - JURASSIC WORLD;CUADERNOS, BLOCKS Y ANOTADORES;1573
7799133011719;CUADERNO MOOVING NOTES A5 T.DURA X 80 HJS DISNEY;CUADERNOS, BLOCKS Y ANOTADORES;16371,3
7799133011733;CUADERNO MOOVING NOTES A5 T.DURA X 80 HJS RAINBOW;CUADERNOS, BLOCKS Y ANOTADORES;14786,2
7799133011740;CUADERNOO 19X24 MOOVING NOTES SKETCH T.D 80HJS;CUADERNOS, BLOCKS Y ANOTADORES;18646,1
7799133011863;CUADERNO MOOVING NOTES A5 T.DURA X 80 HJS BULLET;CUADERNOS, BLOCKS Y ANOTADORES;9752,6
7799133011955;CUADERNO MOOVING NOTES A5 T.DURA X 80 HJS BULLET;CUADERNOS, BLOCKS Y ANOTADORES;9752,6
7799133012037;CUADERNO MOOVING NOTES A5 T.DURA X 80 HJS DISNEY;CUADERNOS, BLOCKS Y ANOTADORES;16371,3
7799133012051;CUADERNO MOOVING NOTES A5 T.DURA X 80 HJS HARRY POTTER;CUADERNOS, BLOCKS Y ANOTADORES;10805,3
7799133012068;CUADERNO A5 MOOVING HARRY POTTER CASAS 32 HJS;CUADERNOS, BLOCKS Y ANOTADORES;4961
7799133017094;CUADERNO MOOVING T. DURA 19,5 X 24 X 48 HJS. RAINBOW;CUADERNOS, BLOCKS Y ANOTADORES;11750
7799990700016;CUADERNO A4 FW MINIMALISTA T SEMI RIGIDA;CUADERNOS, BLOCKS Y ANOTADORES;5687
8402278120060;LIBRETA ANILLADA VAN GOGH A7;CUADERNOS, BLOCKS Y ANOTADORES;3000
898515200578;ANOTADOR RAYADO;CUADERNOS, BLOCKS Y ANOTADORES;726
898515201421;ANOTADOR ANIMADO BRILLOSO;CUADERNOS, BLOCKS Y ANOTADORES;7562,5
898515201483;LIBRETA MINI DAILY;CUADERNOS, BLOCKS Y ANOTADORES;895,4
9789874690913;CUADERNO PIZZINI  P/CALIGRAFIA TECNICA (CCT1);CUADERNOS, BLOCKS Y ANOTADORES;7500
9845558874113;CUADERNO TAPA DURA ANILLADO GAMER 74  80HJS;CUADERNOS, BLOCKS Y ANOTADORES;3581,6
992400821104;CUADERNO INTELIGENTE A5 -992400821128;CUADERNOS, BLOCKS Y ANOTADORES;12700,9
992400821111;CUADERNO INTELIGENTE A4 ZZ-2111;CUADERNOS, BLOCKS Y ANOTADORES;20908,8
999120604;CUADERNO MINI FLEX INSPIRA 10*15 LISOS;CUADERNOS, BLOCKS Y ANOTADORES;435,6
999120605;CUADERNO FLEX 24 HJS RAYADAS 15*21 INSPIRA;CUADERNOS, BLOCKS Y ANOTADORES;1020
999120606;CUADERNO ANILLADO TAPA BLANDA A5 INSPIRA;CUADERNOS, BLOCKS Y ANOTADORES;2105,4
999120607;CUADERNO ANILLADO TAPA DURA A5 INSPIRA;CUADERNOS, BLOCKS Y ANOTADORES;3738,9
1110037;MAPA Nº5 (Oficio) X UNIDAD;ESCOLARES;250
1110038;MAPA Nº6 X UNIDAD;ESCOLARES;1250
1166;PAPEL DOBLE  OFICIO CUADRICULADO X5;ESCOLARES;314,6
357121;PAPEL SECANTE CONGRESO POR UNIDAD;ESCOLARES;300
357301;CUENTOS CLASICOS FAVORITOS IMPRENTA MAYUSCULA  SCHOOL FUN;ESCOLARES;2600
358074;MAPA N3 (Carta) X UNIDAD;ESCOLARES;150
398270;PLANCHA DE OJALILLOS PEGASOLA X 1;ESCOLARES;302,5
582494;CUADERNILLO 1028 X 5 HJS CUADRICULADO DOBLE OFICIO (CROQUIS);ESCOLARES;1464,1
582908;TABLAS DE MULTIPLICAR LITA Y AÑAÑOS;ESCOLARES;3530,18
583150;CARTULINA - TIPO SEPARADOR- OFICIO x10;ESCOLARES;1900
583151;CARTULINA -TIPO SEPARADOR- A4 x 10;ESCOLARES;1700
583152;CARTULINA -TIPO SEPARADOR -Nº3 x 10;ESCOLARES;1300
6920583878992;SEPARADOR P/MATERIAS Nº 3 LAMA/TRAMA PVC C/LENGUETA NEON 7798307626599;ESCOLARES;1700
6920583879005 7798307626568;SEPARADOR P/MATERIAS Nº 3 LAMA PVC C/LENGUETA PASTEL;ESCOLARES;1500
6923794450063;SEPARADOR P/MATERIAS Nº 3 LAMA PVC C/LENGUETA PASTEL X6;ESCOLARES;1875,5
7791762000522;REPUESTO DE DIBUJO EXITO NRO.3 NEGRO X 5 HJS.;ESCOLARES;750
7791762000539;REPUESTO DE DIBUJO EXITO NRO.5 NEGRO X 5 HJS.;ESCOLARES;1200,04
7791762000836;REPUESTO EXITO A4 C/MARGEN REFORZADO X 192 H. RAYADO;ESCOLARES;27999,4
7791762001345;REPUESTO EXITO C/MARGEN REFORZADO X 96 H. CUADRICULADO GRANDE;ESCOLARES;10500
7791762001697;REPUESTO EXITO NAT C/MARGEN REFORZADO X 48 H. RAYADO;ESCOLARES;5500
7791762001703;REPUESTO EXITO NAT C/MARGEN REFORZADO X 48 H. CUADRICULADO;ESCOLARES;5500
7791762001710;REPUESTO EXITO NAT C/MARGEN REFORZADO X 288 H. RAYADO;ESCOLARES;21187,1
7791762001727;REPUESTO EXITO NAT C/MARGEN REFORZADO X 288 H. CUADRICULADO;ESCOLARES;21187,1
7791762001901;REPUESTO EXITO NAT A4 X 96 HJS. RAYADO;ESCOLARES;8542,6
7791762400070;REPUESTO EXITO M. REFORZADO A4 48 HS RAY;ESCOLARES;6848,6
7791762400377;REPUESTO EXITO A4 C/MARGEN REFORZADO X 48 H. CUADRICULADO;ESCOLARES;7574,6
7791762480034;REPUESTO EXITO C/MARGEN REFORZADO X 24 H. RAYADO;ESCOLARES;2777,5
7791762480072;REPUESTO EXITO C/MARGEN REFORZADO X 48 H. RAYADO;ESCOLARES;5500
7791762480126;REPUESTO EXITO C/MARGEN REFORZADO X 96 H. RAYADO;ESCOLARES;10500
7791762480188;REPUESTO EXITO C/MARGEN REFORZADO X 480 H. RAYADO;ESCOLARES;44440
7791762480263;REPUESTO EXITO C/MARGEN REFORZADO X 288 H. RAYADO;ESCOLARES;27219,5
7791762480317;REPUESTO DE DIBUJO EXITO/MURESCO NRO.3 COLOR X 6 HJS. 7791911100363;ESCOLARES;1100
7791762480324;REPUESTO DE DIBUJO EXITO NRO.3 BLANCO X 8 HJS. 7796893001035/7790530900873;ESCOLARES;1000
7791762480331;REPUESTO EXITO C/MARGEN REFORZADO X 24 H. CUADRICULADO;ESCOLARES;2777,5
7791762480379;REPUESTO EXITO C/MARGEN REFORZADO X 48 H. CUADRICULADO;ESCOLARES;5500
7791762480423;REPUESTO EXITO C/MARGEN REFORZADO X 96 H. CUADRICULADO;ESCOLARES;10500
7791762480485;REPUESTO EXITO C/MARGEN REFORZADO X 480 H. CUADRICULADO;ESCOLARES;44440
7791762480560;REPUESTO EXITO C/MARGEN REFORZADO X 288 H. CUADRICULADO;ESCOLARES;27219,5
7791762480614;REPUESTO DE DIBUJO EXITO NRO.5 COLOR X 6 HJS.;ESCOLARES;1500
7791762480621;REPUESTO DE DIBUJO EXITO NRO.5 BLANCO X 8 HJS.;ESCOLARES;1400
7791762486036;REPUESTO EXITO ECOLOGICO X 24 HJS. RAYADO;ESCOLARES;1585,1
7791762486074;REPUESTO EXITO ECOLOGICO X 48 HJS. RAYADO;ESCOLARES;3194,4
7791762486128;REPUESTO EXITO ECOLOGICO X 96 HJS. RAYADO;ESCOLARES;7500
7791762486180;REPUESTO EXITO ECOLOGICO X 480 HJS. RAYADO;ESCOLARES;28979,5
7791762486265;REPUESTO EXITO ECOLOGICO X 288 HJS. RAYADO;ESCOLARES;17738,6
7791762486333;REPUESTO EXITO ECOLOGICO X 24 HJS.CUADRICULADO;ESCOLARES;1585,1
7791762486371;REPUESTO EXITO ECOLOGICO X 48 HJS.CUADRICULADO;ESCOLARES;3194,4
7791762486425;REPUESTO EXITO ECOLOGICO X 96 HJS.CUADRICULADO;ESCOLARES;6025,8
7791762486487;REPUESTO EXITO ECOLOGICO X 480 HJS.CUADRICULADO;ESCOLARES;28979,5
7791762486562;REPUESTO EXITO ECOLOGICO X 288 HJS.CUADRICULADO;ESCOLARES;17738,6
7791911100363;REPUESTO DE DIBUJO MURESCO NRO.3 COLOR X 6 HJS.;ESCOLARES;1000
7792216003410;REPUESTO LAPRIDA X 96 HJS. RAYADO;ESCOLARES;6900
7792216003427;REPUESTO LAPRIDA X 96 HJS. CUADRICULADO;ESCOLARES;6900
7792216003434;REPUESTO LAPRIDA X 288 HJS. RAYADO;ESCOLARES;19553,6
7792216003441;REPUESTO LAPRIDA X 288 HJS. CUADRICULADO;ESCOLARES;19553,6
7792216003472;REPUESTO LAPRIDA X 480 HJS. RAYADO;ESCOLARES;32000
7792216003489;REPUESTO LAPRIDA X 480 HJS. CUADRICULADO;ESCOLARES;32000
7792216003939;PAPEL SECANTE CONGRESO 16X20CM X HOJA;ESCOLARES;300
7792216004325;REPUESTO DE DIBUJO EL NENE NRO.3 BLANCO X 8 HJS.;ESCOLARES;2300
7792216041009;REPUESTO LAPRIDA X 24 HJS. RAYADO;ESCOLARES;2110,9
7792216041016;REPUESTO LAPRIDA X 24 HJS. CUADRICULADO;ESCOLARES;2110,9
7792216041023;REPUESTO LAPRIDA X 48 HJS. RAYADO;ESCOLARES;3700
7792216041030;REPUESTO LAPRIDA X 48 HJS. CUADRICULADO;ESCOLARES;3700
7792216041603;REPUESTO RIVADAVIA CON BANDA X 24 HJS;ESCOLARES;1923,9
7792216041610;REPUESTO RIVADAVIA 24 HOJAS CUADRICULADO;ESCOLARES;520
7792216041627;REPUESTO RIVADAVIA X 24 HJS LISO MATE 492318;ESCOLARES;1839,2
7792216041634;REPUESTO RIVADAVIA CON BANDA X 48 RY;ESCOLARES;5900
7792216041641;REPUESTO RIVADAVIA CON BANDA CUADRICULADO 48 HJS BLANCO MATE;ESCOLARES;4247,1
7792216041658;REPUESTO RIVADAVIA X 96 HJS. RAYADO;ESCOLARES;8094,9
7792216041665;REPUESTO RIVADAVIA CON BANDA CUADRICULADO 96 HJS BLANCO MATE 7792216041795;ESCOLARES;10900
7792216041740;REPUESTO RIVADAVIA CON BANDA CUADRICULADO 24 HJS EXTRA BLANCO;ESCOLARES;2347,4
7792216041757;REP. RIVADAVIA * EXTRA BLANCO * 24 HS LISO CON BANDA EN EL DORSO;ESCOLARES;3800
7792216041894;REPUESTO RIVADAVIA A4 CON BANDA PROTECTORA X 48 RAYADAS;ESCOLARES;9650
7792216041900;REPUESTO RIVADAVIA 4 CON BANDA PROTECTORA X 48 CUADRICULADAS;ESCOLARES;5900
7792216041955;REPUESTO RIVADAVIA Nro.5 X 8 HJS.RAYADO;ESCOLARES;3900
7792216042020;REPUESTO RIVADAVIA Nº3 CONTABILIDAD 3 COLUMNAS X8;ESCOLARES;1740
7792216042143;SEPARADOR P/MATERIAS NRO.3 RIVADAVIA X 8 HJS;ESCOLARES;3363,8
7792216042457.0;REPUESTO RIVADAVIA CONTABILIDAD CARTA 2 COLUMNAS 8 HOJAS;ESCOLARES;3900
7792216045762;REP. RIVADAVIA CALCAR N: 3;ESCOLARES;3993
7792216045779;REP. RIVADAVIA Nº 5 8 HS. CALCAR;ESCOLARES;6364,6
77922160472082;REPUESTO RIVADAVIA Nº3 MILIMETRADO X8;ESCOLARES;1300
7792216049807;REPUESTO DIBUJO Nº5 MIGUEL ANGEL BLANCO X8HJS 7798006803116;ESCOLARES;1190
7792216050148;REPUESTO RIVADAVIA CON BANDA X 288 RAYADOS;ESCOLARES;25990,8
7792216050155;REPUESTO RIVADAVIA CON BANDA x 288 CUAD.;ESCOLARES;25990,8
7792216050162;REPUESTO RIVADAVIA X 480 HJS RAYADO Nº3 BLANCO MATE;ESCOLARES;39191,9
7792216050179;REPUESTO RIVADAVIA CON BANDA PROTECTORA X 480 CUADRICULADAS;ESCOLARES;43305,9
7792216155089;REPUESTO RIVADAVIAS RAyado n|5 x 8 hjs;ESCOLARES;3792,75
7792216210498;REPUESTO DE DIBUJO EL NENE NRO.3 COLOR X 6 HJS.;ESCOLARES;1597,2
7792216210573;REPUESTO DE DIBUJO EL NENE NRO.3 NEGRO X 6 HJS.;ESCOLARES;1593,29
7792216211235;REPUESTO DE DIBUJO EL NENE NRO.5 COLOR X 6 HJS.(211235);ESCOLARES;2093,3
7792216402046;REPUESTO AMERICA/TRIUNFO 48 HOJAS N3 CUADRICULADAS 7798152010499;ESCOLARES;1950
7792216403036;REPUESTO AMERICA C/BANDA X 96HJS RAYADO;ESCOLARES;3365,43
7792216852230;CUADERNILLO AB7 LAPRIDA x60 hojas RAYADAS;ESCOLARES;8506,3
7792216855958;CUADERNILLO A5 ARTE NORDICO x80 hojas RAYADO;ESCOLARES;9292,8
7792216856085;REPUESTO RIVADAVIA SIN BANDA X 288 RAYADO;ESCOLARES;20303,8
7792216856092;REPUESTO RIVADAVIA SIN BANDA X 288 CUADRICULADAS;ESCOLARES;20303,8
7792216856146;REPUESTO RIVADAVIA CLASICO S/B X 96 HJS. RAYADO (478531);ESCOLARES;9500
7792216856900;REPUESTO RIVADAVIA Nº 3 AULA UNIVERSAL X 96 HJS. RAYADO;ESCOLARES;6376,7
7792216856924;REPUESTO RIVADAVIA CON BANDA AULA UNIERSAL X 288;ESCOLARES;28205,1
7792216857259;CUADERNILLO ARTE BLOOM 16x21 x80hojas;ESCOLARES;5069,9
7792533002196;PUNZONES ESCOLARES;ESCOLARES;2274,8
7794698000048;GLACE MARISCAL METALIZADO 10X10 X10 HJS;ESCOLARES;121
7795002100003;CARATULA ESCOLAR FW CLASICOS x 6 C/LENGUETA;ESCOLARES;1766,6
7795002300007;CARATULA ESCOLAR FW FULL PASTEL x 6 C/LENGUETA;ESCOLARES;3133,9
7796569578120;REPUESTO TIPO CANSON Nº3 X 8 HJS TRIUNFANTE;ESCOLARES;943,8
7796893000076;PAPEL GLASE LUSTRE 10X10 SOB. X 10 7798172850037;ESCOLARES;230
7796893000113;PAPEL GLASE LUMA METALIZADO 10*10 X 10 UNIDADES;ESCOLARES;382,24
7796893000830;REPUESTO P/CALCAR LUMA NRO.3 X 8 HJS.;ESCOLARES;1402,34
7796893000847;REPUESTO P/CALCAR LUMA NRO.5 X 8 HJS.;ESCOLARES;2174,59
7796893001042;REPUESTO DE DIBUJO LUMA NRO.3 COLOR X 6 HJS.;ESCOLARES;1100
7796893002063;PAPEL GLASE LUMA METALIZADO 10 X 10 CM. SOBRE X 10 UNID.;ESCOLARES;399,3
7796893021422;PAPEL GLASE LUMA METALIZADO ROLLO DE 40 CM. X 5 MTS. ROJO;ESCOLARES;5977,4
7796893102596;REPUESTO DE DIBUJO LUMA NRO.3 PASTEL X 6 HJS.;ESCOLARES;1348,17
7796893102602;REPUESTO DE DIBUJO LUMA NRO.5 PASTEL X 6 HJS.;ESCOLARES;1230,85
77968931402596;REPUESTO DE DIBUJO LUMA NRO.3 PASTEL X 6 HJS.;ESCOLARES;1100
7798006801259 7796893000830;REPUESTO CALCAR MIL28 T/CARTA X 8;ESCOLARES;1400
7798006801402;REPUESTO P/MUSICA N° 3 1028 X 8 HJS.;ESCOLARES;1400
7798006801419;REPUESTO P CONTABILIDAD 1028 2 COLUNASX 8 HJS;ESCOLARES;1222,1
7798006801471;REPUESTO MILIMETRADO 1028 N3 X 8 HJS;ESCOLARES;1450
7798006801518;REPUESTO CALIGRAFIA 90 GR. MIL28 T/CARTA X 8;ESCOLARES;1300
7798006809118;CARTULINA -TIPO SEPARADOR -Nº3 V/COLORES;ESCOLARES;150
7798031010282;CARATULA ESCOLAR AVERY X 5 MATERIAS;ESCOLARES;2613,6
7798031019032;CARATULA ESCOLAR AVERY  x 5 INSERTABLE;ESCOLARES;3581,6
7798082560101;REPUESTO DE MUSICA Nº3 X8;ESCOLARES;1400
7798082560460;REPUESTO DISEÑO OFICIO MILIMETRADO;ESCOLARES;2300
7798082560835;REPUESTO Nº3 CONTABILIDAD 4 COLUMNAS X8;ESCOLARES;677,6
7798100969305;REPUESTO BORRAX FILGO X3;ESCOLARES;2599,95
7798101060339;REPUESTO SETTER X 400 RAY.;ESCOLARES;10599,6
7798101062005;RESPUESTO SETTER N3 DE 48H;ESCOLARES;850
7798101062609;RESPUESTO SETTER N3 DE 96 HOJAS RAYADAS;ESCOLARES;2601,5
7798101062708;RESPUESTO SETTER N3 DE 96 HOJAS CUADRICU;ESCOLARES;2600
7798101062708;REPUESTO SETTER x 96 HJS;ESCOLARES;2600
7798164341604;CARTULINA -TIPO SEPARADOR-  A4 V/COLORES;ESCOLARES;200
7798164341772;CARTULINA - TIPO SEPARADOR- OFICIO V/COLORES;ESCOLARES;200
7798164342502;REPUESTO SETTER 90 GRS. A4 X 48 RAYADO;ESCOLARES;4701,69
7798164342519;REPUESTO SETTER 90 GRS A4 X 48 CUADRICULADO;ESCOLARES;4701,69
7798367898080;SEPARADOR ESCOLAR N3  BIG POCKET/ PPR/ MOOVING/ FW;ESCOLARES;3267
7798367898103;SEPARADOR N3 ESCOLAR PASTEL;ESCOLARES;822,8
7798367898417;ETIQUETA ESCOLAR PPR VARIOS MOTIVOS;ESCOLARES;2900
7798371101435;CARATULAS ESCOLAR PASTEL;ESCOLARES;1318,9
7798371103811;SEPARADOR ESCOLAR N3 INKDROP VARIOS MODELOS;ESCOLARES;2371,6
7798412580212;SEPARADOR P/MATERIAS N°3 TRIPULANTE V/MODELOS;ESCOLARES;3902,02
7798483518770;TABLA PERIODICA ESCOLAR;ESCOLARES;800
8414533043847;TABLA PERIODICA DE LOS ELEMENTOS;ESCOLARES;800
9789501134421;CUENTO EL GALLO QUIQUIRICO SIGMAR;ESCOLARES;1706,1
9789501180909;CUENTOS CLASICOS EN MAYUSCULA;ESCOLARES;2600
9789506032951;CONSTITUCION NACIONAL EDITORIAL BETINA;ESCOLARES;3690,5
9789874929648;TABLA PERIODICA DE LOS ELEMENTOS AMI BOOKS;ESCOLARES;800
9789877971699;CUENTOS CLÁSICOS PARA SOÑAR;ESCOLARES;4210,8
9789877972511;CUENTOS PARA NIÑAS VALIENTES Y SOÑADORAS;ESCOLARES;3049,2
9789878811871;TABLA PERIODICA DE LOS ELEMENTOS ESCOLAR ATAJOS ACADEMICOS;ESCOLARES;2500
9789878811895;TABLA PERIODICA DE LOS ELEMENTOS PROFESIONAL ATAJOS ACADEMICOS;ESCOLARES;3500
9789879361801;DICCIONARIO RIVADAVIA ESCOLAR;ESCOLARES;14900
9789879361825;DICCIONARIO RIVADAVIA DE SINONIMOS ANTONIMOS Y PARONIMOS;ESCOLARES;13709,3
9789879361832;DICCIONARIO LAPRIDA ESCOLAR;ESCOLARES;8500
9789974807440;DICCIONARIO ILUSTRADO LATINBOOKS;ESCOLARES;3896,2
000003576496;MARCADOR TRABI 420 AL AGUA V/COLORES;ESCRITURA - MARCADORES;1000
0071641055193;RESALTADOR SHARPIE HIGHLIGHTER ACCENT BLADE V/COLORES (3 PTAS EN 1) SMEAR;ESCRITURA - MARCADORES;2200
0071641178238;MARCADOR PAPER MATE FLAIR EDICION ESPECIAL X6;ESCRITURA - MARCADORES;1621,4
041540013143;MARCADOR PAPER MATE FLAIR BOLD BLISTER X 4 U. SURTIDOS;ESCRITURA - MARCADORES;4803,7
041540013150;MARCADOR PAPER MATE FLAIR BOLD BLISTER X 6 U. SURTIDOS;ESCRITURA - MARCADORES;7199,5
070330368804;MARCADOR BIC INTENSITY DOBLE PUNTA PINC X 5 U;ESCRITURA - MARCADORES;3968,8
070330370999;KIT MARCADOR BIC LETTERING;ESCRITURA - MARCADORES;13213,2
27799133000878;SET MOOVING LETTERING FEST X 23 PIEZAS;ESCRITURA - MARCADORES;37570,5
27799133000885;SET MOOVING COLORING FEST X 50 PIEZAS;ESCRITURA - MARCADORES;56361,8
3086123264410;RESALTADOR BIC MARKING V COLORES;ESCRITURA - MARCADORES;2044,9
3086123465305;MARCADOR BIC EVOLUTION ULTRA LAVABLE X 12;ESCRITURA - MARCADORES;6316,2
3086126725680;MARCADOR BIC INTENSITY NEGRO;ESCRITURA - MARCADORES;447,7
3154147409039;RESALTADOR MAPED SURTIDO PASTEL X 10;ESCRITURA - MARCADORES;17855,6
3154147420331;RESALTADOR MAPED GLITTER PASTEL  X UNIDAD;ESCRITURA - MARCADORES;4392,3
3154148448204;MARCADOR MAPED COLOR PEPS WINDOW  X 6 COLORES (844820);ESCRITURA - MARCADORES;12027,4
3154148450450;MARCADOR MAPED COLOR PEPS LONGLIFE INNOVATION X 12 LARGOS;ESCRITURA - MARCADORES;7526,2
3154148457220;MARCADOR MAPED COLOR PEPS OCEAN X 24 LARGOS;ESCRITURA - MARCADORES;8900
3154148457237;MARCADOR MAPED COLOR PEPS OCEAN X 6 LARGOS;ESCRITURA - MARCADORES;2750
3154148457244;MARCADOR MAPED COLOR PEPS OCEAN X 10 LARGOS;ESCRITURA - MARCADORES;4300
3154148468080;MARCADOR MAPED COLOR PEPS DUOSTAMP C/SELLOS X 8 COLORES (846808);ESCRITURA - MARCADORES;13500
3154148471103;MARCADOR MAPED COLOR PEPS GLITTER  X 10 COLORES (847110);ESCRITURA - MARCADORES;15778,4
3154148622420;MARCADOR MAPED COSMIC X 12 LARGOS (845442);ESCRITURA - MARCADORES;3460,6
3167862057096;MARCADOR PEBEO DECOMARKER P/RED. 1.2MM. ROSA;ESCRITURA - MARCADORES;3470
3167862057201;MARCADOR PEBEO DECOMARKER P/RED. 1.2MM. AZUL NOCHE;ESCRITURA - MARCADORES;4198,7
370046;MARCADOR FILGO PINTO JUMBO NEGRO;ESCRITURA - MARCADORES;133,1
4004764028313;MARCADOR EDDING 404 (PTA EXTRAFINA PERMANENTE) V/COLORES;ESCRITURA - MARCADORES;4300
4004764028832;MARCADOR EDDING 1880 ESTILOGRAFIC0 0.1;ESCRITURA - MARCADORES;2057
4004764315772;MARCADOR EDDING 400 (PTA FINA PERMANENTE) V/COLORES;ESCRITURA - MARCADORES;4100
4004764837816;MARCADOR EDDING 791 PINTURA PTA. 1/2MM BLANCO;ESCRITURA - MARCADORES;5021,5
4004764841547;RESALTADOR EDDING E 345 TEXTMAKER VARIOS COLOREA;ESCRITURA - MARCADORES;2600
4004764845811;MARCADOR EDDING 1880 ESTILOGRAFIC0 0.05;ESCRITURA - MARCADORES;2057
4004764919208;MARCADOR EDDING E940 INDUSTRIAL NEGRO;ESCRITURA - MARCADORES;9680
4004764920907;MARCADOR EDDING 790A PAINT PTA 2/4 MM. V/COLORES;ESCRITURA - MARCADORES;2879,8
4004764921102;MARCADOR EDDING E790 PERMANENTE PAINT PUNTA REDONDA BLANCO;ESCRITURA - MARCADORES;10672,2
4004764921348;MARCADOR EDDING E791 PERMANENTE PAINT PUNTA REDONDA BLANCO;ESCRITURA - MARCADORES;2262,7
4005400252451;RESALTADOR FABER TEXTLINER 46 METALLIC ROSADO;ESCRITURA - MARCADORES;750,2
4005401011545;RESALTADOR FABER CASTELL T48 VARIOS COLORES;ESCRITURA - MARCADORES;2400
4005401020837;MARCADOR FABER 421 OHP PERM. MEDIO;ESCRITURA - MARCADORES;1427,8
4005401546245;RESALTADOR FABER TL46 METALLIC ESTUCHE X4 (VERDE, AZUL, VIOLETA Y ROJO);ESCRITURA - MARCADORES;21767,9
4005401546405;RESALTADOR FABER TEXTLINER 46 METALLIC X 4 (ORO, PLATA, RUBI Y ROSA);ESCRITURA - MARCADORES;21767,9
4005401546504;RESALTADOR FABER CASTEL METALIZADO AMARILLO;ESCRITURA - MARCADORES;689,7
4005401671329;MARCADOR FABER CASTELL PITT ARTIST PEN MANGA NEGRO ( ESTUCHE X 4 U.) (167132);ESCRITURA - MARCADORES;50469,1
4006381157926;MARCADOR STABILO PLAN 64 PIZARRA PUNTA REDONDA NEGRO;ESCRITURA - MARCADORES;943,8
4006381215725;RESALTADOR STABILO BOSS VARIOS COLORES (PASTEL/FLUO);ESCRITURA - MARCADORES;3600
4006381411301;MARCADOR STABILO TRIO DECO X 8 COLORES METALIZADOS;ESCRITURA - MARCADORES;17750,7
4006381483834;MARCADOR STABILO-PEN 68 ESTUCHE X 12 COLORES (6812-7);ESCRITURA - MARCADORES;27805,8
4006381550901;RESALTADOR STABILO SHINE ROSA;ESCRITURA - MARCADORES;2105,4
4006381550925;RESALTADOR STABILO SHINE ESTUCHE x 4;ESCRITURA - MARCADORES;8397,4
4006381574433;MARCADOR STABILO-PEN 68 ESTUCHE X  8 COLORES (5078);ESCRITURA - MARCADORES;18537,2
4012700957498;MARCADOR PELIKAN 240 PERMANENTE V/COLORES;ESCRITURA - MARCADORES;2000
4057305020147;MARCADOR EDDING E1200 COLORES PASTELES BLISTER X 6 U.;ESCRITURA - MARCADORES;7586,7
4057305020697;SET MARCADOR EDDING E751 P/VIDRIO PASTEL  x 3 SURT.;ESCRITURA - MARCADORES;30879,2
4057305031068;MARCADOR EDDING E 300 PERM P/RED 3MM NEGRO;ESCRITURA - MARCADORES;1899,7
4057305031488;MARCADOR EDDING E360 PIZARRA P RED NEGRO;ESCRITURA - MARCADORES;1585,1
41540013167;MARCADOR PAPER MATE FLAIR BOLD BLISTER X 12 U. SURTIDOS;ESCRITURA - MARCADORES;8966,1
41540013419;MARCADOR PAPER MATE FLAIR AROMAS BLISTER X 6 U. SURTIDOS;ESCRITURA - MARCADORES;4501,2
41540013426;MARCADOR PAPER MATE FLAIR AROMAS BLISTER X 12 U. SURTIDOS;ESCRITURA - MARCADORES;8445,8
41540013433;MARCADOR PAPER MATE FLAIR AROMAS BLISTER X 16 U. SURTIDOS;ESCRITURA - MARCADORES;9934,1
428878;MARCADOR UNI PX-21 FINO V/COLORES;ESCRITURA - MARCADORES;2686,2
457271;RESALTADOR PELIKAN FLASH V/COLORES PASTEL;ESCRITURA - MARCADORES;2000
468523;MARCADOR EDDING E1200 PASTELES V/COLORES;ESCRITURA - MARCADORES;1750
4714670007394;MARCADOR EZCO ESCOLAR X 6 COLORES;ESCRITURA - MARCADORES;859,1
4717480001026;BORRADOR P/PIZARRA BLANCA OLAMI;ESCRITURA - MARCADORES;3334,83
4780000254806;MARCADOR PIZARRA OLAMI MPI 220 RECARGABLE;ESCRITURA - MARCADORES;1150
4780000254967;TINTA P MARCADOR DE PIZARRA OLAMI TPI 180 20 ML;ESCRITURA - MARCADORES;3400
484309;MARCADOR UNI POSCA PC-8K PTA. CHANFLE V/COLORES;ESCRITURA - MARCADORES;11047,3
4902505423727;MARCADOR PILOT FRIXION BORRABLE 4902505423703;ESCRITURA - MARCADORES;810,7
4902778270974;MARCADOR UNI PIN-200 CHISEL P/DIBUJO TECNICO NEGRO V/MODELOS;ESCRITURA - MARCADORES;1560,9
4902778558607;MARCADOR UNI PX-21 FINO V/COLORES;ESCRITURA - MARCADORES;2686,2
4902778558744;MARCADOR UNI PX-21 PINTURA 0.8-1.2MM BLANCO;ESCRITURA - MARCADORES;871,2
4902778558744;MARCADOR UNI PX-21 PINTURA 0.8-1.2MM PLATA;ESCRITURA - MARCADORES;871,2
4902778912317;MARCADOR UNI PX-20 PTA MEDIA AL ACEITE V/COLORES;ESCRITURA - MARCADORES;2359,5
4902778912393;MARCADOR UNI PX-20 PTA MEDIA AL ACEITE V/COLORES;ESCRITURA - MARCADORES;2359,5
4902778915912;MARCADOR UNI POSCA PC-3M FINO V/COLORES;ESCRITURA - MARCADORES;8046,5
4902778916254;MARCADOR UNI POSCA PC-5M PTA MEDIA V/COLORES;ESCRITURA - MARCADORES;9147,6
5401170771618;MARCADOR PAPER MATE PUNTA FINA X 12 COLORES;ESCRITURA - MARCADORES;2734,6
5401177766792;MARCADOR SHARPIE PERM. ULTRAFINO V/COLORES;ESCRITURA - MARCADORES;2302,38
5401177767058;MARCADOR SHARPIE PERMANENTE METALICO ORO-PLATA;ESCRITURA - MARCADORES;4500
5401178076371;MARCADOR SHARPIE PERMANENTE FINO V/COLORES;ESCRITURA - MARCADORES;2302,38
5401178324342;MARCADOR SHARPIE DOBLE PUNTA FINO Y EXTRA FINO PERMANENTE V/COLORES;ESCRITURA - MARCADORES;1113,2
559593;RESALTADOR MAPED FLUO PEPS V/COLORES;ESCRITURA - MARCADORES;2300
579727;MARCADOR EDDING E1200 V/COLORES;ESCRITURA - MARCADORES;1750
579875;RESALTADOR PELIKAN FLASH V/COLORES FLUO;ESCRITURA - MARCADORES;2000
581776;MARCADOR DOBLE PUNTA FILGO ALLOY X 12 U TONOS BOTANICOS;ESCRITURA - MARCADORES;6872,8
582275;MARCADOR BIC PERMANENTE GRIP MARKING NEGRO;ESCRITURA - MARCADORES;1609,3
582398;MARCADOR FABER CASTELL FIESTA X 12 COLORES (555314);ESCRITURA - MARCADORES;5747,5
582725;PIZARRA PELIKAN DE 90 X 120 CM. BLANCA P/MARCADOR;ESCRITURA - MARCADORES;188629
582754;TINTA P/MARCADOR TRABI P/PIZARRA X 250 CC. NEGRO;ESCRITURA - MARCADORES;39022,6
582812;RESALTADOR MAPED MINI PASTEL X 4;ESCRITURA - MARCADORES;11531,9
582860;PACK X 3 RESALTADORES STABILO BOSS VARIOS COLORES (PASTEL/FLUO);ESCRITURA - MARCADORES;9900
583007;COMBO 5 MARCADORES TRABI 450 P/PIZARRA PTA REDONDA SURTIDOS;ESCRITURA - MARCADORES;7449,23
583077;RESALTADOR FILGO S LITE FLUO VARIOS COLORES;ESCRITURA - MARCADORES;450
5993102232378;MARCADOR DOBLE PUNTA X18;ESCRITURA - MARCADORES;10010
5993102241868;MARCADOR METALICOS CONTORNO CON GLITTER X 12 SURT;ESCRITURA - MARCADORES;11386,1
5993102248713;MARCADOR METALICOS CONTORNO CON GLITTER X 12 SURT;ESCRITURA - MARCADORES;14411,1
6921734965745;MARCADOR DELI SKETCH MARKER DOBLE PUNTA BOX X 12 UNIDADES;ESCRITURA - MARCADORES;22288,2
6921734974723;MARCADOR DELI SKETCH MARKER DOBLE PUNTA BOX X 24 UNIDADES;ESCRITURA - MARCADORES;44733,7
6921734983183;MARCADOR DELI SKETCH MARKER DOBLE PUNTA BOX X 36 UNIDADES;ESCRITURA - MARCADORES;69320,9
6931964386067;MARCADOR ESCOLAR EZCO  X 6 COLORES;ESCRITURA - MARCADORES;1028,5
6931964386104;MARCADOR EZCO ESCOLAR X 10 COLORES;ESCRITURA - MARCADORES;1379,4
6933650900205;MARCADOR AREA CERO DOBLE PUNTA FINO Y EXTRA FIN;ESCRITURA - MARCADORES;266,2
6973083725945;MARCADOR DELI SKETCH MARKER DOBLE PUNTA BOX X 12 AL AGUA;ESCRITURA - MARCADORES;17387,7
71641189508;MARCADOR PAPER MATE DOBLE PUNTA CONICA X 10 UNIDADES/20 COLORES;ESCRITURA - MARCADORES;4271,3
71641198869;MARCADOR SHARPIE MISTICOS FINOS BLISTER X 5 COLORES;ESCRITURA - MARCADORES;5215,1
71641198876;MARCADOR SHARPIE MISTICOS ULTRAFINO BLISTER X 5 COLORES;ESCRITURA - MARCADORES;3303,3
7501015204535;MARCADOR PELIKAN MARKANA TWIST X24;ESCRITURA - MARCADORES;8300,6
7501015204573;MARCADOR PELIKAN MARKANA TWIST X 6 COLORES PASTELES;ESCRITURA - MARCADORES;3375,9
7501015206058;MARCADOR PELIKAN COLORELLA MAGICO CAMBIACOLOR (10 COLORES+2 BLANCOS);ESCRITURA - MARCADORES;20678,9
7501015207437;MARCADOR PELIKAN 440 PERMANENTE PTA BISELADA V/COLORES;ESCRITURA - MARCADORES;665,5
7501015207475;MARCADOR PELIKAN 442 P/PIZARRA PTA CHANF. V/COLORES;ESCRITURA - MARCADORES;568,7
7501015210574;MARCADOR PELIKAN MARKANA TWIST V/COLORES;ESCRITURA - MARCADORES;435,6
7501015210598;MARCADOR PELIKAN MARKANA TWIST NEGRO;ESCRITURA - MARCADORES;762,3
7501015210635;MARCADOR PELIKAN MARKANA TWIST X 6 COLORES;ESCRITURA - MARCADORES;5094,1
7501015210642;MARCADOR PELIKAN MARKANA TWIST X 12 COLORES;ESCRITURA - MARCADORES;5820,1
7501015213483;MARCADOR PELIKAN MARKATODO BLANCO;ESCRITURA - MARCADORES;2383,7
7501015213513;MARCADOR PELIKAN MARKATODO PLATEADO;ESCRITURA - MARCADORES;2383,7
7501015213520;MARCADOR PELIKAN MARKATODO  DORADO;ESCRITURA - MARCADORES;2383,7
7502277852045;SABONIS MARCADOR PERMANENTE DOBLE PUNTA 886;ESCRITURA - MARCADORES;1350
7703064000124;RESALTADOR PELIKAN MARK2  V/COLORES;ESCRITURA - MARCADORES;1900
7703064001381;TINTA P/MARCADOR PELIKAN 741 P/PIZARRA 30ML V/COLORES;ESCRITURA - MARCADORES;7659,3
7703064948112;MARCADOR PELIKAN PARA VIDRIO WINDOW 600 X 8 COLORES SURTIDOS;ESCRITURA - MARCADORES;10587,5
7703064965812;MARCADOR PELIKAN 420 PERMANENTE COLORES PASTEL BLISTer x 5 u;ESCRITURA - MARCADORES;5420,8
7708552403067;RESALTADOR EDDING 200 HI LINE V/ COLORES;ESCRITURA - MARCADORES;1802,9
7708552403203;MARCADOR EDDING 100 (PTA REDONDA PERMANENTE) NEGRO;ESCRITURA - MARCADORES;1246,3
7708601499256;TINTA P/MARCADOR PERMANENTE EDDING T-25N X 30 ML. V/COLORES;ESCRITURA - MARCADORES;3533,2
7708601499638;MARCADOR EDDING 160 P/PIZARRA NEGRO;ESCRITURA - MARCADORES;3100
7754111015882;MARCADOR FABER CASTELL 57 AL AGUA P/RED.NEGRO;ESCRITURA - MARCADORES;350,9
7754111020848;MARCADOR FABER CASTELL FIESTA X 6 COLORES PASTEL;ESCRITURA - MARCADORES;4150,3
7754111022170;MARCADOR FABER CASTELL AL AGUA X 6 LARGOS FIESTA;ESCRITURA - MARCADORES;1120
7754111649070;RESALTADOR FABER CASTELL T49;ESCRITURA - MARCADORES;2400
7754111652230;MARCADOR FABER 52 PERM PTA REDONDA;ESCRITURA - MARCADORES;605
7754111667029;MARCADOR FABER CASTELL MULTIMARK OHP 421-F NEGRO V/MODELOS;ESCRITURA - MARCADORES;3900
77792700008272;MARCADOR PELIKAN PINTALOCO X 12 COLORES;ESCRITURA - MARCADORES;3327,5
7790578034202;TINTA P/MARCADOR TRABI P/PIZARRA X 30 CC. V/COLORES.;ESCRITURA - MARCADORES;7200
7790578034400;TINTA P/MARCADOR TRABI AL AGUA NEGRO X 30 CC;ESCRITURA - MARCADORES;2444,2
7790578057775;RESALTADOR TRABI HIGH TEXTER FLUO VARIOS COLORES;ESCRITURA - MARCADORES;950
7790578059663;RESALTADOR TRABI HIGH TEXTER PASTEL V/COLORES;ESCRITURA - MARCADORES;950
7790578085464;MARCADOR TRABI MARKALL;ESCRITURA - MARCADORES;2063,79
7790578095258;MARCADOR TRABI 450 P/PIZARRA PTA REDONDA V/COLORES;ESCRITURA - MARCADORES;1600
7790578095456;MARCADOR TRABI 151 P/PIZARRA FINO X 6 COLORES;ESCRITURA - MARCADORES;4997,3
7790578115178;MARCADOR TRABI 420 AL AGUA PTA. REDONDA BLST. X 6 COLORES FLUO;ESCRITURA - MARCADORES;3872
7790578361155;MARCADOR CHALK POP 6M TRABI  X UNIDAD;ESCRITURA - MARCADORES;4500
7790578361407;MARCADOR CHALK POP TRABI  TA 15M X UNIDAD  V/COLORES;ESCRITURA - MARCADORES;12500
7790578361698;MARCADOR PERMANENTE TRABI PIGMENT POP V COLORES;ESCRITURA - MARCADORES;3496,9
7790578452341;MARCADOR TRABI 411 AL SOLVENTE X 10 COLORES PTA REDONDA;ESCRITURA - MARCADORES;12003,2
7790578595307;MARCADOR TRABI PERMANENTE DOBLE PUNTA DUPLO NEGRO;ESCRITURA - MARCADORES;1355,2
7790578664218;MARCADOR TRABI 410 AL SOLVENTE PTA BISELADA V/COLORES 7790578664317;ESCRITURA - MARCADORES;1050
7790578665215;MARCADOR TRABI 411 AL SOLVENTE PTA REDONDA V/COLORES;ESCRITURA - MARCADORES;1050
7790578695366;MARCADOR TRABI COLOR PERMANENTE FINO NEGRO (0.3 MM);ESCRITURA - MARCADORES;847
7790578695380;MARCADOR TRABI COLOR PERMANENTE MEDIO NEGRO (2.5 MM);ESCRITURA - MARCADORES;798,6
7790578857900;RESALTADOR TRABI TEXTING PASTEL VARIOS COLORES;ESCRITURA - MARCADORES;25857,7
7792700002547;PIZARRA PELIKAN DE 30 X 40 CM. BLANCA P/MARCADOR;ESCRITURA - MARCADORES;7260
7792700002820;MARCADOR PELIKAN MARKER 420 AL AGUA;ESCRITURA - MARCADORES;2093,3
7792700002851;MARCADOR PELIKAN PERMANENTE 441 PUNTA REDONDA;ESCRITURA - MARCADORES;254,1
7792700006163;MARCADOR PELIKAN COLORELLA JUMBO X 8 COLORES;ESCRITURA - MARCADORES;6485,6
7792700006187;MARCADOR PELIKAN COLORELLA JUMBO X 8 COLORES PASTELES;ESCRITURA - MARCADORES;6655
7792700008266;MARCADOR PELIKAN PINTALOCO X 6 COLORES;ESCRITURA - MARCADORES;2153,8
7792700008273;MARCADOR PELIKAN PINTALOCO X 12 COLORES;ESCRITURA - MARCADORES;4271,3
7792700008280;MARCADOR PELIKAN PINTALOCO X 24 COLORES;ESCRITURA - MARCADORES;3751
7793198085104;MARCADOR PIZZINI PARA TELA X 10 (8510);ESCRITURA - MARCADORES;14665,2
7793198412054;MARCADOR PIZZINI P/DIBUJO TECNICO (0,1 AL 1);ESCRITURA - MARCADORES;3900
7793198412078;MARCADOR PIZZINI P/DIBUJO TECNICO (0,1 AL 1);ESCRITURA - MARCADORES;3900
7793198412092;MARCADOR PIZZINI P/DIBUJO TECNICO (0,05);ESCRITURA - MARCADORES;3900
7793198840901;MARCADOR PIZZINI PARA VIDRIO X 9 (8409);ESCRITURA - MARCADORES;11664,4
7795245101027;MARCADOR PAPER MATE PUNTA CONICA X 12 COLORES (10106);ESCRITURA - MARCADORES;1318,9
7795245102024;MARCADOR PAPER MATE JUMBO X 12 COLORES (10206);ESCRITURA - MARCADORES;2165,9
7795513043806 7795513043844;CAJA X 12 MARCADORES FILGO PERMANENTES 050/051;ESCRITURA - MARCADORES;15496,7
7795513043875;RESALTADOR FILGO TEXTMARKER FLUO VARIOS COLORES;ESCRITURA - MARCADORES;1100
7795513049457;RESALTADOR FILGO LIGHTER FINE FLUO/PASTEL VARIOS COLORES;ESCRITURA - MARCADORES;600
7795513053287;MARCADOR FILGO PMTE 040 PUNTA FINA NEGRO;ESCRITURA - MARCADORES;1400
7795513053447;RESALTADOR FILGO LIGHTER FINE X4 FLUO;ESCRITURA - MARCADORES;2800
7795513053539;MARCADOR FILGO PINTO ESCOLAR JUMBO NEGRO;ESCRITURA - MARCADORES;229,9
7795513053843;CAJA X 12 MARCADORES FILGO PARA PIZARRA 068;ESCRITURA - MARCADORES;15388,9
7795513075913;MARCADOR FILGO MARKER 036 PTA MED 1.0 EST X6 FLUO;ESCRITURA - MARCADORES;4719
7795513075951;MARCADOR FILGO MARKER 036 PTA MED 1.0 EST X6 PASTEL;ESCRITURA - MARCADORES;4719
7795513076781;MARCADOR FILGO PMTE 040 PUNTA FINA BLISTER X 6 BRILLANTES;ESCRITURA - MARCADORES;6558,2
7795513076798;MARCADOR FILGO PMTE 040 PUNTA FINA BLISTER X 6 METALIZADOS;ESCRITURA - MARCADORES;10224,5
7795513077337;RESALTADOR FILGO LIGHTER FINE PASTEL BLISTER X4;ESCRITURA - MARCADORES;2800
7795513077399;RESALTADOR FILGO LIGHTER FINE PASTEL VARIOS COLORES;ESCRITURA - MARCADORES;600
7795513078167;MARCADOR FILGO PMTE 040 PUNTA FINA BLISTER X 5 FLUO;ESCRITURA - MARCADORES;3642,1
7795513078181;MARCADOR FILGO PMTE 040 PUNTA FINA BLISTER X 5 PASTEL;ESCRITURA - MARCADORES;4961
7795513177563;RESALTADOR FILGO TEXT MARKER METALIZADO BL X4;ESCRITURA - MARCADORES;6013,7
7796568961466;SET  EDDING MARCADOR BACK TO SCHOOL X 20 SURT.;ESCRITURA - MARCADORES;49658,4
779656896159;SET EDDING MARCADOR PASTEL POWER X 15 SURT.;ESCRITURA - MARCADORES;6860,7
7798100960050;RESALTADOR FILGO FINO X 18 PASTEL;ESCRITURA - MARCADORES;11180,4
7798100960456;MARCADOR FILGO MARKER 036 PTA MED 1.0 EST X6 PINK;ESCRITURA - MARCADORES;3920,4
7798100960463;MARCADOR FILGO MARKER 036 PTA MED 1.0 EST X6 GALAXY;ESCRITURA - MARCADORES;3896,2
7798100960470;MARCADOR FILGO MARKER 036 PTA MED 1.0 EST X6 RETRO;ESCRITURA - MARCADORES;3896,2
7798100960487;CAJA X 12 MARCADORES FILGO PERMANENTE 042 DOBLE PUNTA;ESCRITURA - MARCADORES;23221,2
7798100960524;MARCADOR FILGO PERMANENTE 042 DOBLE PUNTA;ESCRITURA - MARCADORES;2000
7798100961170;RESALTADOR FILGO TEXTMARKER PASTEL VARIOS COLORES;ESCRITURA - MARCADORES;1100
7798100961361;MARCADOR FILGO PERMANENTE 060 PUNTA BISELADA;ESCRITURA - MARCADORES;1000
7798100961439;MARCADOR FILGO PERMANENTE 061 PUNTA REDONDA;ESCRITURA - MARCADORES;1000,01
7798100961491;MARCADOR FILGO PARA PIZARRA 068;ESCRITURA - MARCADORES;1400
7798100963129 7798100963167;MARCADOR FILGO PERMANENTE 050-051 x unidad;ESCRITURA - MARCADORES;1400
7798100963242;MARCADOR FILGO PARA PIZARRA 058;ESCRITURA - MARCADORES;1600
7798100963617;MARCADOR FILGO PMTE 041 PUNTA ULTRA FINA 0.4 NEGRO;ESCRITURA - MARCADORES;1400
7798100963655;MARCADOR FILGO P/TELA X 10 040;ESCRITURA - MARCADORES;12922,8
7798100963686;MARCADOR FILGO 580 P/CERAMICA X 10 040;ESCRITURA - MARCADORES;13152,7
7798100963761 7798100964966 7798100964881 7798100964959;MARCADOR FILGO MULTILIGHTER DOBLE PNTA CANDY X4;ESCRITURA - MARCADORES;4850
7798100963808;MARCADOR FILGO DUO BRUSH X6 CLASICOS;ESCRITURA - MARCADORES;13225,3
7798100964485;MARCADOR FILGO MULTILIGHTER DOBLE PNTA ESSENTIAL X4;ESCRITURA - MARCADORES;3726,8
7798100965765;MARCADOR DOBLE PUNTA FILGO ALLOY X 12 U TONOS NEUTROS;ESCRITURA - MARCADORES;10926,3
7798100966069;RESALTADOR FILGO 300 FINO TRANSPARENTE;ESCRITURA - MARCADORES;375,1
7798167434419;MARCADOR ALBA ACRYLIC COLOR PUNTA M 4MM. V/COLORES (004);ESCRITURA - MARCADORES;1694
7798167434754;MARCADOR ALBA ACRYLIC COLOR PUNTA M 4MM. V/COLORES (004);ESCRITURA - MARCADORES;1694
7798184713733;MARCADOR SIMBALL SUPERLAVABLES X  6 COLORES (ESTUCHE);ESCRITURA - MARCADORES;3327,5
7798194555552;MARCADOR PERMANENTE PUNTA REDONDA TALBOT 1000;ESCRITURA - MARCADORES;592,9
7798302937041;MARCADOR MOOVING FINO BLISTER X 10 COLORES;ESCRITURA - MARCADORES;6231,5
7798302937102;MARCADOR MOOVING GLITTER PASTEL BLISTER X 6 COLORES;ESCRITURA - MARCADORES;13915
7798302937119;RESALTADOR MOOVING PASTEL BLISTER SURTIDO X 5 U.;ESCRITURA - MARCADORES;9159,7
7798302937126;RESALTADOR MOOVING COLORING X 8 PASTEL;ESCRITURA - MARCADORES;9583,2
7798302937133;RESALTADOR MOOVING COLORING X 5 NEON;ESCRITURA - MARCADORES;9159,7
7798302937140;RESALTADOR MOOVING COLORING X 4 DUO (NEON/PASTEL);ESCRITURA - MARCADORES;7429,4
7798314121254;MARCADOR SIMBALL SUPERLAVABLES X  6 COLORES (ESTUCHE);ESCRITURA - MARCADORES;14471,6
7798347420010;MARCADOR SIMBALL BRUSH HITS NEGRO X 1;ESCRITURA - MARCADORES;471,9
7798356616428;MARCADOR MOOVING DOBLE PUNTA CROMA GRISES BLISTER X 6 COLORES;ESCRITURA - MARCADORES;13915
7798356616442;MARCADOR MOOVING METALICO BLISTER X 5 COLORES;ESCRITURA - MARCADORES;11180,4
7798356616459;RESALTADOR MOOVING GLITTER BLISTER X 4;ESCRITURA - MARCADORES;12753,4
7798356616466;RESALTADOR MOOVING GEL CON AROMA BLISTER X 4 U.;ESCRITURA - MARCADORES;9510,6
7798356618057;MARCADOR MOOVING PASTEL BLISTER X 8 COLORES;ESCRITURA - MARCADORES;7187,4
7798434160799;MARCADOR FILGO TNT 7.0 PINT AL AGUA V COLORES;ESCRITURA - MARCADORES;8500
7798434161550;MARCADOR ESTUCHE FILGO X 20  7798434161543 7798100969367;ESCRITURA - MARCADORES;10900
7799070001200;BORRADOR TALBOT P/PIZZARRA MAGNETICA EP X 1U;ESCRITURA - MARCADORES;2976,6
7799070015375;MARCADOR TALBOT DOBLE PUNTA VALIJA X 12;ESCRITURA - MARCADORES;7623
7799070020973;MARCADOR TALBOT DOBLE PUNTA GLITTER VALIJA X12 U (24 colores);ESCRITURA - MARCADORES;11900
7799070020980;MARCADOR TALBOT DOBLE PUNTA GLITTER VALIJA X24u (48 colores);ESCRITURA - MARCADORES;21500
7799133001741;MARCADOR MOOVING DOBLE PUNTA METALICOS BLISTER X 8 COLORES;ESCRITURA - MARCADORES;27830
7799133001758;MARCADOR MOOVING FINO BLISTER X 20 COLORES;ESCRITURA - MARCADORES;12644,5
7799133001772;MARCADOR MOOVING DOBLE PUNTA BLISTER X 20 COLORES;ESCRITURA - MARCADORES;40583,4
7799133007057;RESALTADOR MOOVING DOBLE PUNTA X5 DUO DINAMICO;ESCRITURA - MARCADORES;15076,6
7799133007064;MARCADOR MOOVING OUTLINER PLATA BLISTER X 6 COLORES;ESCRITURA - MARCADORES;19166,4
7909439024881;BORRADOR P/PIZARRA BLANCA OLAMI GOMA EVA MAGNET;ESCRITURA - MARCADORES;2500
8003511430986;RESALTADOR CARIOCA MEMOLIGHT ECO X 4;ESCRITURA - MARCADORES;10773,9
8003511431006;MARCADOR AL AGUA CARIOCA JOY  ECO X 12;ESCRITURA - MARCADORES;7528,69
8003511431013;MARCADOR AL AGUA CARIOCA JUMBO ECO X 12;ESCRITURA - MARCADORES;16824,8
8003511452124;MARCADOR AL AGUA CARIOCA JUMBO ECO;ESCRITURA - MARCADORES;21644,7
9556091111824;TINTA STABILO P/MARCADOR PIZARRA X25CC.PLAN 64 AZUL;ESCRITURA - MARCADORES;5929
9556091111831;TINTA  STABILO P/MARCADOR PIZARRA X25CC.PLAN 64 NEGRO;ESCRITURA - MARCADORES;7247,9
070330946446;LAPICES DE COLORES BIC EVOLUTION X 12 LARGOS + 4 GRAFITOS;ESCRITURA - PARA PINTAR;4500
071641048584;KIT SHARPIE BRUSH X4  PUNTA PINCEL;ESCRITURA - PARA PINTAR;5069,9
071641187412;LAPICES DE COLORES PAPER MATE X 12 COLORES + 3 NEON (32305);ESCRITURA - PARA PINTAR;4500
071641189423;CRAYONES JUMBO PAPER MATE;ESCRITURA - PARA PINTAR;1367,3
092626528167;LAPICES DE COLORES MINNIE;ESCRITURA - PARA PINTAR;2020,7
3086123465664;LAPICES DE COLORES BIC EVOLUTION X 12 LARGOS MINA GRUESA DE 4MM;ESCRITURA - PARA PINTAR;4731,1
3154148296003;LAPICES COLOR PEPS DUO X 12 COLORS MAPED;ESCRITURA - PARA PINTAR;9317
3154148296027;LAPICES MAPED DUO COLOR COLORPEPS x 24 unidades;ESCRITURA - PARA PINTAR;24575,1
3154148312260;KIT COLOREO MAPED CREATIV HOJAS EFECTO 3D (831226);ESCRITURA - PARA PINTAR;19989,2
3154148320036;LAPICES MAPED COLOR PEP FLUO X6 LARGOS;ESCRITURA - PARA PINTAR;5735,4
3154148320173;LAPICES DE COLORES MAPED COLOR PEPS X 36 LARGOS (832017);ESCRITURA - PARA PINTAR;9680
3154148320487;LAPICES DE COLORES MAPED COLOR PEPS X 48 LARGOS (832048);ESCRITURA - PARA PINTAR;38308,6
3154148320692;LAPICES DE COLORES MAPED COLOR PEPS PASTEL X 12 COLORES LARGOS (832069);ESCRITURA - PARA PINTAR;6950
3154148322245;LAPICES DE COLORES MAPED  X 24 ANIMALES;ESCRITURA - PARA PINTAR;3061,3
3154148328124;LAPICES DE COLORES MAPED COLOR PEPS OOPS! BORRABLES X 12 LARGOS;ESCRITURA - PARA PINTAR;6500
3154148360117;LAPICES DE COLORES MAPED COLOR PEPS X 12 LARGOS ACUARELABLES (836011);ESCRITURA - PARA PINTAR;12886,5
3154148363064;CRAYONES MAPED COLOR PEPS GEL X 6 LARGOS;ESCRITURA - PARA PINTAR;5868,5
3154148363101;CRAYONES MAPED COLOR PEPS GEL X 10 LARGOS;ESCRITURA - PARA PINTAR;9486,4
3154148454427;MARCADORES MAPED COSMIC  X 12;ESCRITURA - PARA PINTAR;5493,4
3154148454694;MARCADORES MAPED PASTEL ESTUCHE X 10;ESCRITURA - PARA PINTAR;8397,4
3154148458081;MARCADORES COLOR PEP´S GLITTER X 8;ESCRITURA - PARA PINTAR;15778,4
3154148606123;LAPICES DE CERA MAPED TWIST X 12 COLORES (860612);ESCRITURA - PARA PINTAR;12172,6
3154148613114;LAPICES DE CERA MAPED MAXI  X  12 COLORES (861311);ESCRITURA - PARA PINTAR;7901,3
3154148626121;LAPICES DE COLORES MAPED COLOR PEPS MONSTERS X 12 LARGOS (862612);ESCRITURA - PARA PINTAR;2504,7
3154148627128;LAPICES DE COLORES MAPED COLOR PEPS  X 12 LARGOS STRONG (862712);ESCRITURA - PARA PINTAR;3300
3154148628125;LAPICES DE COLORES MAPED STRONG MINI;ESCRITURA - PARA PINTAR;895,4
3154148631064;LAPICES DE CERA MAPED BABY X  6 COLORES (863106);ESCRITURA - PARA PINTAR;11216,7
3154148633129;LAPICES MAPED COLOR PEPS STRONG JUMBO X 12 LARGO;ESCRITURA - PARA PINTAR;9680
3154148638063;LAPICES DE CERA MAPED BABY X  6 COLORES (863106);ESCRITURA - PARA PINTAR;2214,3
3154149070374;KIT COLOREO MAPED CREATIV X 50PIEZAS;ESCRITURA - PARA PINTAR;32294,9
3154149847228;KIT COLOREO MAPED CREATIV GLITTER X 31 PZAS. (984722);ESCRITURA - PARA PINTAR;25906,1
362943;MARCADORES DELI DOBLE PUNTA X24;ESCRITURA - PARA PINTAR;7405,2
4006381316132;MICROFIBRA STABILO POINT 88 X 6 ESTUCHE SURT.;ESCRITURA - PARA PINTAR;4755,3
4006381357135;MICROFIBRA STABILO POINT 88 COLOR PARADE ESTUCHE x 20 ROJO;ESCRITURA - PARA PINTAR;47165,8
4006381433204;MICROFIBRA STABILO POINT 88 X 10 ( 8 + 2 S/CARGO);ESCRITURA - PARA PINTAR;15766,3
4006381438599;MICROFIBRA STABILO POINT 88 X 5 SURTIDO NEON;ESCRITURA - PARA PINTAR;4005,1
4006381458900;MICROFIBRA STABILO POINT 88 ZEBRA X 20 STABILO ( 15 + 5 NEON);ESCRITURA - PARA PINTAR;41660,3
4006381488020;LAPICES  STABILO  COLOR CARTON X 12 LARGOS;ESCRITURA - PARA PINTAR;6425,1
4006381488044;LAPICES DE COLORES STABILO X24;ESCRITURA - PARA PINTAR;4646,4
4006381488051;LAPICES STABILO COLOR CARTON x 30 LARGOS;ESCRITURA - PARA PINTAR;16008,3
4006381493499;MICROFIBRA STABILO POINT 88 PASTEL X 8 ESTUCHE SURT.;ESCRITURA - PARA PINTAR;16661,7
4006381547185;LAPICES  STABILO AQUACOLOR ARTY CARTON X 12 LARGOS;ESCRITURA - PARA PINTAR;12801,8
412055;BORRADOR DE MADERA P/TIZA;ESCRITURA - PARA PINTAR;653,4
4713791501866;CRAYON BORRABLE GAMES BENSIA C GOMA;ESCRITURA - PARA PINTAR;544,5
4902505375248;MARCADORES PILOT FRIXION LIGHT X6;ESCRITURA - PARA PINTAR;3230,7
581884;CRAYONES FILGO X 48;ESCRITURA - PARA PINTAR;19900
582483;MARCADORES GIOTTO TURBO X1;ESCRITURA - PARA PINTAR;471,9
582777;MARCADORES TRIANGULARES EZCO VALIJA X48;ESCRITURA - PARA PINTAR;18827,6
582778;MARCADORES TRIANGULARES EZCO VALIJA X36;ESCRITURA - PARA PINTAR;18900
583017;PACK 5 MICROFIBRAS FILGO LINER 038 SURTIDAS;ESCRITURA - PARA PINTAR;4992,29
583100;MARCADOR TALBOT ACRILICO VALIJA X24U;ESCRITURA - PARA PINTAR;19644,2
656291665864;MARCADORES NUWA TOUCH ALCOHOL LINEA URBANA X24;ESCRITURA - PARA PINTAR;20086
656291666366;MARCADORES NUWA DOBLE PUNTA BRUSH-FINE X 36;ESCRITURA - PARA PINTAR;36445,2
656291666465;MARCADORES NUWA TOUCH ALCOHOL LINEA URBANA X12;ESCRITURA - PARA PINTAR;10926,3
656291667769;MARCADORES NUWA TOUCH X 24, PRINCESAS;ESCRITURA - PARA PINTAR;11833,8
656291667967;MARCADORES NUWA TOUCH X 24 TOY STORY;ESCRITURA - PARA PINTAR;10648
656291670769;MINI RESALTADORES NUWA PRINCESAS;ESCRITURA - PARA PINTAR;3775,2
6890000052345;CRAYON IMPORTADO X 6;ESCRITURA - PARA PINTAR;266,2
6901893817925;MARCADORES DOBLE PUNTA X 4;ESCRITURA - PARA PINTAR;3121,8
6921403900121;CRAYONES EZCO GEL VALIJA X 12 + PINCEL;ESCRITURA - PARA PINTAR;11500
6921403900244;CRAYONES EZCO GEL VALIJA X 24 + PINCEL;ESCRITURA - PARA PINTAR;22900
6921561722016;LAPICES DE COLORES EZCO MITO X 12 LARGOS;ESCRITURA - PARA PINTAR;2105,4
6921561723013;CRAYONES DE CERA EZCO x6;ESCRITURA - PARA PINTAR;774,4
6921561723020;CRAYONES DE CERA EZCO x12;ESCRITURA - PARA PINTAR;1464,1
6921734922267;MARCADORES TRIANGULARES PASTEL  EZCO VALIJA X12;ESCRITURA - PARA PINTAR;6900
6925651500126;CRAYON IMPORTADO X 12;ESCRITURA - PARA PINTAR;435,6
6931964386012;MARCADORES EZCO BRUSH PUNTA PINCEL X 6 NEON;ESCRITURA - PARA PINTAR;4101,9
6931964386159;MARCADORES EZCO BRUSH PUNTA PINCE X10;ESCRITURA - PARA PINTAR;9728,4
6931964860055;MARCADOR EZCO BRUSH PUNTA PINCEL PASTEL X 6;ESCRITURA - PARA PINTAR;5662,8
6935205309495;LAPICES DE COLORES DELI COLOR EMOTION X 36 ACUARELABLES + PINCEL;ESCRITURA - PARA PINTAR;36820,3
6939585808807;MARCADORES TRIANGULARES EZCO VALIJA X12;ESCRITURA - PARA PINTAR;6500
6939585808821;MARCADORES TRIANGULARES EZCO VALIJA X24;ESCRITURA - PARA PINTAR;12900
6939585808838;MARCADORES TRIANGULARES PASTEL EZCO VALIJA X36;ESCRITURA - PARA PINTAR;18900
6941798418841;MARCADOR DELI PAINT ACRILICO U500 6941798420875;ESCRITURA - PARA PINTAR;3471,34
6942233640810;MARCADORES DELI ACRILICO GLITTER X 6 COLORES V/MODELOS 6942233640834 694233640827;ESCRITURA - PARA PINTAR;10621,1
70330364066;MARCADOR BIC INTENSITY PUNTA PINCEL X 10 COLORES (970926);ESCRITURA - PARA PINTAR;20182,8
71641185999;LAPICES DE COLORES PAPER MATE BICOLOR X 12 UNIDADES/24COLORES;ESCRITURA - PARA PINTAR;2456,3
71641189423;LAPICES DE CERA PAPER MATE JUMBO TRIANGULARES X 12 COLORES;ESCRITURA - PARA PINTAR;4997,3
7501015203569;MARCADOR PELIKAN MARKANA PTA PINCEL BLISTER X 12 COLORES;ESCRITURA - PARA PINTAR;24563
7501015205235;LAPICES DE COLORES PELIKAN X 12 LARGOS PASTELES;ESCRITURA - PARA PINTAR;18125,8
7501015205693;CRAYONES PELIKAN JUMBO TRIANG METALICO C/6 UNID;ESCRITURA - PARA PINTAR;2081,2
7501015206195;MARCADOR PELIKAN MARKANA PTA PINCEL PASTEL BLISTER X 12 COLORES;ESCRITURA - PARA PINTAR;27019,3
7501015207321;LAPICES DE CERA PELIKAN JUMBO GLITTER  X 6 U.;ESCRITURA - PARA PINTAR;3593,7
7501843501882;KIT BIC BOTELLA INTENSITY PREMIUM X 15 SURTIDO (9309575);ESCRITURA - PARA PINTAR;23268,3
7502277850416;SABONIS MINI FIBRAS M2001 X12;ESCRITURA - PARA PINTAR;3300
7754111024990;MARCADORES X 10 FABER CASTELLL FIESTA;ESCRITURA - PARA PINTAR;6812,3
7790578010336;MICROFIBRA TRABI FREE LINERS NEON BLISTER X 5 COLORES;ESCRITURA - PARA PINTAR;3620,69
7790578059571;MARCADOR TRABI ART BRUSH PASTEL PUNTA PINCEL BLISTER X 6 COLORES;ESCRITURA - PARA PINTAR;6800,2
7790578061789;PLASTIPINTURITAS TRABI X 12 COLORES;ESCRITURA - PARA PINTAR;2758,8
7790578153538;MARCADORES TRABI JUNIOR VALIJA X 30 U;ESCRITURA - PARA PINTAR;13980
7790667000057;PLASTIPINTURITAS JOVI X 12 COLORES;ESCRITURA - PARA PINTAR;2407,9
7792700006170;LAPICES DE COLORES PELIKAN PINTALOCO X 12 LARGOS;ESCRITURA - PARA PINTAR;1815
7792700006422;LAPICES DE COLORES PELIKAN PINTALOCO X 24 LARGOS;ESCRITURA - PARA PINTAR;3932,5
7795245104059;LAPICES DE COLORES PAPER MATE NEON X 6 COLORES (10405);ESCRITURA - PARA PINTAR;1403,6
7795513044698;MARCADORES FILGO ESCOLARES 2220 x6;ESCRITURA - PARA PINTAR;2700
7795513044704;MARCADORES FILGO ESCOLARES 2220 x10;ESCRITURA - PARA PINTAR;4000
7795513044728;LAPICES DE COLORES FILGO PINTO X 12 LARGOS;ESCRITURA - PARA PINTAR;2200
7795513049594;LAPICES DE COLORES FILGO PINTO X 24 LARGOS;ESCRITURA - PARA PINTAR;4198,7
7795513049600;LAPICES DE COLORES X 6 PINTO FILGO;ESCRITURA - PARA PINTAR;350,9
7795513053638;MARCADORES FILGO JUMBO X 10;ESCRITURA - PARA PINTAR;8500
7795513075081;LAPICES DE COLORES FILGO PINTO X 36 LARGOS;ESCRITURA - PARA PINTAR;6836,5
7795513075104;MARCADORES FILGO ESCOLARES x10;ESCRITURA - PARA PINTAR;1500,4
7795513075128;CRAYONES FILGO PINTO X 6 CORTOS;ESCRITURA - PARA PINTAR;1100
7795513075135;CRAYONES FILGO PINTO X 12;ESCRITURA - PARA PINTAR;2200
7795513075142;CRAYONES FILGO PINTO JUMBO X 6 CORTOS;ESCRITURA - PARA PINTAR;2400
7795513075159;CRAYONES FILGO PINTO JUMBO X 12;ESCRITURA - PARA PINTAR;3999
7795513075241;CRAYONES FILGO PINTO FLUO X6 CORTOS;ESCRITURA - PARA PINTAR;2999
7795513075296;MICROFIBRA FILGO LINER 038 0.4MM EST X5 FLUO;ESCRITURA - PARA PINTAR;5800
7795513077092;LAPICES PINTO JUMBO HB X DOCENA;ESCRITURA - PARA PINTAR;847
7795513079058;MARCADORES 2220 PASTEL FILGO;ESCRITURA - PARA PINTAR;665,5
7795513177457;MARCADOR FILGO BRUSH PEN PUNTA PINCEL X10 COLORES SURTIDOS;ESCRITURA - PARA PINTAR;3194,4
7795513177471;MARCADOR FILGO PUNTA PINCEL NEGRO;ESCRITURA - PARA PINTAR;387,2
7795513177501;LAPICES DE COLORES FILGO PINTO SKINTONES X6;ESCRITURA - PARA PINTAR;2311,1
7795513177518;LAPICES DE COLORES FILGO PINTO FLUO X8;ESCRITURA - PARA PINTAR;3460,6
7795513177525;LAPICES DE COLORES METALIZADOS X 10 FILGO;ESCRITURA - PARA PINTAR;4295,5
7795513177532;LAPICES DE COLORES FILGO PINTO PASTEL X10;ESCRITURA - PARA PINTAR;5149,05
7795513177549;LAPICES DE COLORES FILGO PINTO BICOLOR X12;ESCRITURA - PARA PINTAR;4743,2
7795513177556;MARCADORES FILGO JUMBO X 6 PASTEL;ESCRITURA - PARA PINTAR;5900
7795513177594;LAPICES DE COLORES FILGO PINTO BORRABLES X12 LARGOS;ESCRITURA - PARA PINTAR;3436,4
7795513177617;LAPICES DE COLORES FILGO PINTO X48 LARGOS;ESCRITURA - PARA PINTAR;9038,7
7796374069967;CRAYONES JUMBO ALBA X 6;ESCRITURA - PARA PINTAR;810,7
7797630009031;LAPICES DE CERA KREKER BLOQUES APILABLES X 7 COLORES (903);ESCRITURA - PARA PINTAR;6400,9
7798100960425;MICROFIBRA FILGO LINER 038 0.4MM EST X6 COLORES PINK;ESCRITURA - PARA PINTAR;4017,2
7798100960449;MICROFIBRA FILGO LINER 038 0.4MM EST X6 COLORES RETRO;ESCRITURA - PARA PINTAR;3472,7
7798100963037;LAPIZ COLOR FILGO X60;ESCRITURA - PARA PINTAR;11171,5
7798100963099;MARCADORES PINTO 2220 PASTEL X10;ESCRITURA - PARA PINTAR;3484,8
7798100963549;MARCADORES FILGO ESCOLARES PIEL x6;ESCRITURA - PARA PINTAR;1681,9
7798100963730;RESALTADOR FILGO DOBLE PUNTA MULTILIGHTER X18 PASTEL;ESCRITURA - PARA PINTAR;18488,8
7798100963754;RESALTADOR DOBLE PTA FILGO MULTILIGHTER X48;ESCRITURA - PARA PINTAR;30376,5
7798100963785;MARCADOR PINCEL DUO BRUSH GALAXY FILGO X 6 UNIDADES;ESCRITURA - PARA PINTAR;13733,5
7798100963792;MARCADOR PINCEL DUO BRUSH X 4 FILGO PASTEL;ESCRITURA - PARA PINTAR;9837,3
7798100963822;MARCADORES PINTO 2220 GLITTER X8;ESCRITURA - PARA PINTAR;5771,7
7798100963839;MARCADORES PINTO 2220 PASTEL GLITTER X8;ESCRITURA - PARA PINTAR;5348,2
7798100963853;MARCADORES PINTO 2220 BORRABLES 9+1;ESCRITURA - PARA PINTAR;4017,2
7798100963877;MARCADORES PINTO 2220 PERFUMADOS X10;ESCRITURA - PARA PINTAR;3545,3
7798100963907;MARCADORES FILGO PINTO PTA CONICA X10;ESCRITURA - PARA PINTAR;6788,1
7798100964607;LAPICES FILGO SUPERSOFT X12 BLACK AND WHITE;ESCRITURA - PARA PINTAR;7400
7798100964614;LAPICES FILGO BLACK N WHITE X 24;ESCRITURA - PARA PINTAR;10188,2
7798100964645;MARCADOR PUNTA PINCEL BRUSH 035 FILGO X 10;ESCRITURA - PARA PINTAR;11325,6
7798100965222;CRAYONES FILGO X 8 FLUO;ESCRITURA - PARA PINTAR;2999
7798100965284;CRAYONES FILGO X48;ESCRITURA - PARA PINTAR;19900
7798100967868;LAPICES DE COLORES FILGO PINTO X 12 LARGOS + 2 LAPICES HB;ESCRITURA - PARA PINTAR;2200
7798100969152 7798100969343 7798100969329 7798434161529;LAPIZ COLOR FILGO 12+2GOMA+SACAP V/MOD;ESCRITURA - PARA PINTAR;3900
7798302936976;LAPICES DE COLORES MOOVING X 12 LARGOS;ESCRITURA - PARA PINTAR;7889,2
7798302936983;LAPICES DE COLORES MOOVING X 24 LARGOS;ESCRITURA - PARA PINTAR;15052,4
7798302936990;LAPICES DE COLORES MOOVING PASTELES X 10 LARGOS;ESCRITURA - PARA PINTAR;7925,5
7798302937003;LAPICES DE COLORES MOOVING NEON X 6 LARGOS;ESCRITURA - PARA PINTAR;5795,9
7798302937010;LAPICES DE COLORES MOOVING METALIZADOS X 6 LARGOS;ESCRITURA - PARA PINTAR;4791,6
7798302937027;LAPICES DE COLORES MOOVING COLORING X 12 LARGOS BICOLOR;ESCRITURA - PARA PINTAR;10321,3
7798302937058;MARCADOR MOOVING PUNTA PINCEL BLISTER X 10 COLORES;ESCRITURA - PARA PINTAR;13334,2
7798302937065;MICROFIBRA MOOVING COLORING X 10;ESCRITURA - PARA PINTAR;13915
7798302937072;MICROFIBRA MOOVING INFINITOS PASTELES BLISTER SURTIDO X 5 U.;ESCRITURA - PARA PINTAR;6037,9
7798302937089;MICROFIBRA MOOVING COLORING X 5 LUMINOSAS;ESCRITURA - PARA PINTAR;7308,4
7798302937096;MICROFIBRA MOOVING INFINITOS BLISTER SURTIDO X 20;ESCRITURA - PARA PINTAR;26668,4
7798314121339;MICROFIBRA SIMBALL SKETCH BLISTER X 5 V/MODELOS;ESCRITURA - PARA PINTAR;1415,7
7798314121384;MICROFIBRA SIMBALL 0,4MM SKETCH BLISTER X 10;ESCRITURA - PARA PINTAR;2722,5
7798346406619;CRAYONES PARA EL AGUA WERO OCEAN X 6 U;ESCRITURA - PARA PINTAR;2165,9
7798347420096;LAPICES DE COLORES SIMBALL INNOVATION FLUO X8 U;ESCRITURA - PARA PINTAR;4900
7798347420102;LAPICES DE COLORES SIMBALL INNOVATION X 8 PASTEL;ESCRITURA - PARA PINTAR;4500
7798347420126;LAPICES SIMBALL X8 LARGOS INNOVATIONMETAL;ESCRITURA - PARA PINTAR;3896,2
7798350783904;CAJA LETTERING;ESCRITURA - PARA PINTAR;5880,6
7798356616374;LAPICES DE COLORES MOOVING PASTELES X 20 LARGOS;ESCRITURA - PARA PINTAR;15149,2
7798356616381;LAPICES DE COLORES MOOVING ACUARELABLES X 12 LARGOS;ESCRITURA - PARA PINTAR;12753,4
7798356616398;LAPICES DE COLORES MOOVING ACUARELABLES X 24 LARGOS;ESCRITURA - PARA PINTAR;20122,3
7798356616404;CAJA ARTISTICA MOOVING INSPIRARTE X 40 PIEZAS;ESCRITURA - PARA PINTAR;52405,1
7798356616411;MARCADOR MOOVING DOBLE PUNTA ACUARELABLE BLISTER X 6 COLORES;ESCRITURA - PARA PINTAR;16419,7
7798356616435;MARCADOR MOOVING PUNTA PINCEL PASTEL BLISTER X 6 COLORES;ESCRITURA - PARA PINTAR;6025,8
7798434163226;LAPIZ MULTICOLOR FILGO DOBLE PUNTA DUO TWIST;ESCRITURA - PARA PINTAR;2200
7799070001217;"BORRADOR TALBOT
DE MADERA P/TIZA";ESCRITURA - PARA PINTAR;2613,6
7799070015382;MARCADORES DOBLE PUNTA TALBOT X 24;ESCRITURA - PARA PINTAR;14800
7799070015399;MARCADORES DOBLE PUNTA TALBOT X 36;ESCRITURA - PARA PINTAR;22174,2
7799070015405;MARCADORES DOBLE PUNTA TALBOT X 48;ESCRITURA - PARA PINTAR;29574,1
7799070015412;MARCADORES DOBLE PUNTA TALBOT X 60;ESCRITURA - PARA PINTAR;36974,1
7799070017836;MARCADORES DOBLE PUNTA TALBOT X 80;ESCRITURA - PARA PINTAR;49556,6
7799133007088;LAPICES DE COLORES MOOVING METALIZADOS X 12 LARGOS;ESCRITURA - PARA PINTAR;11591,8
7806710018068;LAPICES DE COLORES GIOTTO STILNOVO X 12 LARGOS + SACAPUNTAS;ESCRITURA - PARA PINTAR;7151,1
7806710018198;MARCADORES GIOTTO TURBO X  6 COLORES;ESCRITURA - PARA PINTAR;2504,7
7806710018204;MARCADORES GIOTTO TURBO COLOR X10;ESCRITURA - PARA PINTAR;2734,6
7891360567165;LAPICES DE COLORES FABER CASTELL X 12 LARGOS METALIZADOS;ESCRITURA - PARA PINTAR;17895,9
7891360631101;LAPICES DE COLOR 12+3 FABER CASTELL;ESCRITURA - PARA PINTAR;5400
7891360638445;Lapices de colores Faber Castell EcoLapices x24 unidades;ESCRITURA - PARA PINTAR;12450,9
7891360638605;LAPICES DE COLORES FABER CASTELL X 24 LARGOS ACUARELABLES (7338);ESCRITURA - PARA PINTAR;28568,1
7891360646419;LAPICES FABER CASTELL SUPERSOFT X 24 LARGOS;ESCRITURA - PARA PINTAR;39893,7
7891360656227;LAPICES DE COLORES FABER CASTELL X 12 LARGOS CARAS Y COLORES + 3 BICOLOR;ESCRITURA - PARA PINTAR;6900
7891360656326;LAPICES DE COLORES FABER CASTELL X 10 LARGOS METALIZADOS;ESCRITURA - PARA PINTAR;19771,4
7891360657903;LAPICES DE COLOR 12+3 FABER CASTELL;ESCRITURA - PARA PINTAR;1851,3
7891360658832;LAPICES DE COLORES FABER CASTELL X 10 LARGOS PASTELES;ESCRITURA - PARA PINTAR;11374
7891360662471;LAPICES DE COLORES FABER CASTELL X 12 SUPER SOFT (210712);ESCRITURA - PARA PINTAR;22481,8
7891360676065;LAPICES FABER CASTELL SUPERSOFT X 12 6 NEON 6 PASTEL;ESCRITURA - PARA PINTAR;12959,1
7891360676287;LAPICES FABER CASTELL SUPERSOFT X 12 LARGOS METALICOS;ESCRITURA - PARA PINTAR;14483,7
8000825012389;LAPICES DE COLORES GIOTTO SKIN TONES X12;ESCRITURA - PARA PINTAR;12705
8000825018534;MARCADORES GIOTTO BEBE X 6 COLORES;ESCRITURA - PARA PINTAR;13636,7
8000825018978;LAPICES DE COLORES GIOTTO BEBE X 12 COLORES;ESCRITURA - PARA PINTAR;11664,4
8000825023637;LAPICES DE COLORES GIOTTO STILNOVO X 12 LARGOS;ESCRITURA - PARA PINTAR;7465,7
8000825225109;LAPICES DE COLOR GIOTTO MEGA X 12;ESCRITURA - PARA PINTAR;13467,3
8000825225413;LAPICES DE COLORES GIOTTO MEGA 5.5MM X8 LARGOS;ESCRITURA - PARA PINTAR;1234,2
8000825236709;LAPICES DE COLORES GIOTTO SUPERMINA 3.8MM X 12 LATA;ESCRITURA - PARA PINTAR;15996,2
8000825255700;LAPICES DE COLORES GIOTTO STILNOVO X 12 LARGOS ACUARELABLES;ESCRITURA - PARA PINTAR;14290,1
8000825255809;LAPICES DE COLORES GIOTTO STILNOVO ACUARELABLE X24 LARGOS;ESCRITURA - PARA PINTAR;16504,4
8000825256608;LAPICES DE COLORES GIOTTO STILNOVO X 24 LARGOS;ESCRITURA - PARA PINTAR;17157,8
8000825431005;MARCADORES GIOTTO TURBO GIANT X  6 COLORES PASTELES;ESCRITURA - PARA PINTAR;11119,9
8000825452505;MARCADORES GIOTTO TURBO MAXI X  6 COLORES;ESCRITURA - PARA PINTAR;5553,9
8412027031608;PLASTIPINTURITAS JOVI X 6 COLORES;ESCRITURA - PARA PINTAR;1742,4
8412027031615;PINTURITAS PLASTICAS JOVI X12;ESCRITURA - PARA PINTAR;1452
8463760402798;CRAYONES SCENTOS X8;ESCRITURA - PARA PINTAR;1452
8463760402804;CRAYONES SCENTOS X24;ESCRITURA - PARA PINTAR;3702,6
8463760491020;MARCADORES SCENTO CON AROMA DUO X8;ESCRITURA - PARA PINTAR;4428,6
8463760491037;MARCADORES  SCENTOS CON AROMA DUO X 10 UNIDADES;ESCRITURA - PARA PINTAR;1839,2
92626502327;LAPICES DE COLORES X 12 DE SPIDERMAN;ESCRITURA - PARA PINTAR;992,2
9556091125500;CRAYONES STABILO DE CERA JUMBO YIPPY-WAX X 8;ESCRITURA - PARA PINTAR;3483,11
LAPICES DE COLORES PAPER MATE X 12 COLORES + 3 NEON (32305);LAPICES DE COLORES PAPER MATE X 12 COLORES + 3 NEON (32305);ESCRITURA - PARA PINTAR;992,2
0070330365827;ROLLER BORRABLE BIC GELOCITY BL X1;ESCRITURA Y ACCESORIOS;1900
007891360640455;LAPIZ NEGRO FABER CASTELL unidad;ESCRITURA Y ACCESORIOS;550
00793600010127;TANQUE NC DE GIRO TIPO CROSS AZUL X UNIDAD;ESCRITURA Y ACCESORIOS;1500
070330152168;BOLIGRAFO BIC FASHION X 4 SURT BC;ESCRITURA Y ACCESORIOS;3500
070330187757;BOLIGRAFO BIC RONDO (ROUND) 1MM  BL X 4;ESCRITURA Y ACCESORIOS;2100
070330201200;CAJA X 12 BOLIGRAFO BIC RONDO (ROUND) 1MM 070330201194;ESCRITURA Y ACCESORIOS;4300
070330354227;BOLIGRAFO BIC CRISTAL 1.0MM;ESCRITURA Y ACCESORIOS;1000
070330423473;LAPIZ NEGRO BIC EVOLUTION;ESCRITURA Y ACCESORIOS;600
070330526112;BOLIGRAFO BIC FASHION x 8 SURT.+ 2 NEON GRATIS;ESCRITURA Y ACCESORIOS;7600
071402006327;TANQUE PARKER BALL PEN P BOLIGRAFO NEGRO MEDIO;ESCRITURA Y ACCESORIOS;2444,2
071402006341;TANQUE PARKER ROLLER BALL EN BLISTER NEGRO MEDIO;ESCRITURA Y ACCESORIOS;2153,8
0714604477709;GOMA KIRUKI + SACAPUNTA LABIAL /PAPAS FRITAS 714604477693;ESCRITURA Y ACCESORIOS;2500
071641160835;CAJA X 60 BOLIGRAFOS PAPER MATE KILOMETRICO 1MM;ESCRITURA Y ACCESORIOS;23581,6
071641190450;PORTAMINAS PAPER MATE WRITE BROSS 0,5;ESCRITURA Y ACCESORIOS;326,7
074040352597;BOLIGRAFO SHEAFFER INTENSITY NEGRO AZABACHE  E29;ESCRITURA Y ACCESORIOS;12886,5
07795513043868;CAJA DE LAPICES FILGO GRAFITO HB PINTO X 12 7795513177495;ESCRITURA Y ACCESORIOS;2068,68
07795513075067;CAJA DE LAPICES CON GOMA FILGO PINTO GRAFITO HB  X 12;ESCRITURA Y ACCESORIOS;3500
07798100965161;TANQUE ROLLER BORRABLE FILGO BORRAX CAJA X 12;ESCRITURA Y ACCESORIOS;11000,1
07817708323;PORTAMINAS STAEDTLER 775 0.9 MM.;ESCRITURA Y ACCESORIOS;5783,8
07817779194;PORTAMINAS STAEDTLER 779 0.7 MM.;ESCRITURA Y ACCESORIOS;5227,2
092626528570;GOMA HARRY POTTER TROQUELADA;ESCRITURA Y ACCESORIOS;580,8
111900;MICROFIBRA AREA CERO TRAZOS FINE 04 X12;ESCRITURA Y ACCESORIOS;2819,3
127795513177495;LAPIZ FILGO GRAFITO HB PINTO DOCENA PASTEL;ESCRITURA Y ACCESORIOS;2000
13154140158023;GOMA DE BORRAR MAPED CROC CROC BUNNY  (015802);ESCRITURA Y ACCESORIOS;1850
13154148517303;LAPIZ NEGRO BLACK PEPS X 12 PASTEL HB C/GOMA;ESCRITURA Y ACCESORIOS;3991,36
16800;BOLIGRAFO EN ESTUCHE METAL;ESCRITURA Y ACCESORIOS;2262,7
17036;LAPIZ INFINITO OLAMI C TAPA;ESCRITURA Y ACCESORIOS;1400
17799070005939;CAJA X 50 BOLIGRAFOS TALBOT TRIONIC SEMI GEL 1MM 17799070005946;ESCRITURA Y ACCESORIOS;13000
2666617410106;PORTAMINAS EZCO LM-225 0.5 MM;ESCRITURA Y ACCESORIOS;810,7
2666617410205;PORTAMINAS EZCO LM-425 0,5 MM.;ESCRITURA Y ACCESORIOS;1258,4
2666617410304;PORTAMINAS EZCO LM-627 0,7 MM. C/GRIP;ESCRITURA Y ACCESORIOS;1996,5
2666662010030;ROLLER GEL GLITTER  EZCO X 5 COLORES;ESCRITURA Y ACCESORIOS;3557,4
2666662010054;ROLLER GEL EZCO GLITTER C/GRIP X 10 COL;ESCRITURA Y ACCESORIOS;6763,9
2666662020015;ROLLER BORRABLE EZCO VIZION AZUL;ESCRITURA Y ACCESORIOS;1367,3
2666662130103;BOLIGRAFOS EZCO PASTEL X 10 U;ESCRITURA Y ACCESORIOS;3198,34
2666662130110;BOLIGRAFOS EZCO MESH RAINBOW COLORS X 10 U BL;ESCRITURA Y ACCESORIOS;3198,34
3026980683597;BOLIGRAFO PARKER XL PRIMROSE AZUL;ESCRITURA Y ACCESORIOS;64432,5
3026980683603;BOLIGRAFO PARKER XL ALEXANDRA GRIS;ESCRITURA Y ACCESORIOS;64432,5
3026981236525;BOLIGRAFO PARKER JOTTER ORIGINALS POP ART;ESCRITURA Y ACCESORIOS;3956,7
3026981236761;BOLIGRAFO PARKER JOTTER ORIGINAL GLAM  ROCK VS COLORES;ESCRITURA Y ACCESORIOS;17012,6
3026981253980;CORRECTOR EN CINTA PAPERMATE 6 MTS;ESCRITURA Y ACCESORIOS;3100
3086123425958;ROLLER BALL BIC GEL-OCITY ILLUSION BORRABLE AZUL;ESCRITURA Y ACCESORIOS;5500
315410633110;SACAPUNTAS MAPED BOOGY C /DEPOSITO;ESCRITURA Y ACCESORIOS;750
3154140113001;GOMA DE BORRAR MAPED MINI TECHNIC 300 X U. (LAPIZ);ESCRITURA Y ACCESORIOS;500
3154140155025;GOMA MINI CUTE MAPED;ESCRITURA Y ACCESORIOS;1875,5
3154140177119;SACAPUNTA MAPED CROC CROC CONEJO CON DEPOSITO;ESCRITURA Y ACCESORIOS;4150
3154140177119;SACAPUNTA PLASTICO MAPED CROC-CROC EASY (018113);ESCRITURA Y ACCESORIOS;4150
3154140181130;SACAPUNTA PLASTICO MAPED CROC-CROC EASY;ESCRITURA Y ACCESORIOS;2750
3154140322113;SACAPUNTA MAPED I-GLOO PARA ZURDOS;ESCRITURA Y ACCESORIOS;423,5
3154140417109;SACAPUNTAS DE METAL MAPED SATELITE 1 FILO 04171;ESCRITURA Y ACCESORIOS;1100
3154140491116;SACAPUNTA GOMA MAPED LOOPY 1 ORIFICIO;ESCRITURA Y ACCESORIOS;4815,8
3154140492106;SACAPUNTA-GOMA MAPED CONNECT;ESCRITURA Y ACCESORIOS;4815,8
3154140492113;SACAPUNTA MAPED CONECT  TRANSL 2 ORIFICIOS;ESCRITURA Y ACCESORIOS;3375,9
3154140492311;SACAPUNTAS-GOMA CONNECT PASTEL 2 ORIFICIOS DISPLAY;ESCRITURA Y ACCESORIOS;4815,8
3154140492318;SACAPUNTA PLASTICO MAPED C/GOMA CONNECT PASTEL 2 FILOS (049231);ESCRITURA Y ACCESORIOS;4815,8
3154140630119;SACAPUNTA PLASTICO MAPED VIVO PASTEL 063011;ESCRITURA Y ACCESORIOS;249,18
3154140633110;SACAPUNTA PLASTICO MAPED COLORES VARIOS;ESCRITURA Y ACCESORIOS;942,78
3154140635114;SACAPUNTA MAPED PLASTICO MONSTERS 1 ORIFICIO;ESCRITURA Y ACCESORIOS;375,1
3154141129117;GOMA DE BORRAR MAPED SOFT PVC FREE;ESCRITURA Y ACCESORIOS;400
3154141129216;GOMA DE BORRAR MAPED ESSENTIALS SOFT COLOR (112921);ESCRITURA Y ACCESORIOS;726
3154141220104;GOMA MAPED GOM STICK COLLECTOR;ESCRITURA Y ACCESORIOS;3900
3154141232107;GOMA MAPED ZENOA PLUS LAPIZ C PROTECTOR;ESCRITURA Y ACCESORIOS;4210,8
3154141277115;GOMA DE BORRAR MAPED LITTLE MONSTER (127711);ESCRITURA Y ACCESORIOS;1331
3154142294418;BOLIGRAFO MAPED TWIN TIP 4 COLORES;ESCRITURA Y ACCESORIOS;484
3154145066005;SACAPUNTA MAPED METAL 1 ORIFICIO;ESCRITURA Y ACCESORIOS;290,4
3154145067002;SACAPUNTA METAL ECO 2 BOCAS;ESCRITURA Y ACCESORIOS;1650
3154145071009;SACAPUNTA MAPED BULBO PLASTICO;ESCRITURA Y ACCESORIOS;1150
3154145117103;GOMA DE BORRAR MAPED TECHNIC DUO (TINTA/LAPIZ) (511710);ESCRITURA Y ACCESORIOS;750
3154145340198;SACAPUNTA DE METAL MAPED SATELITE 1 FILO (534019);ESCRITURA Y ACCESORIOS;1100
3154145347548;SACAPUNTA PLASTICO MAPED IGLOO 1 FILO (534754);ESCRITURA Y ACCESORIOS;1561,15
3154147491058;MICROFIBRA MAPED GRAPH PEP´S V/COLORES;ESCRITURA Y ACCESORIOS;423,5
3154148508212;LAPIZ NEGRO MAPED BLACK PEPS NAVI HB;ESCRITURA Y ACCESORIOS;333
3154148517306;LAPIZ NEGRO MAPED BLACK PEPS PASTEL HB C/GOMA (;ESCRITURA Y ACCESORIOS;350
3154148518594;LAPIZ NEGRO MAPED BLACK PEPS NAVI HB C/GOMA;ESCRITURA Y ACCESORIOS;677,6
3154148544005;LAPIZ GRAFITO MAPED KIDY LEARN BL X2U;ESCRITURA Y ACCESORIOS;3500
3154149818891;KIT MAPED KIDY LEARN X4 PZAS;ESCRITURA Y ACCESORIOS;15900
3411038517304;LAPIZ DE GRAFITO MAPED HB X12 PASTEL;ESCRITURA Y ACCESORIOS;4501,2
3501179503240;TANQUE ROLLER BALL EN BLISTER AZUL MEDIO;ESCRITURA Y ACCESORIOS;2153,8
3501179503714;TANQUE PARKER BALL PEN P BOLIGRAFO AZUL MEDIO;ESCRITURA Y ACCESORIOS;1839,2
3501179531700;BOLIGRAFO PARKER JOTTER ACERO S.S. CT;ESCRITURA Y ACCESORIOS;54498,4
3501179531823;BOLIGRAFO PARKER JOTTER METALICA S.S. GT (1964307/1953182);ESCRITURA Y ACCESORIOS;55139,7
3501179531847;BOLIGRAFO PARKER JOTTER METALICA CT V/COL. (1964310/11/12/13/1953184/86/92);ESCRITURA Y ACCESORIOS;47577,2
3501179531908;BOLIGRAFO PARKER JOTTER METAL VITORIA VIOLETA CT;ESCRITURA Y ACCESORIOS;13673
362698;BOLIGRAFO BIC TRAZO FINO V COLORES;ESCRITURA Y ACCESORIOS;1000
364873;GOMA DE BORRAR STABILO LEGACY;ESCRITURA Y ACCESORIOS;600
367291;ROLLER BALL SIMBALL GENIO PLUS FANCY BORRABLE COLORES SURT.;ESCRITURA Y ACCESORIOS;1621,4
369909;GRIP PARA LAPICES KEYROAD ERGONOMICOS;ESCRITURA Y ACCESORIOS;229,9
380306;BOLIGRAFO BIC OPACO 1.0 MM;ESCRITURA Y ACCESORIOS;1000
380559;LAPIZ GRAFITO STABILO OTHELLO 282;ESCRITURA Y ACCESORIOS;1900
383487;LAPIZ PLANTABLE;ESCRITURA Y ACCESORIOS;1500
4004764064274;TINTA EDDING BT-30 ML P/PIZARRA 4004764064267;ESCRITURA Y ACCESORIOS;14500
4006381105255;MICROFIBRA STABILO-POINT 88 V/COLORES;ESCRITURA Y ACCESORIOS;2081,2
4006381124478;LAPIZ GRAFITO OPERA STABILO HB;ESCRITURA Y ACCESORIOS;849,98
4006381416511;ROLLER STABILO BLACK V COLORES;ESCRITURA Y ACCESORIOS;1355,2
4006381417013;ROLLER STABILO BLACK ESTUCHE x 4;ESCRITURA Y ACCESORIOS;18488,8
4006381427722;TANQUE STABILO BALLPOINT T/PARKER AZUL MEDIANO;ESCRITURA Y ACCESORIOS;4162,4
4006381427746;TANQUE STABILO BALLPOINT T/PARKER NEGRO MEDIANO;ESCRITURA Y ACCESORIOS;4162,4
4006381436960;BOLIGRAFO  STABILO POINTBALL RETRACTIL AZUL;ESCRITURA Y ACCESORIOS;4525,4
4006381436991;BOLIGRAFO  STABILO POINTBALL RETRACTIL NEGRO;ESCRITURA Y ACCESORIOS;4525,4
4006381552486;MICROFIBRA  STABILO POINT 88 COLOR PARADE ESTUCHE X 20 NARANJA;ESCRITURA Y ACCESORIOS;47165,8
4006381558273;MICROFIBRA  STABILO POINT 88 ESTUCHE X 30 SLEEVE PACK;ESCRITURA Y ACCESORIOS;62496,5
4007817104620;LAPIZ STAEDLER NORIS GRADUADO X UNIDAD;ESCRITURA Y ACCESORIOS;2000
4007817213650;MINAS STAEDTLER 0.5  H;ESCRITURA Y ACCESORIOS;1899,7
4007817213681;MINAS STAEDTLER 0.5 2H;ESCRITURA Y ACCESORIOS;2020,7
4007817502259;GOMA DE BORRAR STAEDTLER RASOPLAST 526/30;ESCRITURA Y ACCESORIOS;1300
4007817530948;LAPIZ GOMA C/ESCOBILLA STAEDTLER RASOR;ESCRITURA Y ACCESORIOS;5000
4007817708262;PORTAMINAS STAEDTLER 3MM;ESCRITURA Y ACCESORIOS;8772,5
4007817738283;PORTAMINAS STAEDTLER 788 2MM;ESCRITURA Y ACCESORIOS;13900
4007817777053;PORTAMINAS STAEDTLER GRAPHITE 777 0.5;ESCRITURA Y ACCESORIOS;1403,6
4012700050779;BOLIGRAFO PELIKAN TANGO 4012700050793;ESCRITURA Y ACCESORIOS;1200
4012700301178;CARTUCHO PELIKAN X 6 UNIDADES NEGRO;ESCRITURA Y ACCESORIOS;786,5
4012700603388;BOLIGRAFO PELIKAN JAZZ PASTEL V/COLORES;ESCRITURA Y ACCESORIOS;380364
4012700821744;BOLIGRAFO PELIKAN JAZZ NOBLE ELEGANCE 4012700821799;ESCRITURA Y ACCESORIOS;27700
4012700956293;BOLIGRAFO PELIKAN POINTEC 1 MM. X 10 COLORES SURTIDOS;ESCRITURA Y ACCESORIOS;5275,6
4012700962706;BOLIGRAFO PELIKAN POINTEC 1 MM . V/COLORES;ESCRITURA Y ACCESORIOS;900
404860;MICROFIBRA BIC INTENSITY V/COLORES;ESCRITURA Y ACCESORIOS;447,7
4084900840214;GOMA DE BORRAR LYRA MOLDEABLE (MIGA DE PAN);ESCRITURA Y ACCESORIOS;2988,7
408598;SACAPUNTA METAL ECO (EZCO,FILGO,TALBOT);ESCRITURA Y ACCESORIOS;500
43125;BOLIGRAFO PARKER URBAN CORE SS CT;ESCRITURA Y ACCESORIOS;26099,7
468345;ROLLER BALL UNI UB-103 V/COLORES;ESCRITURA Y ACCESORIOS;2444,2
468346 4902778913949;ROLLER BALL UNI UB-150  / UB-157 V/COLORES eye;ESCRITURA Y ACCESORIOS;6900
4713791018494;LAPIZ C REGARGA BENZIA;ESCRITURA Y ACCESORIOS;943,8
4713791204781;LAPICERA DE CORAZON;ESCRITURA Y ACCESORIOS;943,8
4713791204880;LAPICERA DINOSAURIO;ESCRITURA Y ACCESORIOS;605
4713791205221;BOLIGRAFO FLOWERS FLORES BENSIA;ESCRITURA Y ACCESORIOS;701,8
4713791501743;BENSIA;ESCRITURA Y ACCESORIOS;556,6
4713791614191;GOMA DE BORRAR PTAS INTERCAMBIABES FORMA LAPZ BENSIA;ESCRITURA Y ACCESORIOS;1900
4713791617734;GOMA PUNTAS INTERCAMBIABLES ZOO BENSIA;ESCRITURA Y ACCESORIOS;822,8
487321;PORTAMINA TALBOT   0,5 MM DELTA;ESCRITURA Y ACCESORIOS;254,1
4902778120972;ROLLER BALL UNI JETSTREAM SX-101 1,0 MM. V/COLORESN POTE X 25GRS;ESCRITURA Y ACCESORIOS;8900
4902778247938;ROLLER BALL UNI UB-103 AZUL;ESCRITURA Y ACCESORIOS;2444,2
4902778781258;ROLLER BALL UNI UB UM-120 SIGNO GEL (0.7/1 MM) V/COLORES;ESCRITURA Y ACCESORIOS;2202,2
4902778913765;ROLLER BALL UNI UB-150 V/COLORES;ESCRITURA Y ACCESORIOS;3267
502021;"SACAPUNTA TALBOT
  METALICO 1 BOCA CHANFLEADO";ESCRITURA Y ACCESORIOS;133,1
527658 001309;LAPIZ C GOMA DISEÑO GRANDE WERO/TALBOT;ESCRITURA Y ACCESORIOS;810,7
579532;ADAPTADOR DE LAPIZ;ESCRITURA Y ACCESORIOS;5900
579623;BOLIGRAFO BIC CRISTAL ULTRAFINO 0,7 MM. CLASICO V/COLORES;ESCRITURA Y ACCESORIOS;1250
579909;ROLLER BALL UNI UM-100 SIGNO V/COLORES;ESCRITURA Y ACCESORIOS;3000
579916;BOLIGRAFO PELIKAN JAZZ CLASSIC V/COLORES;ESCRITURA Y ACCESORIOS;7901,3
579921;BOLIGRAFO FILGO FASTGRIP RETRACTIC V/COLORES;ESCRITURA Y ACCESORIOS;1000
580854;BOLIGRAFO BIC CRISTAL BOLD 1.6 MM. V/COLORES (INTENSO);ESCRITURA Y ACCESORIOS;1250
581405;MINA PENTEL 0,5MM.HI-POLYMER HB X 12;ESCRITURA Y ACCESORIOS;1064,8
581467;BOLIGRAFO UNI SA-S 1 MM MEDIO NEGRO;ESCRITURA Y ACCESORIOS;1197,9
581483;TUBO DE MINAS CONSUL;ESCRITURA Y ACCESORIOS;157,3
581503;TINTA CHINA TRABI 15 CC;ESCRITURA Y ACCESORIOS;798,6
581651;BOLIGRAFO FABER CASTELL MAGIC BORRABLE;ESCRITURA Y ACCESORIOS;1827,1
582466;LAPIZ C GOMA DISEÑO ECONOMICO;ESCRITURA Y ACCESORIOS;278,3
583130;PORTAMINAS AUTOMATICO SABONIS P310;ESCRITURA Y ACCESORIOS;2100
583139;COMBO X 4 BOLIGRAFO BIC CRISTAL FASHION 1.2 MM;ESCRITURA Y ACCESORIOS;3500
583146;LAPIZ MULTICOLOR FILGO;ESCRITURA Y ACCESORIOS;2500
583160;SACAPUNTAS FILGO PINTO SPACE;ESCRITURA Y ACCESORIOS;1300
583161;SACAPUNTAS FILGO PINTO SPINNY;ESCRITURA Y ACCESORIOS;4900
583187;BOLIGRAFO FILGO X 1 OPACO AZUL CUERPO PASTEL;ESCRITURA Y ACCESORIOS;509,31
583188;BOLIGRAFO FILGO X 1 OPACO AZUL;ESCRITURA Y ACCESORIOS;295,52
5993102203118;BOLIGRAFO METAL EN ESTUCHE 20311;ESCRITURA Y ACCESORIOS;1524,6
5993102203132;BOLIGRAFO EN ESTUCHE ORO - PLATA;ESCRITURA Y ACCESORIOS;2492,6
5993102216323;BOLIGRAFO SMILE C SOPORTE;ESCRITURA Y ACCESORIOS;1851,3
5993102231005;BOLIGRAFO BALLENA UNICORNIO CON LUZ23100;ESCRITURA Y ACCESORIOS;883,3
5993102231326;GOMA DISEÑO UNIDAD CONEJO/NAVE VARIOS MOTIVOS GB21027;ESCRITURA Y ACCESORIOS;411,4
5993102245323;BOLIGRAFO HALLOWEEN;ESCRITURA Y ACCESORIOS;677,6
65700;GOMA TROQUELADA X UNIDAD;ESCRITURA Y ACCESORIOS;314,6
6899516805568;BOLIGRAFO ANIMADO 4 COLORES;ESCRITURA Y ACCESORIOS;1270,5
6905843476835;BOLIGRAFO 6 COLORES BURGUER SHOP 6972180006360;ESCRITURA Y ACCESORIOS;3100
6921734905635;SACAPUNTA PLASTICO PINGUINO DOS BOCAS 0563;ESCRITURA Y ACCESORIOS;3860
6921734905666;SACAPUNTAS DELI MANZANA 0566 2 BOCAS;ESCRITURA Y ACCESORIOS;3859,9
6921734924544;CORRECTOR EN CINTA DELI MUTE 5 MM X 12 MT H360S;ESCRITURA Y ACCESORIOS;4950
6921734933614;BOLIGRAFO DELI ARROW FASHION RETRACTIL 0.7 MM X 1 UND. (AZUL) (EQ02736);ESCRITURA Y ACCESORIOS;900
6921734941688;GOMA DE BORRAR DELI MINI ZOO MAGIC X 20 U. (LAPIZ) (EH03206);ESCRITURA Y ACCESORIOS;3097,6
6921734967916;BOLIGRAFO GEL DELI P/MOSTRADOR BASICO 0.5 MM NEGRO (E6791N);ESCRITURA Y ACCESORIOS;3642,1
6921734972644;CORRECTOR EN CINTA DELI MACARON X 5 MTS. COVER UP(7264);ESCRITURA Y ACCESORIOS;3600
6921734997234;CORRECTOR EN CINTA DELI 5 MM X 6 MTS. (EH20001);ESCRITURA Y ACCESORIOS;3714,7
6921734997272;CORRECTOR EN CINTA DELI MACARON 5 MM X 8 MTS;ESCRITURA Y ACCESORIOS;3714,7
6921734997289;CORRECTOR EN CINTA DELI CLASSIC X 12 MTS. (EH20201);ESCRITURA Y ACCESORIOS;5094,1
6925000570305;LAPIZ CORRECTOR IBI 5 ML;ESCRITURA Y ACCESORIOS;254,1
6925002970257;GOMA DE BORRAR IBI TINTA/LAPIZ;ESCRITURA Y ACCESORIOS;290,4
6925005703012;CORRECTOR CINTA IBI 8 MTS;ESCRITURA Y ACCESORIOS;1871,7
6926857983614;BOLIGRAFO MURA X U;ESCRITURA Y ACCESORIOS;895,4
6933650900212;MICROFIBRA AREA CERO AL AGUA NEGRO;ESCRITURA Y ACCESORIOS;399,3
6935205301451;PORTAMINAS DELI METAL 0,5 MM. (EU999);ESCRITURA Y ACCESORIOS;4464,9
6935205306227;GOMA DE BORRAR DELI BLOOMING FRUTAS CILINDRICA  X 1 U. (LAPIZ) (EH01400);ESCRITURA Y ACCESORIOS;568,7
6935205310576;GOMA DE BORRAR DELI MINI VAQUITA Y OVEJITA;ESCRITURA Y ACCESORIOS;314,6
6935205313829;PORTAMINAS DELI METAL 0,7 MM. (EU998);ESCRITURA Y ACCESORIOS;3996,16
6935205336859;SACAPUNTA PLASTICO CERDITO;ESCRITURA Y ACCESORIOS;2468,4
6935205347381;CORRECTOR EN CINTA DELI MACARON X 5 MTS. (EH21606);ESCRITURA Y ACCESORIOS;3100
6935205357144;ROLLER BALL DELI THINK NEGRO Q205;ESCRITURA Y ACCESORIOS;1863,4
6935205357151;ROLLER BALL DELI THINK AZUL Q205;ESCRITURA Y ACCESORIOS;1863,4
6935205358769;BOLIGRAFO DELI ARROW PASTEL RETRACTIL 0.7 MM X 1 UND. (AZUL) (EQ03236);ESCRITURA Y ACCESORIOS;900
6935205361134;PORTAMINA DELI XPRESS 0,5MM;ESCRITURA Y ACCESORIOS;1258,4
6935205361141;PORTAMINA DELI XPRESS 0,7MM;ESCRITURA Y ACCESORIOS;1258,4
6935205390165;GOMA DE BORRAR RETRACTIL DELI SCRIBE (EH01800);ESCRITURA Y ACCESORIOS;3900
6935205390186;REPUESTO GOMA DE BORRAR RETRACTIL DELI SCRIBE X 2 UNID. (EH01912);ESCRITURA Y ACCESORIOS;484
6939137210867;BOLIGRAFO EZCO 1 MM C/CAPUCHON V/COLORES;ESCRITURA Y ACCESORIOS;290,4
6941288758457;GOMA KEYROAD PASTEL;ESCRITURA Y ACCESORIOS;350
6941803219616;BOLIGRAFO CON PROYECTOR;ESCRITURA Y ACCESORIOS;6098,4
6947032720152;SACAPUNTAS ZANAHORIA;ESCRITURA Y ACCESORIOS;435,6
6950123061065;CORRECTOR EN CINTA EZCO 6MTS;ESCRITURA Y ACCESORIOS;2901,45
6950123061126;CORRECTOR EN CINTA EZCO 5MM X 12 MTS;ESCRITURA Y ACCESORIOS;3200
6956104349726;GOMAS DE BORRAR POSTRES X 4;ESCRITURA Y ACCESORIOS;1766,6
6962365300017;BOLIGRAFO ASTRONAUTA;ESCRITURA Y ACCESORIOS;689,7
6970781068237;LAPICERA BORRABLE DINO;ESCRITURA Y ACCESORIOS;1282,6
6970781068244;LAPICERA BORRABLE MAGIC GIRL;ESCRITURA Y ACCESORIOS;1282,6
6970928030271;GOMA DE BORRAR HELADITO C CUCURUCHO X 4;ESCRITURA Y ACCESORIOS;1911,8
6970928030776;GOMA POP CORN X 4 U;ESCRITURA Y ACCESORIOS;1246,3
6971123983928;GOMA HEROES EN BLISTER;ESCRITURA Y ACCESORIOS;798,6
6971123983973;GOMA TÉ EN BLISTER MILK TEA;ESCRITURA Y ACCESORIOS;798,6
6971123985137;GOMA DE BORRAR V MODELOS PARA CORTAR X UNIDAD;ESCRITURA Y ACCESORIOS;1016,4
6971123987346;GOMA DISEÑOS V/MODELOS;ESCRITURA Y ACCESORIOS;3726,8
6971123987377;GOMA DISEÑOS V/MODELOS;ESCRITURA Y ACCESORIOS;3726,8
6971410560252;BOLIGRAFO OSO;ESCRITURA Y ACCESORIOS;822,8
6973083721541;GOMA DE BORRAR DEL HELADITO H301;ESCRITURA Y ACCESORIOS;1290,8
6973504001047;LAPIZ NEGRO DELI ENOVATION HB CUERPO PLATA/DORADO C/GOMA (DOCENA);ESCRITURA Y ACCESORIOS;500
6973504001078;LAPIZ NEGRO DELI ENOVATION HB CUERPO PLATA/DORADO C/GOMA (DOCENA);ESCRITURA Y ACCESORIOS;4500
6973504009487;CORRECTOR EN CINTA DELI STRONGER 6M  H350;ESCRITURA Y ACCESORIOS;4300
6974640680813;BOLIGRAFO NICE C/U;ESCRITURA Y ACCESORIOS;701,8
6977895221480 6977895221473;SACAPUNTA CON FORMA DINO/UNICORNIO;ESCRITURA Y ACCESORIOS;3500
6981688080130;BOLIGRAFO ANIMADO  PLAID PATTERN;ESCRITURA Y ACCESORIOS;943,8
70330179790;BOLIGRAFO BIC CRISTAL SOFT 1.2 MM. (DESLIZA MAS);ESCRITURA Y ACCESORIOS;1000
70330179806;BOLIGRAFO BIC CRISTAL FASHION 1.2 MM;ESCRITURA Y ACCESORIOS;1000
703302012008;BOLIGRAFO BIC RONDO (ROUND) 1MM;ESCRITURA Y ACCESORIOS;400
70330365841;ROLLER BIC BORRABLE 0,7 GELOCITY AZUL;ESCRITURA Y ACCESORIOS;5457,1
70330365865;TANQUE BIC PARA ROLLER GEL-OCITY ILLUSION BORRABLE AZUL;ESCRITURA Y ACCESORIOS;3581,6
70330506923;CORRECTOR BIC LAPIZ SHAKE SQUEEZE 8ML.;ESCRITURA Y ACCESORIOS;3254,9
71641141469;BOLIGRAFO PAPER MATE KM100 CON INKJOY CANDY POP ST BLISTER X 8;ESCRITURA Y ACCESORIOS;1802,9
71641198104;BOLIGRAFO PAPER MATE KM100 CON INKJOY VINTAGE ST BLISTER X 16 U.;ESCRITURA Y ACCESORIOS;5929
71641198128;BOLIGRAFO PAPER MATE GEL  VINTAGE BLISTER  X 4 COL. SURT.(2152225);ESCRITURA Y ACCESORIOS;1887,6
71641198135;BOLIGRAFO PAPER MATE GEL  VINTAGE BLISTER  X 8 COL. SURT.(2152226);ESCRITURA Y ACCESORIOS;4368,1
71641198142;BOLIGRAFO PAPER MATE KM100 CON INKJOY VINTAGE RT BLISTER X 8 U.;ESCRITURA Y ACCESORIOS;3847,8
71641198159;LAPIZ NEGRO PAPER MATE VINTAGE HEXAGONAL X 8 UNDS. (2152222);ESCRITURA Y ACCESORIOS;2444,2
727373194203;GOMA KIRUKI CAT PAW;ESCRITURA Y ACCESORIOS;1000
7501015205631;GOMA DE BORRAR PELIKAN PASTEL;ESCRITURA Y ACCESORIOS;650
7501015216033;CORRECTOR PELIKAN LAPIZ X 7 ML .;ESCRITURA Y ACCESORIOS;1600
7501015218006;BOLIGRAFO PELIKAN MINI 3 MM V/COLORES;ESCRITURA Y ACCESORIOS;1887,6
7501015226162;CAJA X 12 BOLIGRAFOS PELIKAN TANGO 7501015226179;ESCRITURA Y ACCESORIOS;13956
7501030683469;BOLIGRAFO PAPER MATE KM100 CON INKJOY 1 MM . V/COLORES 7501030683476;ESCRITURA Y ACCESORIOS;750
7502277850485;SABONIS MICROFIBRAS MF498S X 12;ESCRITURA Y ACCESORIOS;9400
7502277850492;MICROFIBRA TRAZO ULTRAFINO SABONIS NEGRA MF498;ESCRITURA Y ACCESORIOS;850
7502277851109;SABONIS BOLIGRAFO RETRACTIL FB3099 - 7502277851116;ESCRITURA Y ACCESORIOS;3600
7502277851284;SABONIS ROLLER FR520 0,5;ESCRITURA Y ACCESORIOS;2108,52
7502277851772;PORTAMINAS AUTOMATICO SABONIS P907 0,5;ESCRITURA Y ACCESORIOS;3460,96
7502277851796;PORTAMINAS AUTOMATICO SABONIS P909 0,5;ESCRITURA Y ACCESORIOS;3400
7502277852472;CORRECTOR EN CINTA SABONIS B WHITE;ESCRITURA Y ACCESORIOS;3900
7502290182907;SABONIS ROLLER GEL GL651 0,5 - 7502290182891;ESCRITURA Y ACCESORIOS;650
7502290182952;SABONIS LAPICERA GEL GL662 0,5;ESCRITURA Y ACCESORIOS;700
7502290183041;SANONIS ROLLER GEL GL839 ROJA 1 MM;ESCRITURA Y ACCESORIOS;1400
7502290183072;SABONIS ROLLER GL877 -7502290183089;ESCRITURA Y ACCESORIOS;1400,82
7502290183133;SABONIS ROLLER GEL GL891E 0,5;ESCRITURA Y ACCESORIOS;1900
7502290183140;ROLLER GEL 889 SABONIS 0,7;ESCRITURA Y ACCESORIOS;2250
7502290185496;SABONIS BOLIGRAFO RETRACTIL 159;ESCRITURA Y ACCESORIOS;700
7502290185526;SABONIS ROLLER GEL GL967 - 7502290185533;ESCRITURA Y ACCESORIOS;1500
764451917439;CORRECTOR EN CINTA Z CLIP 5MM X 12M;ESCRITURA Y ACCESORIOS;3100
7703064340503;TINTA CHINA PELIKAN X 15 CC. NEGRA;ESCRITURA Y ACCESORIOS;2916,1
7703064349605;TINTA CHINA BLANCA PELIKAN  15ML;ESCRITURA Y ACCESORIOS;2371,6
7703486012156;BOLIGRAFO PAPER MATE KM100 CON INKJOY 1 MM .CAJA X 50 U 7703486012163;ESCRITURA Y ACCESORIOS;34324,3
7703486037463;BOLIGRAFO PAPER MATE KM100 CON INKJOY RETRACTIL X 8 COL. SURT. (3746);ESCRITURA Y ACCESORIOS;2450
7703486038538;BOLIGRAFO PAPER MATE KM100 CON INKJOY CANDY POP ST BLISTER X 8;ESCRITURA Y ACCESORIOS;6400
7708552403371;TINTA EDDING BT-30 ML P/PIZARRA NEGRA;ESCRITURA Y ACCESORIOS;14500
7754111014625;BOLIGRAFO FABER CASTELL TRILUX 1 MM  V/COLORES 7754111532013;ESCRITURA Y ACCESORIOS;800
7754111532761;CAJA x 50 BOLIGRAFOS FABER CASTELL TRILUX;ESCRITURA Y ACCESORIOS;28999,3
77792700005868;TANQUE PELIKAN P/ROLLER LOCORRIJO V/COLORES;ESCRITURA Y ACCESORIOS;883,3
7790578011340;MICROFIBRA TRABI FREELINERS 0.4;ESCRITURA Y ACCESORIOS;955,9
7790578018103;CARTUCHO TRABI X 6 UNIDADES AZUL;ESCRITURA Y ACCESORIOS;254,1
7790578995350;MICROFIBRA TRABI FINE LINER PLUS AL AGUA;ESCRITURA Y ACCESORIOS;931,7
7790774132221;BOLIGRAFO MODAX SKORA NEGRO TINTA AZUL (13222);ESCRITURA Y ACCESORIOS;2190,1
7790774288058;BOLIGRAFO MODAX METALIZADO DIAMANTE (28805);ESCRITURA Y ACCESORIOS;568,7
7792533920278;LAPIZ NEGRO INFINITO SIFAP CUERPO METALICO V/COLORES;ESCRITURA Y ACCESORIOS;8760,4
7792533920292;REPUESTO LAPIZ NEGRO INFINITO SIFAP X 2 UNIDADES;ESCRITURA Y ACCESORIOS;4065,6
7793198080055;borramio pizzini roller borrable;ESCRITURA Y ACCESORIOS;1040,6
7793198080109;TANQUE PIZZINI PARA ROLLER BORRAMIO AZUL X 1 U.;ESCRITURA Y ACCESORIOS;750,2
7793198143125;PORTAMINAS PIZZINI 1431F 0,5 MM.;ESCRITURA Y ACCESORIOS;5500
7793198143910;PORTAMINAS PIZZINI 1439F 0,5 MM.;ESCRITURA Y ACCESORIOS;5500
7793198146102;PORTAMINAS PIZZINI 1461 0,5 MM. C/GRIP.;ESCRITURA Y ACCESORIOS;3400
7793198146201;PORTAMINAS PIZZINI 1462 0,7 MM. C/GRIP.;ESCRITURA Y ACCESORIOS;1863,4
7793198146812;PORTAMINAS PIZZINI 1468 2 MM.;ESCRITURA Y ACCESORIOS;3900
7793198147505;PORTAMINAS PIZZINI 1475F 0,5 MM.;ESCRITURA Y ACCESORIOS;5500
7793198203027;MINA 2 MM. PIZZINI ( X 6 UNIDADES);ESCRITURA Y ACCESORIOS;4500
7793198401232;GOMA DE BORRAR PIZZINI PVC TECNICA DUO /30. (GLT30);ESCRITURA Y ACCESORIOS;1000
7793198440002;GOMA DE BORRAR PIZZINI PVC TECNICA X  U. (GT44);ESCRITURA Y ACCESORIOS;900
7793198530024;MINA 0,5 MM. PIZZINI (TUBITO X 12 UNIDADES) HB-B-2B;ESCRITURA Y ACCESORIOS;1375,11
7793198601205;GOMA DE BORRAR RETRACTIL PIZZINI;ESCRITURA Y ACCESORIOS;5400
7793198730028;BMINA 0,7 MM. PIZZINI (TUBITO X 12 UNIDADES) HB - B - 2B;ESCRITURA Y ACCESORIOS;1486,58
7793198736242;BOLIGRAFO PIZZINI SPAZIO PASTEL RT 1 MM (AZUL) V/COLORES;ESCRITURA Y ACCESORIOS;12656,6
7794360935845;TANQUE FABER CASTELL PARA ROLLER MAGIC (347353);ESCRITURA Y ACCESORIOS;2093,3
7794360935999;CORRECTOR FABER CASTELL LAPIZ 8 ML . (8774);ESCRITURA Y ACCESORIOS;1282,6
7794987030367;GOMA DE BORRAR DOS BANDERAS GRANDE 3036 LAPIZ/36;ESCRITURA Y ACCESORIOS;423,5
7794987030602;GOMA DE BORRAR DOS BANDERAS CHICA 3060 LAPIZ/60;ESCRITURA Y ACCESORIOS;314,6
7795513043592;CARTUCHOS TINTA SMILE FILGO X 6 UNIDADES;ESCRITURA Y ACCESORIOS;1400
7795513043622;TANQUE ROLLER BORRABLE FILGO BORRAX AZUL;ESCRITURA Y ACCESORIOS;1000,02
7795513043868;LAPIZ FILGO GRAFITO HB x unidad;ESCRITURA Y ACCESORIOS;200
7795513043950;MINAS FILGO BL X 2 UNIDADES 0,5 HB;ESCRITURA Y ACCESORIOS;641,3
7795513044834;MINA FILGO HB 0,7 POLYMER LEADS;ESCRITURA Y ACCESORIOS;600
7795513045114;PORTAMINAS FILGO H-305 0,5 MM;ESCRITURA Y ACCESORIOS;1536,7
7795513045145;BOLIGRAFO FILGO RETRÁCTIL FAST GRIP AZUL;ESCRITURA Y ACCESORIOS;653,4
7795513045169;MICROFIBRA FILGO LINER 038 EST X10;ESCRITURA Y ACCESORIOS;10400
7795513049532;FILGO STICK 026 BOLIGRAFO x10;ESCRITURA Y ACCESORIOS;4500
7795513049570;BOLIGRAFO FILGO STICK 024/ 025/ 026 V/COLORES X UNIDAD;ESCRITURA Y ACCESORIOS;400
7795513053232;BOLIGRAFO FILGO FASTGRIP X8;ESCRITURA Y ACCESORIOS;4041,4
7795513053249;BOLIGRAFO FILGO GINZA 027 RETRACTIL AZUL;ESCRITURA Y ACCESORIOS;1200
7795513053256;BOLIGRAFO FILGO GINZA 027 RETRACTIL NEGRO;ESCRITURA Y ACCESORIOS;1200
7795513053263;BOLIGRAFO FILGO RETRÁCTIL FASTRACK AZUL;ESCRITURA Y ACCESORIOS;900
7795513053270;BOLIGRAFO FILGO RETRÁCTIL FASTRACK NEGRO;ESCRITURA Y ACCESORIOS;900
7795513074688;BOLIGRAFO FILGO RETRÁCTIL FAST GRIP PACK X 4;ESCRITURA Y ACCESORIOS;900
7795513074701;BOLIGRAFO FILGO RETRÁCTIL FAST GRIP COLORES BRILLANTES;ESCRITURA Y ACCESORIOS;629,2
7795513074862;CAJA X 50 BOLIGRAFO FILGO STICK 025 0.7 FINE;ESCRITURA Y ACCESORIOS;11900
7795513075067;LAPIZ FILGO GRAFITO HB CON GOMA x unidad;ESCRITURA Y ACCESORIOS;300
7795513075265;BOLIGRAFO FILGO ONE CLICK 1.0MM NEGRO;ESCRITURA Y ACCESORIOS;1400
7795513075272;CORRECTOR CINTA FILGO LINE 6 METROS;ESCRITURA Y ACCESORIOS;3400
7795513075524;BOLIGRAFO FILGO THE BLACK JASPER V/COLORES;ESCRITURA Y ACCESORIOS;16900
7795513075876;Microfibra Filgo liner 038 0,4 mm estuche x6 colores Pastel;ESCRITURA Y ACCESORIOS;6900
7795513076231;ROLLER FILGO GEL POP 0.7MM NEGRO;ESCRITURA Y ACCESORIOS;1100
7795513076248;ROLLER FILGO GEL POP 0.7MM AZUL;ESCRITURA Y ACCESORIOS;1100
7795513076279;ROLLER GEL FILGO POP X4 CLASICOS;ESCRITURA Y ACCESORIOS;3279,1
7795513076378;ROLLER FILGO GEL POP X6 FLUO;ESCRITURA Y ACCESORIOS;4235
7795513078464;REPUESTO BOLIGRAFO TIPO PARKER FILGO NEGRO;ESCRITURA Y ACCESORIOS;2306,38
7795513078488;REPUESTO BOLIGRAFO TIPO PARKER FILGO;ESCRITURA Y ACCESORIOS;2900
7798000085747;BOLIGRAFO MICRO VIP COLON;ESCRITURA Y ACCESORIOS;10623,8
7798000086256;ROLLER BALL SIMBAL POWER GEL X6 FLUO;ESCRITURA Y ACCESORIOS;2032,8
7798000087130;CORRECTOR SIMBALL TAIKO LAPIZ X 7 ML .;ESCRITURA Y ACCESORIOS;900
7798000088755;TANQUE ROLLER GENIO 2G AZUL BORRABLE;ESCRITURA Y ACCESORIOS;1064,8
7798100960432;MICROFIBRA FILGO DOBLE LINEA DOIIS EST X6;ESCRITURA Y ACCESORIOS;12900
7798100960586;CORRECTOR EN CINTA FILGO 12M X 5MM;ESCRITURA Y ACCESORIOS;3900
7798100960760;LAPIZ CORRECTOR FILGO 7ML 012;ESCRITURA Y ACCESORIOS;800
7798100960777;LAPIZ FILGO GRAFITO HB PINTO PASTEL;ESCRITURA Y ACCESORIOS;145,2
7798100960821;MINAS GRAFITO FILGO TUBO 0.5 HB-B-2B 7798100960845 7798100960838;ESCRITURA Y ACCESORIOS;600
7798100960883;PORTAMINAS FILGO REAL GRIP 0,5 MM;ESCRITURA Y ACCESORIOS;1200
7798100960890;PORTAMINAS FILGO REAL GRIP 0,5 MM PASTEL;ESCRITURA Y ACCESORIOS;1200
7798100960906;PORTAMINAS FILGO H-205 0.5 MM;ESCRITURA Y ACCESORIOS;2900
7798100960920;PORTAMINAS FILGO H-705  0,5 MM;ESCRITURA Y ACCESORIOS;4700
7798100961071;BOLIGRAFO FILGO ONE 1.0MM NEGRO;ESCRITURA Y ACCESORIOS;1400
7798100961088;BOLIGRAFO FILGO ONE 1.0MM AZUL;ESCRITURA Y ACCESORIOS;1400
7798100961767;LAPICERA PLUMA FILGO SMILE;ESCRITURA Y ACCESORIOS;2500
7798100961774;LAPICERA ROLLER FILGO SMILE;ESCRITURA Y ACCESORIOS;867,58
7798100961774;ROLLER FILGO A CARTUCHO S-SMILE;ESCRITURA Y ACCESORIOS;867,57
7798100961958;FILGO GEL POP GLITTER;ESCRITURA Y ACCESORIOS;1100
7798100962139;MICROFIBRA FILGO LINER 038 0.4MM VARIOS COLORES;ESCRITURA Y ACCESORIOS;1050
7798100964515;BOLIGRAFO FILGO GEL BORRAXION 0.7MM AZUL BORRAX-SE  7798100965451;ESCRITURA Y ACCESORIOS;2200
7798100964522;CAJA X 12 LAPICERAS BORRABLES FILGO BORRAX SE 7798100965475;ESCRITURA Y ACCESORIOS;24801,6
7798100964560;BOLIGRAFO BORRABLE FILGO BORRAX FANTASIA;ESCRITURA Y ACCESORIOS;2200
7798100964683;BOLIGRAFO FILGO SUPERBALL 0.5 AZUL;ESCRITURA Y ACCESORIOS;2202,2
7798100964706;BOLIGRAFO FILGO SUPER BALL AZUL;ESCRITURA Y ACCESORIOS;2202,2
7798100965017;Roller Filgo Gel Pop x12 Fun;ESCRITURA Y ACCESORIOS;7623
7798100965079;GOMA DE BORRAR TECNICA FILGO PINTO  TEK 4020;ESCRITURA Y ACCESORIOS;400
7798100965086;GOMA DE BORRAR FILGO PINTO - ER3020;ESCRITURA Y ACCESORIOS;250
7798100965161;TANQUE ROLLER BORRABLE FILGO BORRAX X UNIDAD;ESCRITURA Y ACCESORIOS;1000
7798100965345;BORRATINTA FILGO JETKILLER;ESCRITURA Y ACCESORIOS;738,1
7798100965406;SACAPUNTA FILGO PLASTICO;ESCRITURA Y ACCESORIOS;108,9
7798100965437;SACAPUNTAS CON DEPOSITO FILGO CIRCUS;ESCRITURA Y ACCESORIOS;650
7798100965444;BOLIGRAFO BORRABLE FILGO BORRAX FANTASIA/AZUL/ROJA/VERDE/NEGRA 7798434161055;ESCRITURA Y ACCESORIOS;2300
7798100965468;BOLIGRAFO FILGO GEL BORRAX-SE 0.7MM AZUL JUMP RECARGABLE;ESCRITURA Y ACCESORIOS;2200
7798100965567;Roller filgo gel pop x 12 pastel boutique;ESCRITURA Y ACCESORIOS;9655,8
7798100966120;CAJA X 50 BOLIGRAFOS FILGO STICK 024 OPACO 1MM;ESCRITURA Y ACCESORIOS;8900
7798100966649;CAJA DE LAPICES FILGO GRAFITO HB PINTO FLUO  X 12;ESCRITURA Y ACCESORIOS;2068,68
7798100966946;SACAPUNTAS PLASTICO FILGO TUBO C DEPOSITO;ESCRITURA Y ACCESORIOS;750
7798100967004;GOMA DE BORRAR FILGO TECNICA 4080;ESCRITURA Y ACCESORIOS;500
7798100967042;GOMA DE BORRAR FILGO WIP;ESCRITURA Y ACCESORIOS;2600
7798100967066;LAPIZ CORRECTOR FILGO 7ML CUERPO PASTEL 010;ESCRITURA Y ACCESORIOS;703,69
7798100967240;BOLIGRAFO FILGO RETRÁCTIL FASTRACK NEGRO (PASTEL);ESCRITURA Y ACCESORIOS;900
7798100967271;BOLIGRAFO FILGO RETRÁCTIL FASTRACK NEGRO;ESCRITURA Y ACCESORIOS;900
7798100967486;BOLIGRAFO FILGO RETRACTIL NERO 7798100967479;ESCRITURA Y ACCESORIOS;1200
7798127030019;TANQUE REPUESTO TRAZO MEDIO P RETRACTIL 6925000708265;ESCRITURA Y ACCESORIOS;2900
7798127030026;SABONIS REPUESTO A ROSCA;ESCRITURA Y ACCESORIOS;1267,24
7798127030033;SABONIS REPUESTO TANQUE ROWER R 4;ESCRITURA Y ACCESORIOS;2555,78
7798153988995;CORRECTOR LIGGO LAPIZ X 7 ML;ESCRITURA Y ACCESORIOS;555,5
7798184715874;TANQUE ROLLER GENIO AZUL BORRABLE BL X3;ESCRITURA Y ACCESORIOS;3206,5
7798184716000;PORTAMINAS SIMBALL GRAPHIC 0,5 MM.;ESCRITURA Y ACCESORIOS;2783
7798184718608;PORTAMINAS SIMBALL CHEKY 0,5 MM.;ESCRITURA Y ACCESORIOS;1113,2
7798184719315;ROLLER BALL SIMBALL GENIO 2G BORRABLE A FRICCION GEL (AZUL);ESCRITURA Y ACCESORIOS;2400
7798184719322;ROLLER BALL SIMBALL GENIO 2G TEEN BORRABLE A FRICCION GEL (AZUL);ESCRITURA Y ACCESORIOS;1621,4
7798184719704;ROLLER BALL SIMBALL GENIO PLUS BORRABLE A FRICCION GEL AZUL;ESCRITURA Y ACCESORIOS;2371,6
7798194553466;SACAPUNTA TALBOT BC X 2;ESCRITURA Y ACCESORIOS;1197,9
7798194553473;"ROLLER GEL TALBOT
GLITTER C/GRIP X 6 COL";ESCRITURA Y ACCESORIOS;2020,7
7798194554951;GOMA DE BORRAR TALBOT OFFICE PVC FREE;ESCRITURA Y ACCESORIOS;242
7798194556764;LAPIZ CERA TALBOT X 6;ESCRITURA Y ACCESORIOS;786,5
7798194556771;LAPIZ CERA TALBOT X 12;ESCRITURA Y ACCESORIOS;1197,9
7798194556825;PORTAMINAS TALBOT DELTA  + MINA;ESCRITURA Y ACCESORIOS;1512,5
7798302937164;ROLLER MOOVING COLORING GEL X 10;ESCRITURA Y ACCESORIOS;19311,6
7798302937171;ROLLER BALL MOOVING TINTA GEL FLUO BLISTER SURTIDO X 5 U.;ESCRITURA Y ACCESORIOS;9631,6
7798302937188;ROLLER MOOVING COLORING GEL X 5 GLITTER;ESCRITURA Y ACCESORIOS;9631,6
7798302937195;ROLLER BALL MOOVING TINTA GEL PASTEL BLISTER SURTIDO X 5 U.;ESCRITURA Y ACCESORIOS;9631,6
7798302937201;ROLLER BALL MOOVING TINTA GEL RETRACTIL BLISTER SURTIDO X 6 U.;ESCRITURA Y ACCESORIOS;13915
7798314120875;ROLLER BALL SIMBALL GENIO 2G PRINCESS BORRABLE A FRICCION GEL (AZUL);ESCRITURA Y ACCESORIOS;1621,4
7798314121971;MICROFIBRA SP SKETCH UF AL AGUA NEGRO;ESCRITURA Y ACCESORIOS;157,3
7798314125405;BOLIGRAFOS DE COLORES SIMBALL DOLCHE X 10 U;ESCRITURA Y ACCESORIOS;3800
7798314125603;BOLIGRAFO SIMBALL ZIRO RETRACT GRIP 1 MM NEGRA;ESCRITURA Y ACCESORIOS;532,4
7798314125627;BOLIGRAFO SIMBALL ZIRO RETRACT GRIP 1 MM AZUL;ESCRITURA Y ACCESORIOS;532,4
7798314126785.0;BOLIGRAFO SIMBALL CENTRO;ESCRITURA Y ACCESORIOS;2500
7798314127669;TANQUE ROLLER GENIO AZUL BORRABLE;ESCRITURA Y ACCESORIOS;701,8
7798314127836;TANQUE SIMBALL PARA ROLLER GENIO 2G AZUL;ESCRITURA Y ACCESORIOS;1050
7798314127874;ROLLER BALL SIMBALL GENIO PLUS FUN BORRABLE A FRICCION;ESCRITURA Y ACCESORIOS;2807,2
7798314127973;ROLLER BALL SIMBALL GENIO 2G SCHOOL BORRABLE AZUL;ESCRITURA Y ACCESORIOS;3654,2
7798314128253;TANQUE ROLLER GENIO AZUL BORRABLE X3;ESCRITURA Y ACCESORIOS;1730,3
7798314128413;TANQUE SIMBALL PARA ROLLER GENIO 2G AZUL X 3 UNIDADES;ESCRITURA Y ACCESORIOS;2300
7798314128420;TANQUE ROLLER GENIO 2G AZUL BORRABLE X3;ESCRITURA Y ACCESORIOS;2698,3
7798318378227;LAPICERA BORRABLE UTIL UNO CHENZIRA;ESCRITURA Y ACCESORIOS;290,4
7798346406084;LAPIZ C GOMA DISEÑO WERO;ESCRITURA Y ACCESORIOS;387,2
7798346406510;ROLLER BORRABLE WERO VARIOS MODELOS;ESCRITURA Y ACCESORIOS;1270,5
7798346406589;BOLIGRAFO MULTICOLOR WERO SPACE;ESCRITURA Y ACCESORIOS;2153,8
7798356618286;BOLIGRAFO MOOVING MICKEY & MINNIE (2162160101);ESCRITURA Y ACCESORIOS;18476,7
7798356618361;LAPICES HB MOOVING MICKEY&MINNIE FRASES X6 ART: 2162160206;ESCRITURA Y ACCESORIOS;713,9
7798426146138;BOLIGRAFO FW COLOIRBLOCK RETRACTIL;ESCRITURA Y ACCESORIOS;9962,15
7798426146671;BOLIGRAFO BUTTERFLY FW;ESCRITURA Y ACCESORIOS;5950
7798426146756;BOLIGRAFO RETRACTIL FW BELLE C ESTUCHE;ESCRITURA Y ACCESORIOS;13996
7798426146862;BOLIGRAFO FW FANTASIA 7798426146633/7798426146817;ESCRITURA Y ACCESORIOS;9258,55
7798426147036;BOLIGRAFO FW OLIVIA C ESTUCHE;ESCRITURA Y ACCESORIOS;11623,7
7798426147111;BOLIGRAFO FW CIB ESTUCHE 7798426147074;ESCRITURA Y ACCESORIOS;28800
7798434160317;LAPIZ PREMIERE GRAFITO FILGO PACK X 6 GRADUACIONES;ESCRITURA Y ACCESORIOS;3500
7798434160379;LAPIZ PREMIERE GRAFITO FILGO GRADUADO B-HB-H X UNIDAD;ESCRITURA Y ACCESORIOS;700
7798434160652;PORTAMINAS FILGO H-302 2 MM;ESCRITURA Y ACCESORIOS;2000
7798434160690;MINAS FILGO 2MM X 90 MM 2B TUBITO X 5 U;ESCRITURA Y ACCESORIOS;650
7798434161222;BOLIGRAFO ROLLER FILGO TNT 1.0 PINT AL AGUA V COLORES (copy);ESCRITURA Y ACCESORIOS;1600
7798434161260;GOMA DE BORRAR BOLIGRAFO FILGO BORRAX;ESCRITURA Y ACCESORIOS;1500
7798434162502;BOLIGRAFO BORRABLE FILGO BORRAX se CLUB V/MODELOS;ESCRITURA Y ACCESORIOS;2500
7799000114987;BOLIGRAFO RETRACTIL FW SHINE NEGRO;ESCRITURA Y ACCESORIOS;1815
7799070001194;TANQUE TALBOT ROLLER BORRABLE 0,7 AZUL EP X 1;ESCRITURA Y ACCESORIOS;931,7
7799070001378;GOMA TALBOT SCARY MONSTERS X U;ESCRITURA Y ACCESORIOS;435,6
7799070001392;GOMA TALBOT WALLFLOWER x UNIDAD;ESCRITURA Y ACCESORIOS;435,6
7799070002955;ROLLER TALBOT   BORRABLE RETRACTIL 0,7 COLORS X 1 OPP;ESCRITURA Y ACCESORIOS;2565,2
7799070005932;BOLIGRAFO TALBOT TRIONIC 1 MM 7799070005949;ESCRITURA Y ACCESORIOS;300
7799070005963;BOLIGRAFO TALBOT TRIONIC 1MM EP X10U. COL.SURT.;ESCRITURA Y ACCESORIOS;3100
7799070006526;TANQUE TALBOT ROLLER BORRABLE 0.7 NEGRO;ESCRITURA Y ACCESORIOS;931,7
7799070012268;BOLIGRAFO MOSNTER PARTY;ESCRITURA Y ACCESORIOS;1306,8
7799070018994;BOLIGRAFO TALBOT TRIONIC 1MM EP X4U.;ESCRITURA Y ACCESORIOS;1500
7799070019014;BOLIGRAFO TALBOT SOFT 0.7MM AZUL;ESCRITURA Y ACCESORIOS;600
7799070019038;BOLIGRAFO TALBOT SOFT 0.7MM NEGRO;ESCRITURA Y ACCESORIOS;600
7799070019069;BOLIGRAFO TALBOT RETRACTIL CLICK 0.7 AZUL;ESCRITURA Y ACCESORIOS;500
7799133001802;ROLLER BALL MOOVING TINTA GEL RETRACTIL PASTEL BLISTER SURTIDO X 6 U.;ESCRITURA Y ACCESORIOS;12596,1
7799133007071;ROLLER BALL MOOVING TINTA GEL OUTLINER BLISTER X 6 COLORES.;ESCRITURA Y ACCESORIOS;17250
7799133007187;BOLIGRAFO MOOVING HARRY POTTER;ESCRITURA Y ACCESORIOS;13455,2
7799133011511;BOLIGRAFO MOOVING DISNEY 100 AÑOS;ESCRITURA Y ACCESORIOS;13455,2
7891360472636;MINAS FABER CASTELL 0,5 B;ESCRITURA Y ACCESORIOS;605
7891360472643;MINAS FABER CASTELL 0,5 2B;ESCRITURA Y ACCESORIOS;508,2
7898707147646;BOLIGRAFO FANTASIA BRW  CA0701;ESCRITURA Y ACCESORIOS;7222,03
7908704501607;BOLIGRAFO FANTASIA STRASS BRW;ESCRITURA Y ACCESORIOS;8658,34
88541540008203;CORRECTOR LIQUID PAPER LAPIZ X 3.5 ML;ESCRITURA Y ACCESORIOS;1246,3
8854556000180;CORRECTOR LIQUID PAPER BOTELLA 20ML.;ESCRITURA Y ACCESORIOS;701,8
8854556000524;CORRECTOR LIQUID PAPER LAPIZ X 7 ML .;ESCRITURA Y ACCESORIOS;3127,26
8907430000476;BOLIGRAFO CONSUL TRIO RETRACTIL 1MM AZUL;ESCRITURA Y ACCESORIOS;1200
8907430000483;BOLIGRAFO CONSUL TRIO RETRACTIL 1MM NEGRO;ESCRITURA Y ACCESORIOS;1200
898515100328;BOLIGRAFO ANANA;ESCRITURA Y ACCESORIOS;605
898515100427;BOLIGRAFO COMIDA RAPIDA 4 COLORES;ESCRITURA Y ACCESORIOS;1173,7
898515100519;BOLIGRAFO ANIMADO;ESCRITURA Y ACCESORIOS;580,8
898515100885;BOLIGRAFO BOB ESPONJA C LABERINTO;ESCRITURA Y ACCESORIOS;1694
8985168671465;BOLIGRAFO STRASS;ESCRITURA Y ACCESORIOS;2335,3
9550951430162;BOLIGRAFO ANIMAL PRINT;ESCRITURA Y ACCESORIOS;375,1
9556089720182;GOMA DE BORRAR FABER CASTELL 7020 (18U) P ARTISTAS;ESCRITURA Y ACCESORIOS;2770,9
9556091104178;MINAS STABILO 0.5 MM 2 B;ESCRITURA Y ACCESORIOS;880
9556091111190;MINAS STABILO 0.7 MM HB;ESCRITURA Y ACCESORIOS;400
9556091114740;BOLIGRAFO STABILO BILLE 508 1 MM NEGRO;ESCRITURA Y ACCESORIOS;1972,3
9556091139880;BOLIGRAFO STABILO BILLE 508 NEEDLE NEGRO;ESCRITURA Y ACCESORIOS;1972,3
9556091158232;BOLIGRAFO STABILO RETRACTIL AZUL PERFORMER CUERPO LILA;ESCRITURA Y ACCESORIOS;834,9
9556091162932;ROLLER STABILO RETRACTIL TINTA GEL NEGRO PALETTE CUERPO GRIS;ESCRITURA Y ACCESORIOS;4912,6
9556091177936;BOLIGRAFO STABILO LINER 308FW RETRACTIL AZUL;ESCRITURA Y ACCESORIOS;500
9556091179077;CORRECTOR STABILO CINTA 5MM X 6MTS EP;ESCRITURA Y ACCESORIOS;2165,9
999230601;BOLIGRAFO LINTERNA;ESCRITURA Y ACCESORIOS;1089
999230603;BOLIGRAFO DIAMANTE CON BRILLO;ESCRITURA Y ACCESORIOS;1246,3
07796893000298;PAQUETE DE FOLIO LUMA  ESCOLAR PESADO X  100 U;FOLIOS;12473,3
582823;FOLIO ESCOLAR LIGGO EXTRAPESADO X 10 U;FOLIOS;1590,93
6920583879760;FOLIO LAMA CON BOTON A4 C/ 3 PERF. COLORES SURTIDOS;FOLIOS;2400
6920583879777;FOLIO LAMA CON BOTON N° 3 C/ 3 PERF. COLORES SURTIDOS;FOLIOS;2300
6947144421756;CREDENCIAL FOLIO ESCOLAR X 10;FOLIOS;700
7796893000069;FOLIO LUMA ESCOLAR X 10 UNIDADES STANDARD;FOLIOS;1000
7796893000250;C FOLIO LUMA  ESCOLAR LIVIANO X UNID .1/100 - Tamaño - Escolar;FOLIOS;90
7796893000267;C FOLIO LUMA OFICIO LIVIANO X UNID . - Tamaño - Oficio;FOLIOS;150
7796893000298;C FOLIO LUMA  ESCOLAR PESADO X UNID .1/100 - Tamaño - Escolar;FOLIOS;130
7796893000304;C FOLIO LUMA OFICIO PESADO X UNID . - Tamaño - Oficio;FOLIOS;260
7796893000458;C FOLIO LUMA A4 LIVIANO X UNID - Tamaño - A4;FOLIOS;150
7796893000458;C FOLIO LUMA A4 LIVIANO X UNID - Cant. - 100 UNIDADES;FOLIOS;11495
7796893000465;C FOLIO LUMA A4 PESADO X UNID . - Tamaño - A4;FOLIOS;220
7796893000755;FOLIO LUMA A4 PESADO C/BORDE COLOR X 1O UNIDADES;FOLIOS;4452,8
7796893000779;FOLIO LUMA ESCOLAR PESADO C/BORDE DE COLOR X 10 UNID. SURTIDO;FOLIOS;2500
7796893002148;FOLIO LUMA OFICIO POLIPROPILENO CRISTAL X UNID.;FOLIOS;120
7798062179699;FOLIO REFORZADO PC A4 X 10 UNIDADES;FOLIOS;3052,42
3154140279004;REGLA MAPED TWIST´N FLEX  X 30 CM..(027900);GEOMETRIA;2550
3154141194108;COMPAS MAPED STUDY UNIVERSAL C/LAPIZ  ESCOLAR METALICO;GEOMETRIA;4888,4
3154141194306;COMPAS MAPED STUDY CON PORTAMINAS 05 MM;GEOMETRIA;5082
3154141201592;REGLA MAPED START 242 x 15cm. EP;GEOMETRIA;617,1
3154141461125;REGLA MAPED 20CM;GEOMETRIA;580,8
3154141461224;ESCUADRA MAPED DE 20 CM. X 60  (146122);GEOMETRIA;1040,6
3154141461347;TRANSPORTADOR MAPED X 12 CM X 180 (146134);GEOMETRIA;1000
3154141463600;TRANSPORTADOR MAPED 360;GEOMETRIA;931,7
3154141465079;REGLA MAPED 15CM;GEOMETRIA;556,61
3154141468070;REGLA MAPED ECO X 15 CM. (146807);GEOMETRIA;500
3154141468100;REGLA MAPED ECO X 20 CM. (146810);GEOMETRIA;454,51
3154141468193;REGLA MAPED ECO X 30 CM. (146819);GEOMETRIA;919,6
3154141815119;COMPAS MAPED PLASTICO KIDS C/MINA 360°;GEOMETRIA;2359,5
3154141915116;COMPAS MAPED MINA KID´Z PLASTICO KIDZ(191511);GEOMETRIA;2600
3154141916113;COMPAS MAPED ABRAZADERA KID´S PLASTICO;GEOMETRIA;2700
3154141945106;COMPAS MAPED STUDY MINA 2MM. PASTEL;GEOMETRIA;5166,7
3154141995118;COMPAS MAPED STUDY MINA 2MM.;GEOMETRIA;3150
3154142427939;CONJUNTO GEOMETRICO MAPED 3 PIEZAS (242793);GEOMETRIA;2400
3154142502100;REGLA MAPED GEO NOTES X 15CM;GEOMETRIA;1403,6
3154142779007;REGLA KIDY LEARN CONCENTRATION;GEOMETRIA;7400
3154142788108;REGLA MAPED TWIST´N FLEX X 15 CM..(279110);GEOMETRIA;1250
3154142789105;REGLA MAPED TWIST N´ FLEX X 20CM. EP;GEOMETRIA;1450
3154142791108;REGLA MAPED TWIST´N FLEX 15 CM;GEOMETRIA;617,1
3154142791153;REGLA MAPED TWIST N´ FLEX DECORADA X 15CM. EP;GEOMETRIA;1250
3154142792105;REGLA MAPED TWIST´N FLEX  X 20 CM..(279210);GEOMETRIA;1900
3154142794109;ESCUADRA MAPED TWIST'N FLEX DE 15 CM. X 60 (279410);GEOMETRIA;2819,3
3154142797100;REGLA MAPED TWIST N´ FLEX DECORADA X 30CM. EP;GEOMETRIA;2550
3154142798107;TRANSPORTADOR MAPED TWIST'N FLEX  X 180 (279810);GEOMETRIA;2178
357083;MINA PARA COMPAS X 10 U;GEOMETRIA;1700
421890;REGLA GEO 15CM ACRILICA;GEOMETRIA;242
4666664020042;COMPAS EZCO METALICO C/TUBO MINAS;GEOMETRIA;3254,9
4795864667808;COMPAS EZCO PROGRESION EN TUBO;GEOMETRIA;3593,7
521032;BLOQUES LOGICOS DE DIENES;GEOMETRIA;3097,6
579619;REGLA ACRILICA 20CM;GEOMETRIA;72,6
579864;REGLA DISEÑO SONIC HARRY POTTER RIVER BOCA ETC;GEOMETRIA;1800
581664;REGLA LEXIKO 20 CM;GEOMETRIA;133,1
581665;REGLA LEXIKO 30 CM;GEOMETRIA;229,9
582260;REGLA CRESKO FANTASIA X 15 CM;GEOMETRIA;1900
6938469308587;COMPAS EZCO FIDDO PLASTICO;GEOMETRIA;1234,2
6972161543594;COMPAS IBI PASTEL 2MM;GEOMETRIA;2492,6
734365240015;ESCALIMETRO MAPED ESCALA 1:20/1:125;GEOMETRIA;8400
7790776000757;SET DE GEOMETRIA - 3 PIEZAS;GEOMETRIA;1500
7793198001224;COMPAS PIZZINI ESCOLAR METALICO C/MINA (PK122);GEOMETRIA;5529,7
7793198001227;COMPAS PIZZINI ESCOLAR METALICO C/MINA (PK122);GEOMETRIA;5529,7
7793198017013;ESCALIMETRO PIZZINI 30cm;GEOMETRIA;3581,6
7793198027647;TRIPLEDECIMETRO PIZZINI 30 CM 2764;GEOMETRIA;6000
7793198037301;ESCUADRA PIZZINI 3730 DE 20 CM. X 45 ( MULTIUSO);GEOMETRIA;8900
7793198041308;CONJUNTO GEOMETRICO PIZZINI CON REGLA 30 CM. 4130 (4 PIEZAS);GEOMETRIA;4331,8
7793198120010;COMPAS PIZZINI ESCOLAR PLASTICO C MINA PK120;GEOMETRIA;2238,5
7793198171258;REGLA ACRILICA PIZZINI 15CM;GEOMETRIA;800
7793198173238;REGLA 30CM PIZZINI DIB.TECNICO;GEOMETRIA;3900,91
7793198200156;COMPAS PIZZINI ESCOLAR METALICO CON MINA Y ADAPTADOR (PK126);GEOMETRIA;8240,1
7793198300054;COMPAS PIZZINI TECNICO METALICO C/PROLONGADOR (PK430);GEOMETRIA;17500
7793198373218;ESCUADRA PIZZINI 20CM X 45°;GEOMETRIA;4500
7793198373225;ESCUADRA PIZZINI 20CM X 60°;GEOMETRIA;4300
7793198373232;ESCUADRA PIZZINI 25CM X 45°;GEOMETRIA;6200
7793198373249;ESCUADRA PIZZINI 25CM X 60°;GEOMETRIA;6200,1
7793198373256;ESCUADRA PIZZINI DE 30 CM X45º;GEOMETRIA;7500
7793198373263;ESCUADRA PIZZINI DE 30 CM X 60º;GEOMETRIA;7500
7793198373270;ESCUADRA PIZZINI 35CM X 45°;GEOMETRIA;10900
7793198373287;ESCUADRA PIZZINI 35CM X 60°;GEOMETRIA;10300
7793198401300;CONJUNTO GEOMETRICO PIZZINI + COMPAS 4013 (4 PIEZAS);GEOMETRIA;3859,9
7793198411306;CONJUNTO GEOMETRICO PIZZINI PASTEL 4113P (3 PIEZAS);GEOMETRIA;992,2
7793198422404;CONJUNTO GEOMETRICO PIZZINI + COMPAS PLASTICO 4224 (4 PIEZAS);GEOMETRIA;3859,9
7793198500065;COMPAS PIZZINI TECNICO METALICO C/PROLONGADOR (PK227);GEOMETRIA;10800
7793198588308;LETROGRAFO PIZZINI 30 MM 5880 30;GEOMETRIA;6897
7793198672205;TRANSPORTADOR PIZZINI 6722 X 360;GEOMETRIA;1742,4
7793198712178;REGLA PIZZINI ESCOLAR PASTEL X 15 CM.;GEOMETRIA;1100
7793198712215;REGLA PIZZINI ACRILIC ESCOLAR X 20 CM;GEOMETRIA;314,6
7793198712314;REGLA PIZZINI ACRILIC ESCOLAR 30 CM;GEOMETRIA;471,9
7793198811505;REGLA T PIZZINI 811 X 50 CM.;GEOMETRIA;14500
7793198811604;REGLA T PIZZINI 811 X 60 CM.;GEOMETRIA;15900
7798046760226;escalimetro dozent;GEOMETRIA;4198,7
7798046762817;TABLERO DOZENT LAM C/PARL 40X50 C MALETIN;GEOMETRIA;18791,3
7798046763005;JUEGO PLANTEC DE ESCUADRAS 12CM.45/60GDS;GEOMETRIA;4777,5
7798046768581;PLANTILLA PLANTEC CIRCULOS Y RADIOS POLARES 1107;GEOMETRIA;4900
7798100969541;KIT DE GEOMETRIA X 3 PZAS.;GEOMETRIA;2500
7798100969558;ESCUADRA FILGO GEO X 45° 15CM;GEOMETRIA;800
7798100969565;ESCUADRA FILGO GEO X 60° 21CM;GEOMETRIA;900
7798100969572;TRANSPORTADOR FILGO 180° X 10 CM;GEOMETRIA;800
7798100969589;REGLA FLEXIBLE FILGO GEOX 20 CM;GEOMETRIA;1300
7798100969596;REGLA FILGO 20 CM;GEOMETRIA;600
7798100969602;REGLA FILGO 15 CM;GEOMETRIA;500
7798100969619;REGLA FILGO 30 CM;GEOMETRIA;1000
7798100969725;COMPAS METALICO FILGO R2 C/REPUESTO;GEOMETRIA;4600
7798100969749;COMPAS METALICO FILGO R2;GEOMETRIA;4100
7798100969763;COMPAS PLASTICO FILGO GIRO;GEOMETRIA;1500
77981494554685;COMPAS ESCOLAR PLASTICO ezco/Talbot T400 6938469308587;GEOMETRIA;1590
7798194554661;COMPAS TALBOT   METAL T220 CAJA PLASTICA + TUBO MINAS;GEOMETRIA;2649,9
7798194554678;COMPAS  TALBOT  T100 CAJA TRIANG. + MINAS + AFILAMINA;GEOMETRIA;4900
7798258480059;REGLA GEO 15 CM ACRILICA;GEOMETRIA;242
7798258480103;REGLA GEO 20 CM ACRILICA;GEOMETRIA;254,1
7798258480134;TRANSPORTADOR GEO 180º;GEOMETRIA;350
7798318370221;REGLA FLEX 20 CM UTIL UNO;GEOMETRIA;847
7798318370238;SET DE GEOMETRIA FLEXIBLE;GEOMETRIA;847
7798346401249;REGLA FLEXIBLE WERO 20 CM;GEOMETRIA;883,3
7798346406480;REGLA DE MADERA WERO;GEOMETRIA;750,2
7798346406497;REGLA DE MADERA WERO;GEOMETRIA;750,2
7798434161956;COMPAS PLASTICO FILGO GIRO C/LAPIZ;GEOMETRIA;2500
7798434163004;SET DE GEOMETRIA GEOX FLEX X3 PIEZAS;GEOMETRIA;4900
8015296216600;ESCUADRA DOZENT 30 CM X 60º;GEOMETRIA;5900
8015296217454;ESCUADRA DOZENT  35 CM X 45º;GEOMETRIA;7900
8015296217607;ESCUADRA DOZENT 35 CM X 60º;GEOMETRIA;7900
8017459910103;COMPAS PLANTEC 2 ARTIC.C/PROLONGADOR;GEOMETRIA;26950
8017459910301;COMPAS PLANTEC ARTICULADO C/ADAPT.Y MINAS C/13;GEOMETRIA;16500
898515300506;REGLA 30 CM DISEÑO;GEOMETRIA;435,6
0092626517215;ROMPECABEZAS DINOS EN ACCION 33X45CM 70PZS;JUGUETERIA;6473,5
0726798275399;CARTAS EDUCATIVAS BARCO DE PAPEL LAS ESTACIONES Y EL CLIMA;JUGUETERIA;13500
0726798275412;BARCO DE PAPEL ASOCIACIONES Y SECUENCIAS;JUGUETERIA;13500
0726798275498;BARCO DE PAPEL THE MARKET;JUGUETERIA;13500
0726798275504;BARCO DE PAPEL CURSIVA MAYUSCULA Y MINUSCULA;JUGUETERIA;13500
0726798275511;TODO SOBRE MI;JUGUETERIA;6050
0726798275542;ROMPECABEZAS ARGENTINA 48PZ BARCO DE PAPEL;JUGUETERIA;3164,92
0726798275580;ROMPECABEZAS CIRCULAR DE MADERA DINOS 2 EN 1;JUGUETERIA;29800
0726798275597;ROMPECABEZAS CIRCULAR DE MADERA LA CIUDAD;JUGUETERIA;8772,5
0737787961995;JUEGO DE MESA BARCO DE PAPEL EL GRAN CIRCO;JUGUETERIA;8312,7
0737787962046;JUEGO DE MESA BARCO DE PAPEL CUENTOS CON CUBOS;JUGUETERIA;4089,8
0737787962084;BARCO DE PAPEL FORMAS Y COLORES;JUGUETERIA;13500
0786071076884;ROMPECABEZAS CUERPO HUMANO 210 PIEZAS;JUGUETERIA;5892,7
0786071076914;YOGUIS Y YOGUINIS BARCO DE PAPEL;JUGUETERIA;10502,8
0786071076990;AYUDA A JOE - BARCO DE PAPEL;JUGUETERIA;4646,4
0786071078833;MEMOTEST FUTBOL;JUGUETERIA;4198,7
0786071078857;MEMOTEST UNICORNIOS;JUGUETERIA;4198,7
0786071078864;ROMPECABEZAS UNICORNIOS MADERA 3 Y 4 PIEZAS;JUGUETERIA;17952,1
0786071078888;ROMPECABEZAS DINOS MADERA 3 Y 4 PIEZAS;JUGUETERIA;17952,1
0786071078932;ROMPECABEZAS DE 8 Y 12 PIEZAS LA GRANJA;JUGUETERIA;4791,6
0786071078949;JUEGO DE ESI SECRETOS;JUGUETERIA;8482,1
0786071078956;ROMPECABEZAS DE 8 Y 12 PIEZAS MASCOTAS;JUGUETERIA;4791,6
0786071078963;ROMPECABEZAS DE 8 Y 12 PIEZAS;JUGUETERIA;4791,6
092626508374;ROMPECABEZAS GIGANTE DINOSAURIOS 35PZS;JUGUETERIA;4900,5
111357796;EQUIPO MONETARIO;JUGUETERIA;5500
2055487936548;KIT DE BELLEZA PEQUEÑA PRINCESA;JUGUETERIA;1210
2059183207360;NAIPES ESPAÑOLES X50;JUGUETERIA;1500
27084120134;AUTOS HOT WHEELS SURT.;JUGUETERIA;9500
3154140181192;SET MAPED VIVO UTILES ESSENTIAL 8 PCS;JUGUETERIA;2649,9
3154148950240;KIT DE GEOMETRIA MAPED 15 CM TWIST N FLEX X 3 PZAS;JUGUETERIA;5900
3154149070367;KIT DIDACTICO MAPED CREATIV WINDOW STICKERS (907036);JUGUETERIA;20449
3154149070534;SET MAPED CREATIV VELVET MOSAICS MANDALAS;JUGUETERIA;8978,2
357794;DADOS;JUGUETERIA;423,5
357795;DADO PUNTOS AZULES Y ROJOS PACK X 8;JUGUETERIA;2400
365050;EQUIPO LETRAS/NUMEROS;JUGUETERIA;5500
370307;SLIME ACRILEX KIMELEKA COLORES SURTIDOS X 180 GR. (05812);JUGUETERIA;4803,39
38718;CAMIÓN DURAVIT BOMBERO MINI 2020;JUGUETERIA;4500
38719;CAMIÓN DURAVIT AMBULANCIA MINI 2020;JUGUETERIA;4500
39855;ROMPECABEZAS 29*22 48 PCS;JUGUETERIA;943,8
408908;KIT MAQUILLAJE PINTAFAN;JUGUETERIA;1258,4
4894457010288;JUEGO DOCTOR 01028;JUGUETERIA;1597,2
4894457012930;JUEGO DOCTOR 1293;JUGUETERIA;798,6
4894457187164;HELICOPTERO MEDIANO PULL LINE;JUGUETERIA;1718,2
4894457199143;JUEGO DE DOCTOR 914;JUGUETERIA;1512,5
4894653010204;JUEGO DE DOCTOR CHICO;JUGUETERIA;1210
5010993669950;MUÑECO    BLACK WIDOW ARTICULADO 30CM;JUGUETERIA;16177,7
5010993827541;MASA PLAY DOH SLIME PIÑATA LLAMA;JUGUETERIA;4464,9
5015101300008;CUIBO DIDACTICO CON ENCASTRE;JUGUETERIA;2565,2
5050837700210;CAMPERVAN TEAMSTERZ CON LANCHA 28CM.;JUGUETERIA;7913,4
5050841639018;CAMION TEAMSTERZ C/LUZ Y SONIDO 35CM BOMBERO;JUGUETERIA;21187,1
521030;GEOPLANOS pigmentos didácticos;JUGUETERIA;1778,7
521033;FRACCIONES PIGMENTOS DIDÁCTICOS;JUGUETERIA;2964,5
5367590000007;JUEGO DE DAMAS SAN REMO;JUGUETERIA;2952,4
5367610000000;JUEGO SAN REMO ROYAL LUDO;JUGUETERIA;2952,4
5512246613425;EQUIPO MONETARIO FANTASIA BILLETES BL. 60U. 7915;JUGUETERIA;5500
5720;PINGUINO CON CRIAS;JUGUETERIA;4380,2
5750824061101;LATA DE POKEMON;JUGUETERIA;8890
5750824061118;EXTENSION POKEMON LEGENDS;JUGUETERIA;1110,01
5750824061286;NAIPE TRALALA TRALALERO ROSA;JUGUETERIA;6664,99
5750824061293;EXTENSION TRALALA TRALALERO ROSA;JUGUETERIA;1110,01
582782;APLICACIONES DE GOMA EVA MAGIC SURTIDAS;JUGUETERIA;2118,11
5993102125182;PAPEL MAGICO COLOURS;JUGUETERIA;1694
5993102125212;PAPEL MAGICO MULTICOLOR;JUGUETERIA;1657,7
5993102184431;CUBO RUBIK DIY PARA ARMAR;JUGUETERIA;5759,6
5993102210260;PELOTA SALTARINA CHICA;JUGUETERIA;847
5993102210338;PELOTA SALTARINA MEDIANA;JUGUETERIA;1851,3
5993102215784;CUBO MAGICO BORDE NEGRO;JUGUETERIA;5747,5
5993102215791;CUBO MAGICO RUBIKS 2x2;JUGUETERIA;4912,6
5993102215821;CUBO MAGICO BOLITAS;JUGUETERIA;3726,8
5993102221129;CROCODILIAN;JUGUETERIA;2904
5993102230732;BOLIGRAFO PELOTA FUTBOL 23073;JUGUETERIA;1887,6
5993102249178;ART JUGUETERIA;JUGUETERIA;1004,3
5993102252741;PAPEL MAGICO 1 HOJA 12 X 18 CM;JUGUETERIA;500
614143087301;KIT ESPUMOSA BOMBA DE BAÑO;JUGUETERIA;726
614143087318;MINI JUEGO DE CIENCIA 1;JUGUETERIA;726
628804630800;JUEGO TOYLAND DE MESA BATALLA DE BARCOS;JUGUETERIA;5614,4
630509982547;JUEGO DE MESA  HASBRO CUBO MAGICO RUBIKS BASICS;JUGUETERIA;8857,2
673419320221;BLOQUE  LEGO SUPER HEROES IRON MAN ARMADURA ROBOTICA 148PZ;JUGUETERIA;13491,5
673419320238;BLOQUE LEGO SUPER HEROES THANOS ARMADURA ROBOTICA 152PZAS;JUGUETERIA;10442,3
673419320375;BLOQUE  LEGO SUPER HEROES SPIDERMAN ARMADURA ROBOTIC 148PZ;JUGUETERIA;14943,5
673419320481;BLOQUE  LEGO  BATMAN PERSECUCION DE PINGUINO 54PZAS.;JUGUETERIA;8929,8
673419339582;BLOQUE  LEGO SPIDERMAN VS SANDMAN BATALLA FINAL 45PZAS;JUGUETERIA;10720,6
681326957850;VEHICULO PEPPA PIG CON FIGURA INCORPORADA;JUGUETERIA;3025
690346750157;SLIME HUEVO DE DINOSAURIO 20 GRS;JUGUETERIA;544,5
6921025267800;JUEGO  TOYLAND  DE MESA MEMORIA ELECTRONICO MINI;JUGUETERIA;9922
6921033183802;JUEGO MI PRIMER SET DE MAGIA TOYLAND;JUGUETERIA;10877,9
6921149611800;CUBO MAGICO TOYLAND MOYU VERTEX EN BL;JUGUETERIA;8900
6921149612807;CUBO MAGICO TOYLAND MOYU MEGACORE EN BL;JUGUETERIA;8000
6921149613804;CUBO MAGICO TOYLAND MOYU  3X3  2X1;JUGUETERIA;8900
6921342384808;CUBO MAGICO TOYLAND MOYU CARBONO EN BL;JUGUETERIA;6900
6921342387809;CUBO MAGICO TOYLAND MOYU CARBONO 3X3 EN CAJA;JUGUETERIA;5154,06
6921498340802;CUBO MAGICO TOYLAND MOYU NANO 2X2;JUGUETERIA;6600
6921518089803;CUBO MAGICO TOYLAND MOYU MEGACORE 3X3 EN CAJA;JUGUETERIA;3900
6921581310804;CUBO MAGICO TOYLAND MOYU  NEXUS EN CAJA;JUGUETERIA;7766,39
6926443620800;SONAJERO VAQUITA C/LUZ Y SONIDO DIGO;JUGUETERIA;10853,7
6928598210806;ESPADA  TOYLAND SWORD C/LUZ Y SONIDO 64CM.;JUGUETERIA;11991,1
6928649920807;PISTOLA  TOYLAND DE AGUA SUPER WATER  20CM EN BOLSA;JUGUETERIA;2637,8
6928804630800;JUEGO  TOYLAND  DE MESA BATALLA DE BARCOS;JUGUETERIA;15488
6929437240800;JEEP  TOYLAND RADIO CONTROL MONSTER CON LUZ 27CM.;JUGUETERIA;34255,1
6929578010805;CUBO MÁGICO ECO EN BLISTER;JUGUETERIA;2200
6929605740804;CAMION  TOYLAND MILITAR DIE CAST CON 2 VEHICULOS 29CM.;JUGUETERIA;13358,4
6929785570802;CAMION BOMBEROS;JUGUETERIA;11930,6
6930518989488;MASA PAULINDA CREAMY DOUGH LAPIZ 10 ML;JUGUETERIA;242
6930518991788;MASA PAULINA FLOSSY CLAY;JUGUETERIA;2891,9
6943478003958;JUEGO DIDACTICO HOPE PRONO;JUGUETERIA;6679,2
6945845121012;PAPEL MAGICO X 10 HJS ANILLADO;JUGUETERIA;1970,08
6958808726933;PELOTA GOMA BASQUET;JUGUETERIA;5426,55
6968679995475;Dibujo punta diamante Labubu sobre individual;JUGUETERIA;1000
6974582231739;DIARIO CON CANDADO Y BOLIGRAFO;JUGUETERIA;7300
6975552148705;SLIME MONSTRUO/GATO 6975552148729;JUGUETERIA;4900
6976326113615;SQUISHY MINI X 2 EN BLISTER 6976326113615;JUGUETERIA;2400
724751016072;KIT DE EXPLORADOR CHALECO CON ACCESORIOS;JUGUETERIA;28435
724751016096;KIT DE COCINA MANOS A LA MASA JARDINERIA;JUGUETERIA;8119,1
724751016119;JUEGO DE MESA MANOS A LA MASA TATETI;JUGUETERIA;3763,1
726798275368;CARTAS EDUCATIVAS BARCO DE PAPEL MI RUTINA Y LA HORA;JUGUETERIA;13500
726798275375;CARTAS EDUCATIVAS BARCO DE PAPEL - VARIOS MODELOS;JUGUETERIA;13209,6
726798275382;CARTAS EDUCATIVAS BARCO DE PAPEL - EMPIEZO A ESCRIBIR IMPRENTA;JUGUETERIA;13500
726798275405;CARTAS EDUCATIVAS BARCO DE PAPEL EL MERCADO;JUGUETERIA;13500
726798275412;CARTAS EDUCATIVAS BARCO DE PAPEL - ASOCIACIONES Y SECUENCIAS;JUGUETERIA;13500
726798275429;CARTAS EDUCATIVAS BARCO DE PAPEL LAS EMOCIONES;JUGUETERIA;13500
726798275436;CARTAS EDUCATIVAS BARCO DE PAPEL SEASONS , WEATHER AND CLOTHES;JUGUETERIA;13500
726798275443;CARTAS EDCUCATIVAS BARCO DE PAPEL SHAPE & COLOURS;JUGUETERIA;13500
726798275450;CARTAS EDUCATIVAS BARCO DE PAPEL ANIMALS OF THE WORLD;JUGUETERIA;13500
726798275504;CARTAS EDUCATIVAS BARCO DE PAPEL C MARCADOR- VARIOS MODELOS;JUGUETERIA;13500
726798275542;ROMPECABEZA 48 PIEZAS BARCO DE PAPEL  ARGENTINA;JUGUETERIA;3164,92
726798275566;CUERPO HUMANO 3 EN 1 BARCO DE PAPEL;JUGUETERIA;12230,4
726798275573;LAS EMOCIONES 3 EN 1;JUGUETERIA;7247,9
726798275603;ROMPECABEZAS CIRCULAR DE MADERA UNICORNIOS;JUGUETERIA;29800
737787961995;JUEGO DE MESA BARCO DE PAPEL EL GRAN CIRCO COLABORATIVO;JUGUETERIA;17883,8
737787962008;JUEGO DE MESA  BARCO DE PAPEL PLAN DE ESCAPE;JUGUETERIA;14084,4
737787962046;JUEGO DE MESA   BARCO DE PAPEL CUENTOS CON CUBOS;JUGUETERIA;16371,3
737787962084;CARTAS EDUCATIVAS BARCO DE PAPEL FORMAS Y COLORES;JUGUETERIA;13500
7450077050003;CUBO RUBIC ECONOMICO;JUGUETERIA;580,8
7450077051499;PINTURA TINY;JUGUETERIA;1815
7450077085302;CARPA PLEGABLE BATMAN;JUGUETERIA;16770,6
7450077090993;CAJA REGISTRADORA;JUGUETERIA;11749,1
7450077091075;MONKEY LOCOS;JUGUETERIA;7453,6
7450077095707;CUBO MAGICO AVENGERS;JUGUETERIA;713,9
7450077095837;CUBO MAGICO SPIDERMAN;JUGUETERIA;713,9
7450077149769;CAMIONETA A FRICCION 50098;JUGUETERIA;2202,2
7453077203769;PISTOLA DE AGUA SUPERHEROES;JUGUETERIA;10030,9
7453077204971;CARPA CIRCO;JUGUETERIA;12063,7
7453077247589;SET AUTOS MARVEL X 2;JUGUETERIA;9900
7501015204108;FOAMY P/MODELAR PELIKAN DE  50 GRS. V/COLORES;JUGUETERIA;4999,96
7501015204221;FOAMY MOLDEABLE PELIKAN;JUGUETERIA;4999,96
7501015204269;FOAMY MOLDEABLE - 50 GR - CAFÉ - UNID;JUGUETERIA;4999,96
7534561234;JUEGO DE NAIPES DOS;JUGUETERIA;1560,9
7739927392181;EXTENSION CAPIBARA;JUGUETERIA;780
7739927392266;NAIPES ITALIAN BRAINROT AZUL;JUGUETERIA;5550
7739927392273;EXTENSION ITALIAN BRAINROT AZUL;JUGUETERIA;780
778988009420;MUÑECO DC COMICS ARTICULADO 30CM JOKER;JUGUETERIA;27128,2
778988419557;CUBO MAGICO RUBIKS 3X3 CLASICO;JUGUETERIA;13564,1
778988640319;VEHICULO PAW PATROL CON FIGURA;JUGUETERIA;4029,3
7790000122590;SOGA EN BLISTER;JUGUETERIA;883,3
7790752995596;DINOSAURIO CRETACEOUS SURTIDO X2;JUGUETERIA;8082,8
7792018125952;NAIPE ITALIAN BRAINROT AMARILLO;JUGUETERIA;6664,99
7792018125969;EXTENSION ITALIAN BRAINROT AMARILLO;JUGUETERIA;1110,01
7792216049562;TALLER DE TITERES;JUGUETERIA;3230,7
7792435000207;LOTERIA DE ANIMALES DURAVIT;JUGUETERIA;5324
7792435000344;DOMINO DE PIRATAS DURAVIT;JUGUETERIA;5118,3
7792435000351;DOMINO DE PAYASOS CLOWN DURAVIT;JUGUETERIA;5118,3
7792435002102;TRACTOR DURAVIT CHICO;JUGUETERIA;4500
7792435003635;PALA MECANICA DURAVIT MINI 2020;JUGUETERIA;4500
7792435005011;JUEGO DE TE DURAVIT EN BALDE;JUGUETERIA;4803,7
7792435005073;FRUTAS Y VERDURAS DURAVIT BLISTER;JUGUETERIA;2432,1
7792435006278;TREN DIDACTICO DURAVIT;JUGUETERIA;4876,3
7792435006537;PIRAMIDE DURAVIT ANILLO APILABLE;JUGUETERIA;4017,2
7792435006667;CUBO DIDACTICO PRIMERA INFANCIA;JUGUETERIA;5929
7792435006698;SONAJERO  DURAVIT PRIMERA INFANCIA;JUGUETERIA;4029,3
7792435006704;MORDILLO DURAVIT LLAVE;JUGUETERIA;1379,4
7792435006858;PALA MECANICA DURAVIT MINI 2020;JUGUETERIA;4500
7792435006872;CAMIÓN DURAVIT AMBULANCIA MINI 2020;JUGUETERIA;4500
7792435007046;MASA DURAVIT EN POTE;JUGUETERIA;2900
7792435007053;MASA DURAVIT X 2 POTES;JUGUETERIA;5600
7792435007060;MASA DURAVIT X 4 POTES;JUGUETERIA;10500
7792435007077;MASA DURAVIT X KG;JUGUETERIA;3557,4
7792435007107;AUTO DURAVIT MICRO X 3 BLISTER;JUGUETERIA;2190,1
7792435007138;JUEGO DE MASA DURAVIT CON EXTRUSOR;JUGUETERIA;5989,5
7792435007152;JUEGO DE MASA DURAVIT BURGUER KIT;JUGUETERIA;4319,7
7792435007220;SET PURA MASA AMIGUITOS EN LA GRANJA;JUGUETERIA;5299,8
7792435007312;JUEGO DE MASA DURAVIT MONIGOTES;JUGUETERIA;5166,7
7792533889933;SET DE ARTE SIFAP SUPERHEROES;JUGUETERIA;9292,8
7792783000515;NAIPES HACHAZO X 50;JUGUETERIA;399,3
7793029873699;CARTAS FORMA FRASES DIVERTIDAS;JUGUETERIA;713,9
7793198458007;PISTOLETE PIZZINI 458 (JUEGO X 3 PIEZAS);JUGUETERIA;9900
7794008001031;JUEGO DE MESA  FROZEN ADIVINA EL PERSONAJE;JUGUETERIA;5553,9
7794008001109;JUEGO DISNEY QUIEN SOY;JUGUETERIA;9692,1
7794008006166;JUEGO PINTA Y BORRA LA GRANJA DE ZENON;JUGUETERIA;6872,8
7794008006302;ROMPECABEZAS LA GRANJA DE ZENON GIGANTE 20 PZAS;JUGUETERIA;10139,8
7794008006333;JUEGO DE LA MEMORIA LA GRANJA DE ZENON;JUGUETERIA;8591
7794008006425;INSTRUMENTO MUSICAL LA GRANJA DE ZENON XILOFONO;JUGUETERIA;3230,7
7794008006470;ROMPECABEZAS LA GRANJA DE ZENON 24 Y 36PZS;JUGUETERIA;4852,1
7794008011009;SET PARA JUGAR Y COLOREAR DISNEY PIXAR;JUGUETERIA;2153,8
7794635002043;JUEGO DE MESA RUIBAL PRIMEROS NUMEROS;JUGUETERIA;8772,5
7794635002067;JUEGO DE MESA RUIBAL PRIMERAS LETRAS;JUGUETERIA;8966,1
7794635002111;JUEGO DE MESA RUIBAL GENERALA;JUGUETERIA;6473,5
7794635004788;JUEGO DE MESA  RUIBAL DIDACTICO DESCUBRIENDO PALABRAS;JUGUETERIA;25337,4
7794635004832;JUEGO DE MESA  RUIBAL DIDACTICO BUSCANDO LETRAS;JUGUETERIA;15221,8
7794635010048;JUEGO DE AJEDREZ RUIBAL;JUGUETERIA;10998,9
7794635011083;DOMINO RUIBAL CRISTAL 1106;JUGUETERIA;5602,3
7794635012400;JUEGO DE MESA RUIBAL UNO SOLO;JUGUETERIA;3170,2
7794635012424;JUEGO DE MESA RUIBAL TRABADO;JUGUETERIA;3412,2
7794635012448;JUEGO DE MESA RUIBAL TORRE DE HANOI;JUGUETERIA;5118,3
7794635012516;JUEGO DE MESA RAPIGRAMA RUIBAL;JUGUETERIA;8929,8
7794635076020;JUEGO DE CARTAS FASE 10;JUGUETERIA;8290
7794635079021;JUEGO DE MESA PICTIONARY;JUGUETERIA;20461,1
7794635079519;JUEGO DE MESA SCRABBLE DASH CARTAS;JUGUETERIA;9413,8
7794675829182;CARTAS PICTIONARY PUNTO EXACTO SA;JUGUETERIA;1415,7
7794757246455;MASA P/MODELAR MAPED CREATIV DE 120 GRS. V/COLORES;JUGUETERIA;2900
7795364726789;CARTAS SCRABBLE GRAFICA DEL NORTE SRL;JUGUETERIA;1185,8
7796133006004;DIDAKTA MEMORY ANIMALITOS PLASTIGAL 600;JUGUETERIA;1573
7796253695218;JUEGO DE LA OCA;JUGUETERIA;1887,6
7796784007047;ARRASTRE AUTO RIVA CON ENCASTRE;JUGUETERIA;8324,8
7796785160048;JUEGO DE MESA TOYCO PREGUNTADOS;JUGUETERIA;12656,6
7796785210019;JUEGO DE MESA TOYCO PASAPALABRA PREMIUM;JUGUETERIA;8591
7796785210026;PREGUNTADOS REALIDAD AUMENTADA ETERMAX;JUGUETERIA;29088,4
7797216001039;NAIPE CASINO X 40 PLASTIFICADO;JUGUETERIA;404,64
7797216001046;NAIPES CASINO 50;JUGUETERIA;4900
7797216003040;ESCOLAZO 50 NAIPES ESTILO ESPAÑOL PLASTIFICADOS;JUGUETERIA;2350
7797336000448;APILABLE BIMBI MONTA FIGURAS 12 PZAS.;JUGUETERIA;6195,2
7797336000462;MARIQUITA SONAJERO Y MORDILLO BIMBI;JUGUETERIA;5154,6
7797336002398;BALLENITAS BIMBI PARA BAÑERA;JUGUETERIA;6497,7
7797336002459;BLOQUE BIMBI TREN DIDÁCTICO BLOQUES;JUGUETERIA;4343,9
7797336002466;BLOQUE BIMBI ANIMALES - EMOCIONES;JUGUETERIA;4343,9
7797336002473;BLOQUE BIMBI APILABLE CON SONIDOS;JUGUETERIA;6231,5
7797336007539;TRANSFORMABLE COLONO 31 PIEZAS ARMATRON TV.;JUGUETERIA;5094,1
7797336030506;BLOQUE CRICO DOY PACK 20PZAS;JUGUETERIA;3702,6
7797608000244;MASA PARA MODELAR SIN HORNO 1KG CREALINA;JUGUETERIA;3037,1
7797608000350;MASA PARA MODELAR SIN HORNO 300GRS;JUGUETERIA;1113,2
7797630003060;JUEGO KREKER LETRAS, NUMEROS Y MAS DE GOMA EVA;JUGUETERIA;4997,3
7797630003091;JUEGO KREKER LAS FRACCIONES DE GOMA EVA (309);JUGUETERIA;5408,7
7797630003725;NUMEROS GOMA EVA KREKER HAGAMOS CUENTAS;JUGUETERIA;2262,7
7797630003817;DIDAC.KREKER 381 RELOJ DE GOMA EVA C/ NUMEROS AUTOADHESIVOS Y AGUJAS PARA ARMAR;JUGUETERIA;2420
7797630032862;JUEGO 2 EN 1 DIGALO C/MIMICA + NI SI, NI NO, ETC. FROZEN 2;JUGUETERIA;1500,4
7797756001940;ROMPECABEZAS CAPERUCITA ROJA 100PZS;JUGUETERIA;7368,9
7798002585627;DOMINO PAW PATROL;JUGUETERIA;7998,1
7798002585672;JUEGO PINTA Y BORRA   PAW PATROL;JUGUETERIA;1972,3
7798002586181;BINGO DE FORMAS PAW PATROL;JUGUETERIA;8808,8
7798002586495;ROMPECABEZAS PISTAS DE BLUE APRENDE LOS NUMEROS;JUGUETERIA;4489,1
7798002586570;PUZZLE HARRY POTTER 150 PZA;JUGUETERIA;8978,2
7798004837410;VALIJA SOY VETERINARIA TIXI;JUGUETERIA;5045,7
7798032481159;JUEGO DE MESA SAN REMO LUDOMATIC;JUGUETERIA;4392,3
7798046766419;PISTOLETES DOCENT 2641 (JUEGO X 3 PIEZAS);JUGUETERIA;5900
7798071680179;MAPA DIDACTICO EVA MAGIC ARGENTINA (40);JUGUETERIA;5808
7798071682456;SISTEMA SOLAR DIDACTICO EVA MAGIC (3800);JUGUETERIA;4477
7798071684603;CUERPO HUMANO EVA MAGIC APARATO DIGESTIVO;JUGUETERIA;4646,4
7798104180973;CAMIONCITO CIUDAD 4X4;JUGUETERIA;883,3
7798108223300;PUZZLE MI GRANJA COMPACTO;JUGUETERIA;786,5
7798108223362;PUZZLE COMPACTO ZOO NURPO 36 PIEZAS;JUGUETERIA;629,2
7798114531437;EL JUEGO DE LA OCA;JUGUETERIA;1210
7798133590101;DOMINO TRANSPORTES;JUGUETERIA;2020,7
7798136800108;JUEGO MECANEX K10 AVIONETA;JUGUETERIA;4440,7
7798136800207;MECANEX K20 64 PIEZAS HELICOPTERO;JUGUETERIA;4440,7
7798136916007;JUEGO DE CONSTRUCCION ARMAMEC 80 PZS GRUA;JUGUETERIA;6364,6
7798155600024;JUEGO DE MESA BONTUS TE CONOZCO?;JUGUETERIA;20950
7798155600079;JUEGO DE CARTAS BONTUS CHANCHO VA;JUGUETERIA;4537,45
7798155600093;JUEGO DE CARTAS BONTUS ARMAPALABRAS;JUGUETERIA;4537,45
7798155600109;JUEGOS PARA LLEVAR BONTUS CANTE TUTTI;JUGUETERIA;3887,9
7798155600116;JUEGO DE CARTAS BONTUS PARA LLEVAR LOLA MENTO;JUGUETERIA;4537,45
7798155600123;JUEGO DE CARTAS BONTUS PARA LLEVAR POCAS PISTAS;JUGUETERIA;4537,45
7798155600130;JUEGOS PARA LLEVAR BONTUS ENREDADOS;JUGUETERIA;3887,9
7798155600314;JUEGO DE CARTAS BONTUS VERDAD O CONSECUENCIA;JUGUETERIA;4537,45
7798155600406;JUEGOS CON CUENTOS CAPERUCITA ROJA BONTUS;JUGUETERIA;3887,9
7798155600680;JUEGO DE CARTAS BONTUS CUENTA CUENTOS PARA LLEVAR;JUGUETERIA;4537,45
7798155600734;JUEGO DE CARTAS BONTUS PARA LLEVAR Y VOS QUIEN SOS?;JUGUETERIA;4537,45
7798155600925;LAVERINTO BONTUS PARA LLEVAR;JUGUETERIA;9802,8
7798155601083;JUEGO DIVER MASA ESCENARIOS BONTUS;JUGUETERIA;1694,48
7798155601113;JUEGO DIVER MASA ESCENARIOS BONTUS;JUGUETERIA;1694,48
7798155601120;JUEGO DIVER MASA ESCENARIOS BONTUS;JUGUETERIA;1694,48
7798155601175;JUEGO DIDACTICO BONTUS DINODETECTIVES;JUGUETERIA;3887,9
7798155601243;JUEGO DIDACTICO BONTUS DESCONFIO DE LOS PIRATAS;JUGUETERIA;3887,9
7798155605234;JUEGO DE CARTAS BONTUS ABRECABEZAS JR;JUGUETERIA;4537,45
7798155605258;JUEGO DE CARTAS BONTUS CHOCOLATE BOTA TORTUGA;JUGUETERIA;4537,45
7798155605265;JUEGO DE CARTAS BONTUS MI CASTILLO;JUGUETERIA;4537,45
7798155605289;JUEGO DE CARTAS BONTUS PARA LLEVAR Y YO QUIEN SOY?;JUGUETERIA;4537,45
7798155606101;JUEGO BONTUS UNA PISTA MAS;JUGUETERIA;3887,9
7798155606118;JUEGO DE MESA BONTUS DIBUJALO;JUGUETERIA;5822,93
7798155606125;JUEGO DE MESA BONTUS CRUZANDO PALABRAS;JUGUETERIA;3887,9
779816433257;DINOSAURIO TOYLAND ESTEGOSAURIO GOMA SOFT CON SONIDO 58CM;JUGUETERIA;39905,8
7798164342847;JUEGO ENREDADOS TOYLAND;JUGUETERIA;21525,9
7798164342960;ROBOT  TOYLAND TRANSFORMABLE EN BLISTER 8 MODELOS 27CM.;JUGUETERIA;1972,3
7798164343448;PISTOLA BLAZE STORM LANZA DARDOS MICRO 5 DARDOS;JUGUETERIA;6235,68
7798164344292;AUTO F1 A FRICCIÓN;JUGUETERIA;3932,5
7798164344308;GRUA FRICCION TOYLAND;JUGUETERIA;4174,5
7798164344315;BUS ESCOLAR TOYLAND FRICCIÓN;JUGUETERIA;2593,19
7798164520221;SET DE BIJOU LOOKMANIA CAJA 4 DIVISIONES PLASTICO;JUGUETERIA;7598,8
7798164520801;CAJA 4 DIV MADERA LOOK 29;JUGUETERIA;7598,8
7798164520856;CAJA REDONDA MADERA LOOK 35;JUGUETERIA;5457,1
7798164521310;JUEGO  LOOKMANIA MEMOTEST COSMO MANIA;JUGUETERIA;10829,5
7798164521327;JUEGO DE MESA LOOKMANIA MEMOTEST DINO MANIA;JUGUETERIA;10829,5
7798172020096;MASA PARA MODELAR IRV TOYS ANIMALITOS DIVERTIDOS;JUGUETERIA;1004,3
7798183590120;JUEGO LOS NUMEROS;JUGUETERIA;9462,2
7798183590304;JUEGO DOMINO DE ANIMALES CHICO;JUGUETERIA;4598
7798183590335;JUEGO DOMINO DE PUNTOS Y COLORES CHICO;JUGUETERIA;4598
7798183590540;JUEGO NUMEROS IMANTADOS;JUGUETERIA;10611,7
7798236790385;JULIANA DISEÑO DE UÑAS;JUGUETERIA;19154,3
7798280735998;CARTAS NAIPES & MEMORY ZOMBIES;JUGUETERIA;2093,3
7798280736001;CARTAS NAIPES & MEMORY UNICORNIOS;JUGUETERIA;2093,3
7798280736025;CARTAS NAIPES & MEMORY TOP SPEED;JUGUETERIA;2153,8
7798280736988;ROMPECABEZAS 29X22 CACTUS Y LLAMAS 48 PZAS.;JUGUETERIA;1040,6
7798280737114;ROMPECABEZAS 32 X 32UNICORNIOS 25 PZAS;JUGUETERIA;1851,3
7798280738494;ROMPECABEZA INKDROP CUTE ANIMALS;JUGUETERIA;3581,6
7798310072192;PISTOLA TOY STORY;JUGUETERIA;8820,9
7798326068097;MEMO JUEGO MEMORIA MINIONS;JUGUETERIA;2843,5
7798335721310;SET TECNICO DOZENT 50X 60 +23 ARTICULOS;JUGUETERIA;23880
7798347371114;JULIANA VALIJA MAKEUP UNICORN;JUGUETERIA;17254,6
7798356618279;KIT IMANES MOOVING MICKEY&MINNIE ART: 2162050505;JUGUETERIA;9135,5
7798368221054;ROMPECABEZAS DEPORTES X2;JUGUETERIA;2686,2
7798371102098;AJEDREZ INK DROP;JUGUETERIA;9147,6
7798389061233;MINIMENTO PANDERO CLASICO INSTRUMENTO MUSICAL;JUGUETERIA;4114
7799070001484;ENCASTRE 4 YOU GOMA EVA X 4 DISEÑOS SURT. 27,5X24CM.;JUGUETERIA;4077,7
7799070001507;MAPA DIDACTICO ARGENTINA DE GOMA EVA;JUGUETERIA;5590,2
7799070001514;NUMEROS Y SIGNOS 44 PIEZAS GOMA EVA;JUGUETERIA;2952,4
7799070007332;AUTO DIE CAST MINI CAI RACING;JUGUETERIA;3500
7799070007486;SET DOCTOR TOYLAND CON 5 ACCESORIOS;JUGUETERIA;4271,3
7799070007783;CUBO MÁGICO YJ CLASICO 3X3 STICKERLESS EN BLISTER;JUGUETERIA;8639,4
7799070007790;CUBO MÁGICOYJ PYRAMID EN BLISTER;JUGUETERIA;8966,1
7799070007806;CUBO MAGICO TOYLAND YJ GOLDEN HORN EN BLISTER;JUGUETERIA;10902,1
7799070007974;BINGO  878 48 CARTAS;JUGUETERIA;30709,8
7799070008261;PISTOLA DE AGUA TOYLAND SUPER WATER 20CM EN BOLSA;JUGUETERIA;7429,4
7799070008278;PISTOLA TOYLAND DE AGUA SUPER WATER 40CM EN BOLSA;JUGUETERIA;12172,6
7799070010677;ENCASTRE DINOSAURIO DE GOMA EVA;JUGUETERIA;3400,1
7799133007040;KIT IMANES MOOVING GRANDES X 6;JUGUETERIA;1657,7
7806710900929;DIDO MASA CON MOLDES 3D;JUGUETERIA;5723,3
7806710901094;DIDO GLITTER 2 JUEGOS EN 1;JUGUETERIA;6243,6
781718918312;MINI JUEGO DE CIENCIA 2;JUGUETERIA;726
786071076907;CARTAS EDUCATIVAS BARCO DE PAPEL MULTIPLICACION Y DI;JUGUETERIA;13500
786071076938;CARTAS EDUCATIVAS BARCO DE PAPEL SUMAS Y RESTAS;JUGUETERIA;13500
786071076952;ROMPECABEZA 35 PIEZAS BARCO DE PAPEL - ABECEDARIO;JUGUETERIA;4162,4
786071077263;BARCO DE PAPEL JUEGO Y APRENDO - ESPACIO;JUGUETERIA;17500
786071077270;JUEGO Y APRENDO - ANIMALES;JUGUETERIA;13900
786071077287;JUEGO Y APRENDO - OFF LINE;JUGUETERIA;13900
786071077294;BARCO DE PAPEL JUEGO Y APRENDO - POR EL MUNDO;JUGUETERIA;17500
786071077669 786071077638;JUEGO DE CARTAS LUDME - BARCO DE PAPEL;JUGUETERIA;16500
786071077737;BARCO DE PAPEL -LUDME- VALIJA DE PICTOS 786071077744;JUGUETERIA;25900
786071077904;ROMPECABEZA EN LATA BARCO DE PAPEL - CASA DEL ARBOL;JUGUETERIA;19500
786071077928;ROMPECABEZA EN LATA BARCO DE PAPEL - CUERPO HUMANO;JUGUETERIA;19500
786071077942;ROMPECABEZA EN LATA BARCO DE PAPEL - GRANJA;JUGUETERIA;19500
786071077966;ROMPECABEZA EN LATA BARCO DE PAPEL - OCEANO;JUGUETERIA;19500
786071077973;ROMPECABEZA EN LATA BARCO DE PAPEL - SELVA;JUGUETERIA;19499,7
786071078130;BARCO DE PAPEL-  MIEDOS PARA EXPLORAR/ VINCULOS 786071078055;JUGUETERIA;23800
786071078178;BARCO DE PAPEL JUEGO Y APRENDO - TERROR;JUGUETERIA;17500
786071078970;ROMPECABEZA 48 PIEZAS BARCO DE PAPEL   OCEANO;JUGUETERIA;9123,4
7891153095288;SLIME ACRILEX KIMELEKA 180GRS VARIOS COLORES;JUGUETERIA;4950
7891153096810;SLIME ACRILEX KIMELEKA METAL COLORS SURTIDOS X 180 GR. (45832);JUGUETERIA;4950
7891153099750;ARENA MAGICA ART KIDS ACRILEX 200G;JUGUETERIA;6195,25
7891153100050;SLIME ACRILEX KIMELEKA GLOW IN THE DARK X 180 GR. (45895);JUGUETERIA;4899,92
7891153116037;SLIME ACRILEX KIMELEKA SQUISHY X 180 GRS;JUGUETERIA;6500
7891153117096;SLIME ACRILEX KIMELEKA CONFETTI X 180 GRS (copy);JUGUETERIA;6500
8000144390304;MASA DIDO POTE X 100 GRSGRS;JUGUETERIA;774,4
8000144393602;MASA DIDO X 50 GRS;JUGUETERIA;1100
8206501145017;JUEGO DE CARTAS - UNO - TDF;JUGUETERIA;1925,55
8410779073044;HELICOPTERO PINYPON ACTION RESCATE FIGURA Y ACCESORIOS;JUGUETERIA;50372,3
8410779087706;PINYPON ACCESORIOS  SERIE 11;JUGUETERIA;8651,5
845218008321;PISTOLA X SHOT MICRO X 2;JUGUETERIA;7356,8
886144496264;MICROFONO  PISTAS DE BLUES CON LUZ Y SONIDO clue;JUGUETERIA;5203
887961644906;PISTA HOT WHEELS DE BOLSILLO;JUGUETERIA;10091,4
889933950077;FIGURA POKEMON X2 EN BLISTER;JUGUETERIA;8699,9
898535300128;JUGUETE PARA BEBE;JUGUETERIA;1936
9786316576088;SET DE ARETE SCRATCH WOW V MODELOS;JUGUETERIA;12944
9789193267147;CARTAS EDUCATIVAS BARCO DE PAPEL IMPRENTA;JUGUETERIA;13500
9789874248695;CARTAS EDUCATIVAS BARCO DE PAPEL ABECEDARIO Y NUMEROS;JUGUETERIA;13500
9789874248701;CARTAS EDUCATIVAS BARCO DE PAPEL ALPHABET & NUMBERS;JUGUETERIA;13500
9789874845641;JUGUEMOS PINTANDO COLECCION;JUGUETERIA;992,2
9789874845658;JUGUEMOS PINTANDO COLECCION;JUGUETERIA;992,2
9789874845665;JUGUEMOS PINTANDO COLECCION;JUGUETERIA;1185,8
9789877971996;CARTAS TE CUENTO UN JUEGO FROZEN 2;JUGUETERIA;1343,1
9789878963044;JUGUEMOS PINTANDO COLECCION;JUGUETERIA;1185,8
9789878963051;JUGUEMOS PINTANDO COLECCION;JUGUETERIA;992,2
9789974744462;LA SONRISA DE GRODO;JUGUETERIA;4549,6
991808712229;LAMPARA;JUGUETERIA;4513,3
003443501004;LIBRO LA GRANJA DE ZENON HOLA AMIGUITOS;LIBROS;1282,6
013429913530;LIBRO PLOW CLASICOS POP UP LIBRO DE LA SELVA;LIBROS;6950,45
013429920590;LIBRO DE ACTIVIDADES COLORES PARA EL ALMA MANDALAS;LIBROS;4876,3
0731199063421;LIBRO PARA COLOREAR MINI MANDALA;LIBROS;931,7
0781159077029;LIBRO P/COLOREAR DINOS;LIBROS;958,76
1136918;LIBRO COLOREAMOS;LIBROS;302,5
561162;LIBRO COLECCION CUENTOS CLASICOS MIS CUENTOS FAVORITOS PLOW (SCHOOL FUN);LIBROS;2480,5
582538;LIBRO INVENTARIO RAB T.D. 2 MANOS 2 COLUMNAS (2227);LIBROS;27978,6
582539;LIBRO DIARIO RAB T.D. 2 MANOS 2 COLUMNAS (2225);LIBROS;30637,2
6920861115009;LIBRO PARA COLOREAR C/STICKER;LIBROS;2855,6
731199063568;LIBRO SIRENAS;LIBROS;1258,4
731199063575;LIBRO P PINTAR TIBURON;LIBROS;1258,4
737787949498;LIBRO DESCUBRIR APRENDIENDO LETRAS Y NUM;LIBROS;2238,5
737787949528;LIBRO DESCUBRIR APRENDIENDO SUMAS Y LETRAS;LIBROS;2238,5
737787949535;LIBRO DESCUBRIR APRENDIENDO SUMAS Y LETRAS;LIBROS;2238,5
7791130938280;LIBRITO PARA PINTAR  IND ARG V MODELOS;LIBROS;1225,06
7792690020613;LIBRO PARA COLOREAR;LIBROS;326,7
7794008012006;MALETIN PARA CREAR Y COLOREAR BLUEY;LIBROS;8433,7
7794008099809;MALETIN PARA CREAR Y COLOREAR PAW PATROL;LIBROS;8433,7
7798082560378;REVISTA COLOREAMOS CIRCUS;LIBROS;900
7798143213793;LIBRO RAB ACTAS LICITACION CORONA 2M;LIBROS;19306,2
7798175718051;LIBRO PARA PINTAR ANIMALITOS;LIBROS;133,1
7798280738562;LIBRO PARA COLOREAR CACTUS Y LLAMAS;LIBROS;689,7
7798363801275;LIBRO T/ FLEXIBLE APAISADO VULCANO I.V.A COMPRAS 48 HOJAS 25 X 35 CM.;LIBROS;592,9
7798371100186;LIBRO PARA COLOREAR CARS;LIBROS;689,7
7798371100414;LIBRO PARA COLOREAR PLAYMOBIL PRINCESAS;LIBROS;689,7
7798371100421;LIBRO PARA COLOREAR PLAYMOBIL HADAS;LIBROS;544,5
7799133012396;LIBRO STICKY NOTES MOOVING QUITAPESARES SANDIA;LIBROS;6328,3
781159077029;LIBRO TROQUELADO OCHENTA Y SIETE;LIBROS;958,76
781159077050;LIBRO TROQUELADO OCHENTA Y SIETE UNICORNIOS;LIBROS;1258,4
786071077096;APRENDO A ESCRIBIR IMPRENTA -DISNEY;LIBROS;15586,3
786071077393;SUPER VIAJE DE EMOCIONES;LIBROS;26950
7998371105550;LIBRO PARA COLOREAR V MODELOS 7798371105648;LIBROS;1500
8436026776353;LIBRO DE ACTIVIDADES APRENDO EN CASA - STICKERS LECTURA 4-5;LIBROS;665,5
9781838521592;LIBRO DIVERTITE PINTANDO DINOS C CRAYONES;LIBROS;6860,7
9781838521608;LIBRO DIVERTITE PINTANDO UNICORNIOS C CRAYONES DE UNICORNIOS;LIBROS;3940
9782733873496;LIBRO AUZOU EL LOBO  QUE QUERIA CAMBIAR DE COLOR;LIBROS;24542
9782733893579;LIBRO AUZOU LOBO: EL LOBO QUE DOMINÓ SUS EMOCIONES;LIBROS;11192,5
9788490051832;LIBRO COLECCIÓN APRENDE CON DIBU ESCRIBIR/SUMAR;LIBROS;641,3
9788491786122;LIBRO P/PINTAR C/STICKERS COLOREA KIDS (CAD135) V/MODELOS;LIBROS;1076,9
9788491786177;LIBRO PARA COLOREAR “COLOREA ANIMALES CON PEGATINAS”;LIBROS;1064,8
9788491786337;LIBRO CALAVERAS LLENAS DE COLOR;LIBROS;2432,1
9789463993463;LIBRO YOYO GIRA Y DESCUBRE NÚMEROS;LIBROS;10890
9789463993470;LIBRO YOYO GIRA Y DESCUBRE PALABRAS;LIBROS;10890
9789464220483;LIBRO YOYO CUÉNTAME UN CUENTO CON TÍTERES DE DEDO CAPER;LIBROS;16201,9
9789501180367;LIBRO SIGMAR LEO CON FIGURAS;LIBROS;8760,4
9789501180558;LIBRO SIGMAR PINCELADAS;LIBROS;338,8
9789501180589;LIBRO SIGMAR PINTATODO;LIBROS;3436,4
9789501180961;LIBRO SIGMAR PINTA PINTITA;LIBROS;580,8
9789501181678;LIBRO SIGMAR  ROCÍO;LIBROS;931,7
9789501183580;LIBRO SIGMAR COLECCIÓN CALABAZA;LIBROS;9438
9789501184433;LIBRO SIGMAR RINCON CRAYON;LIBROS;871,2
9789501185133;LIBRO SIGMAR JAZMIN;LIBROS;1161,6
9789501185515;LIBRO SIGMAR COLECCION MIS AVENTURAS CARS;LIBROS;1343,1
9789501187007;LIBRO SIGMAR MEMOTEST EN POTE;LIBROS;4017,2
9789506030483;LIBRO INFANTIL ED. BETINA MY WORLD IN ENGLISH V/MODELOS;LIBROS;1367,3
9789506031039;LIBRO INFANTIL ED. BETINA ABCDARIO C/STICKERS V/MODELOS;LIBROS;2964,5
9789506031329;LIBRO INFANTIL ED. BETINA PEGANDO DINOSAURIOS C/STICKERS;LIBROS;2964,5
9789506031374;LIBRO INFANTIL P/PINTAR ED. BETINA PEGANDO Y PINTANDO V/MODELOS;LIBROS;2964,5
9789506031596;LIBRO INFANTIL P/PINTAR ED. BETINA JUGUEMOS PINTANDO;LIBROS;3751
9789506031626;LIBRO INFANTIL ED. BETINA MI PEQUEÑO CUENTO;LIBROS;2311,1
9789506031879;LIBRO INFANTIL P/COLOREAR COLECCIÓN DE PASEO CON LAS VOCALES;LIBROS;411,4
9789506032012;LIBRO INFANTIL P/PINTAR ED. BETINA PINTANDO DINOSAURIOS;LIBROS;2371,6
9789506032128;LIBRO INFANTIL P/PINTAR ED. BETINA LOCOLOREAMOS;LIBROS;1972,3
9789506032296;LIBRO INFANTIL P/PINTAR ED. BETINA PINTANDO Y DIBUJANDO EN LA GRANJA;LIBROS;2371,6
9789506032401;LIBRO P/PINTAR ED. BETINA MANDALAS INFANTILES MUNDO DE COLORES;LIBROS;2371,6
9789506033347;LIBRO INFANTIL P/PINTAR ED. BETINA PINTORCITO;LIBROS;1972,3
9789506033354;LIBRO INFANTIL P/PINTAR ED. BETINA LLENO DE COLORES;LIBROS;1972,3
9789506033415;LIBRO P/PINTAR MONSTRUICOLOR;LIBROS;1972,3
9789506033545;LIBRO INFANTIL P/PINTAR ED. BETINA PINTANDO UNICORNIOS;LIBROS;2371,6
9789506033606;LIBRO INFANTIL P/PINTAR ED. BETINA MI ALEGRE VALIJITA V/MODELOS;LIBROS;3557,4
9789506033699;LIBRO INFANTIL P/PINTAR ED. BETINA HOLA KAWAII;LIBROS;1681,9
9789871707102;LIBRO INFANTIL ED. ARTEMISA ANIMALES DE LA GRANJA V/MODELOS;LIBROS;1476,2
9789871952113;LIBRO PLOW VAMOS A COLOREAR DINOSAURIOS;LIBROS;1343,1
9789871952144;LIBRO PLOW VAMOS A COLOREAR LA GRANJA;LIBROS;1343,1
9789871952700;LIBRO PLOW VAMOS A COLOREAR PRINCESAS;LIBROS;1343,1
9789873203220;Libro de actividades practinumeros;LIBROS;7526,2
9789873612565;LIBRO LETTERING PRACTICA Y DIBUJA PASO A PASO;LIBROS;7790,25
9789874045201;LIBRO PARA COLOREAR MANDALAS TERAPIA ANTIESTRES FLORALES 32HS;LIBROS;786,5
9789874045232;LIBRO PARA COLOREAR MANDALAS TERAPIA ANTIESTRES ZEN 32HS;LIBROS;786,5
9789874296887;LIBRO BARCO DE PAPEL MI LIBRO DE CUENTOS;LIBROS;16300
9789874296894;LIBRO BARCO DE PAPEL MI LIBRO DE SUMAS Y RESTAS;LIBROS;13939,2
9789874296917;LIBRO BARCO DE PAPEL MI LIBRO DE FRASES;LIBROS;16300
9789874296931;LIBRO BARCO DE PAPEL MI LIBRO DE PALABRAS;LIBROS;14604,7
9789874621214;LIBRO PARA COLOREAR CREANDO TU PROPIO MANDALA 48 PÁGINAS;LIBROS;4029,3
9789874621221;LIBRO P COLOREAR MANDALAS INSPIRACION;LIBROS;3932,5
9789874621245;LIBRO P COLOREAR MANDALAS INSPIRACION;LIBROS;3932,5
9789874621252;LIBRO P COLOREAR MANDALAS INSPIRACION;LIBROS;3932,5
9789874621269;LIBRO PARA COLOREAR LETTERING CREANDO TU PROPIO LETTERING;LIBROS;4029,3
9789874621559;MALETIN PARA CREAR Y COLOREAR PEPPA PIG;LIBROS;8433,7
9789874764256;LIBRO ATELIER DEL ARTE;LIBROS;30661,4
9789874801708;LIBRO ANIMALES PARA COLOREAR DE MARIANA SANZ PUNTA PINCEL;LIBROS;1355,2
9789874801777;LIBRO MANDALAS ENERGIA Y ANIMALES;LIBROS;3679,65
9789874801784;LIBRO MANDALAS SERENIDAD Y FLORES;LIBROS;3679,65
9789874801791;LIBRO PARA COLOREAR LETTERING ANTIESTRES FRASES 48 PAGINAS;LIBROS;4029,3
9789874845603;LIBRO JUGUEMOS CON LAS FORMAS & INGLES;LIBROS;2516,8
9789874992284;LIBRO PLOW CLASICOS POP UP LA BELLA Y LA BESTIA;LIBROS;6950,45
9789874992369;LIBRO PLOW VAMOS A COLOREAR UNICORNIOS;LIBROS;1343,1
9789874992642;LIBRO INFANTIL P/PINTAR COLECCION A COLOREAR! V/MODELOS;LIBROS;387,2
9789874992659;LIBRO A COLOREAR LLAMAS;LIBROS;375,1
9789874992666;LIBRO A COLOREAR DINOSAURIOS DE SCHOOL FUN;LIBROS;387,2
9789874992673;LIBRO A COLOREAR CUENTOS CLÁSICOS;LIBROS;387,2
9789874992970;LIBRO INFANTIL P/PINTAR COLECCION VAMOS A PINTAR V/MODELOS 9789874992963 9789874992970 9789874992956;LIBROS;726
9789876372732;LIBRO CATAPULTA ABREMENTE IMPRENTA MAYUSCULA;LIBROS;22500
9789876372749;LIBRO CATAPULTA ABREMENTE PARA ESCRIBIR Y BORRAR NÚMEROS;LIBROS;22500
9789876373708;LIBRO CATAPULTA ABREMENTE GRAFISMOS;LIBROS;22500
9789876373715;LIBRO CATAPULTA ABREMENTE PARA ESCRIBIR Y BORRAR FORMAS;LIBROS;22500
9789876374767;LIBRO CATAPULTA ABREMENTE PARA ESCRIBIR Y BORRAR IMPRENTA MI;LIBROS;22500
9789876375122;LIBRO CATAPULTA ABREMENTE PARA ESCRIBRIR Y BORRAR CURSIVA;LIBROS;22500
9789876377928;LIBRO CATAPULTA JUGAR Y APRENDER 123;LIBROS;22500
9789876378895;LIBRO CATAPULTA BURUNDI DE FALSOS PERROS Y VERDADEROS LEONES;LIBROS;22500
9789876379052;LIBRO CATAPULTA BURUNDI DE LARGOS MISTERIOS Y LÍNEAS PERDIDA;LIBROS;22500
9789876740753;LIBRO INFANTIL ED. ARTEMISA PINTA Y ESCRIBE ESPAÑOL-INGLES V/MODELOS;LIBROS;968
9789876740791;LIBRO INFANTIL ED. ARTEMISA MIL Y UN DIBUJOS P/COLOREAR (80 PAGS.);LIBROS;6509,8
9789876741408;LIBRO INFANTIL ED. ARTEMISA CUENTOS PARA ANTES DE SOÑAR V/MODELOS;LIBROS;4416,5
9789876743334;LIBRO INFANTIL ED. ARTEMISA PEQUEÑOS ANIMALITOS TROQUELADOS SURTIDOS;LIBROS;1089
9789876743679;LIBRO ARTEMISA YO PINTO LA GRANJA;LIBROS;1851,3
9789876744294;LIBRO ARTEMISA HADAS DE LUZ;LIBROS;1960,2
9789876745376;LIBRO INFANTIL ED. ARTEMISA DINOTERRIBLES C/STICKERS SURTIDOS;LIBROS;3545,3
9789876745444 9789876747929 9789876747936;LIBRO P/PINTAR ED. ARTEMISA MIS MAS BELLOS MANDALAS V/MODELOS 9789876745437;LIBROS;5000
9789876746267;LIBRO P/PINTAR ED. ARTEMISA ARTETERAPIA V/MODELOS;LIBROS;2553,1
9789876747516;LIBRO INFANTIL ED. ARTEMISA LEO CON IMAGENES V/MODELOS;LIBROS;1972,3
9789876747929;LIBRO P/PINTAR ED. ARTEMISA MIS MAS BELLOS MANDALAS V/MODELOS;LIBROS;3484,8
9789876748186;LIBRO INFANTIL ED. ARTEMISA PUNTO A PUNTO V/MODELOS;LIBROS;1524,6
9789876748674;LIBRO P/PINTAR ED. ARTEMISA MANDALAS JARDINES V/MODELOS;LIBROS;1681,9
9789876748681 9789876748674 9789876748698;LIBRO P/PINTAR ED. ARTEMISA MANDALAS JARDINES V/MODELOS;LIBROS;4600
9789877476002;LIBRO V&R COLECCION COLOREA TU MUNDO V/MODELOS;LIBROS;2093,3
9789877476019;LIBRO V&R COLECCION COLOREA TU MUNDO V/MODELOS;LIBROS;2093,3
9789877476620;LIBRO VYR COLECCION COLOREA TU MUNDO;LIBROS;4319,7
9789877476637;LIBRO VYR COLECCION COLOREA TU MUNDO;LIBROS;4319,7
9789877477696;LIBRO VYR COLECCION COLOREA TU MUNDO;LIBROS;4319,7
9789877512236;LIBRO PARA PINTAR EL ARBOL DE LA VIDA ESTACIONES T/F;LIBROS;5614,4
9789877519242;LIBRO PARA PINTAR PIXELCRAFT ANIMALES/DINOSAURIOS/PERSONALES/ESPACIO 9789877519204 9789877519242 9789877519228;LIBROS;1210
9789877721072;LIBRO PARA COLOREAR X NUMERO;LIBROS;2746,7
9789877763256;LIBRO PARA COLOREAR PAW PATROL COLOREA;LIBROS;871,2
9789877769890;MALETIN PEPPA PIG PARA COLOREAR CON ACUARELAS;LIBROS;3593,7
9789877770902;LIBRO DINOPEDIA SAUROPODOMORFOS;LIBROS;677,6
9789877971392;LIBRO DINOSAURIOS PELIGROSOS C/ STICKERS;LIBROS;1536,7
9789877971408;LIBRO DINOSAURIOS GIGANTES C/ STICKERS;LIBROS;1548,8
9789877972603;LIBRO PARA PINTAR SUPERCOLORES 2020 9789877972610  9789877972597;LIBROS;968
9789877973259;LIBRO 1001 DIBUJOS PARA PINTAR “ANIMALES DIVERTIDOS”;LIBROS;1210
9789877973266;LIBRO PARA PINTAR 1001 DIBUJOS PARA PINTAR T/F;LIBROS;2032,8
9789877974720;LIBRO APRENDO A DIBUJAR ANIMALES CON TRAZOS SIMPLES;LIBROS;580,8
9789877974737;LIBRO DINOSAURIOS CARNIVOROS 32 PÁG;LIBROS;677,6
9789877974751;COLECCIÓN 4 EN 1 LABERINTOS JUEGOS 9789877974751;LIBROS;484
9789877974805;LIBRO DE CUENTOS 4/1 REINO DE LAS EMOCIONES UNICORNIOS;LIBROS;641,3
9789878041100;LIBRO PARA COLOREAR MI MUNDO BRILLANTE LA GRANJA DE ZENÓN;LIBROS;2420
9789878042909;LIBRO PARA COLOREAR PAW PATROL PINTA Y CALCA;LIBROS;1452
9789878042923;LIBRO PARA COLOREAR BABY SHARK PINTA Y CALCA;LIBROS;1452
9789878042930;LIBRO PARA COLOREAR MY LITTLE PONY SUPER COLOR;LIBROS;1222,1
9789878042947;LIBRO PARA COLOREAR MICKEY SUPER COLOR;LIBROS;1004,3
9789878042961;LIBRO PARA COLOREAR CRY BABIES SUPER COLOR;LIBROS;1222,1
9789878043630;SET IMAGINA - 1 LIBTRO+CRAYONES+STICKERS;LIBROS;4126,1
9789878045238;LIBRO PARA COLOREAR SUPER COLOREA 80HSJ DINO;LIBROS;1585,1
9789878045368;PINTA POR LETRAS Y NUMEROS MINNIE;LIBROS;1343,1
9789878045375;PINTA POR LETRAS Y NUMEROS MY UNICORN;LIBROS;1343,1
9789878045382;LIBRO PARA COLOREAR LA GRANJA DE ZENON PINTA POR LETRAS Y N;LIBROS;1621,4
9789878045559;PINTA POR LETRAS Y NUMEROS PISTAS DE BLUE;LIBROS;1343,1
9789878046754;LIBRO LA GRANJA DE ZENON PINTEMOS 100 STICKER VERTICE;LIBROS;2105,4
9789878046778;LIBRO P PINTAR C POSTER PEPPA;LIBROS;3327,5
9789878046822;LIBRO ACTIVIDADES VERTUCE APRENDO;LIBROS;1113,2
9789878046839;LIBRO LA GRANJA DE ZENON 500 STICKERS VERTICE;LIBROS;7005,9
9789878047416;LIBRO PINTA CON ED VERTICE (PEPPA, UNICORNIO, DINO);LIBROS;1464,1
9789878048932;SET DE SELLOS PISTAS DE BLUE/ UNICORNIOS;LIBROS;6606,6
9789878049755;BLUEY MI BLOCK PARA JUGAR Y PINTAR VERTICE;LIBROS;4368,1
9789878201382;LIBRO NUMEROS 1-50 EL GATO DE HOJALATA;LIBROS;2274,8
9789878201719;LIBRO DE ACT GRAFISMOS GATO DE HOJALATA;LIBROS;2674,1
9789878327051;LIBRO CHUEKOS DIBUJANDO;LIBROS;580,8
9789878327884;LIBRO PARA COLOREAR COLOREANDO PRINCIPES Y DRAGONES C/STICKERS;LIBROS;4114
9789878327891;LIBRO PARA COLOREAR COLOREANDO UNICORNIOS Y ARCOIRIS C/STICKERS;LIBROS;4803,7
9789878433066;LIBRO PARA COLOREAR Y MEDITAR MANDALAS FLORALES;LIBROS;1548,8
9789878433073;LIBRO PARA COLOREAR Y MEDITAR MANDALAS ZEN;LIBROS;1548,8
9789878433080;LIBRO PARA COLOREAR Y MEDITAR MANDALAS HINDU;LIBROS;1548,8
9789878433097;LIBRO PLOW COLOREA Y MEDITA MANDALAS ORIENTALES;LIBROS;1548,8
9789878433110;LIBRO INFANTIL P/PINTAR COLECCION COLOREANDO V/MODELOS;LIBROS;786,5
9789878433127;LIBRO INFANTIL P/PINTAR COLECCION COLOREANDO V/MODELOS;LIBROS;786,5
9789878433134;LIBRO INFANTIL P/PINTAR COLECCION COLOREANDO V/MODELOS;LIBROS;786,5
9789878433141;LIBRO PLOW 1000 Y UN UNICORNIOS PARA COLOREAR;LIBROS;2900
9789878433158;LIBRO INFANTIL P/PINTAR COLECCION 1000 Y UN.. V/ MODELOS;LIBROS;1488,3
9789878433165;LIBRO PLOW 1000 Y UN ANIMALITOS PARA COLOREAR;LIBROS;2900
9789878433172;LIBRO PLOW 1000 Y UN UNICORNIOS PARA COLOREAR;LIBROS;2900
9789878433349;LIBRO PLOW APRENDO FACILMENTE ANIMALES DE LA GRANJA;LIBROS;1911,8
9789878433356;LIRO PLOW APRENDO FACILMENTE LETRAS Y NUMEROS;LIBROS;1681,9
9789878433363;LIBRO PLOW APRENDO FACILMENTE MULTIPLICACION;LIBROS;2008,6
9789878433370;LIBRO PLOW APRENDO FACILMENTE SUMAS Y RESTAS;LIBROS;2008,6
9789878433462;LIBRO PLOW PARA COLOREAR HORA DE JUGAR  DINO;LIBROS;1318,9
9789878433479;LIBRO PLOW PARA COLOREAR HORA DE JUGAR  GRANJA;LIBROS;1318,9
9789878433486;LIBRO PLOW PARA COLOREAR HORA DE JUGAR  SELVA;LIBROS;1318,9
9789878433493;LIBRO PLOW PARA COLOREAR HORA DE JUGAR  UNICORNIOS;LIBROS;1318,9
9789878433592;LIBRO PLOW MEGACOLOREO HAVE FUN;LIBROS;4501,2
9789878433677;LIBRO APRENDIENDO MIS PRIMEROS NUMEROS SCHOOL FUN;LIBROS;1863,4
9789878433691;LIBRO PLOW PARA COLOREAR COLOREA 1;LIBROS;1367,3
9789878433707;LIBRO PLOW PARA COLOREAR COLOREA 2;LIBROS;1367,3
9789878433721;LIBRO PLOW PARA COLOREAR COLOREA 4;LIBROS;1367,3
9789878478043;LIBRO PARA COLOREAR FANCY GIRLS;LIBROS;592,9
9789878478050;LIBRO PARA COLOREAR GRANDES DINOS;LIBROS;592,9
9789878478067;LIBRO PARA COLOREAR OSOS PEREZOSOS;LIBROS;592,9
9789878478074;LIBRO PARA COLOREAR PERROS GENIALES;LIBROS;592,9
9789878478098;LIBRO INFANTIL PINTEMOS JUNTOS VARIOS MODELOS 9789878478081;LIBROS;629,2
9789878478104;LIBRO INFANTIL PINTEMOS JUNTOS VARIOS MODELOS 9789878478104;LIBROS;629,2
9789878478166;libro infantil mini sopas de letras;LIBROS;641,3
9789878478173;libro infantil mini sopas de letras;LIBROS;641,3
9789878478180;libro infantil mini sopas de letras;LIBROS;641,3
9789878478197;libro infantil mini sopas de letras;LIBROS;641,3
9789878489278;LIBRO ED ROZINI APRENDER EL ABC;LIBROS;3666,3
9789878489292;LIBRO ED ROZINI CONTAR DEL 1 AL 10;LIBROS;3666,3
9789878489308;LIBRO ROZINI CALIGRAFIA EN ACCION;LIBROS;3267
9789878623061;LIBRO BARCO DE PAPEL MI LIBRO DE EMOCIONES;LIBROS;16309,4
9789878908540;MALETIN PEPPA PIG PARA CREAR Y COLOREAR;LIBROS;8433,7
9789878946047;LIBRO PLOW PARA COLOREAR COLOREO GENIAL;LIBROS;2323,2
9789878946085;LIBRO PLOW PARA COLOREAR 1000 DIBUJOS;LIBROS;3920,4
9789878946825;LIBRO DE ACTIVIDADES LETTERING CREATIVO 2;LIBROS;3989,05
9789878946832;LIBRO DE ACTIVIDADES LETTERING CREATIVO 1;LIBROS;3989,05
9789878963013;LIBRO MANDALAS ARTERAPIA  INCAS;LIBROS;2190,1
9789878963020;LIBRO P COLOREAR MANDALAS ARTERAPIA  MAYAS;LIBROS;2190,1
9789878963037;LIBRO MANDALAS ARTERAPIA  MEXICANOS;LIBROS;2190,1
9789878981512;LIBRO TRIPULANTE CUENTOS CLASICOS V/MODELOS;LIBROS;2300
9789878981611;SUDOKU/SOPA DE LETRAS TRIPULANTE;LIBROS;2800
9789915651101;LIBRO INFANTIL CYPRES KIT DE ARTE V/MODELOS;LIBROS;4005,1
9789915651293;LIBRO LATINBOOKS CANCIONES DEL JARDIN LA MAR ESTABA SERENA;LIBROS;7308,4
9789915651309;LIBRO LATINBOOKS CANCIONES DEL JARDIN;LIBROS;11923
9789915651552;LIBRO LATINBOOKS LIBRO SONORO ZOONIDOS EN LA GRANJA;LIBROS;15834,6
9789915651569;LIBRO LATINBOOKS SONORO ZOONIDOS ANIMALES DOMESTICOS;LIBROS;9764,7
9789974697348;LIBRO LATINBOOKS MIS CUENTOS CLASICOS EN 3D LOS TRES CERDITOS;LIBROS;7925,5
9789974702486;LIBRO LATINBOOKS MIS CUENTOS CLASICOS EN 3D CAPERUCITA ROJA;LIBROS;4779,5
9789974744455;LIBRO LATINBOOKS ANIMALADAS LAS PIRUETAS DE DARIO;LIBROS;9746,1
9789974885141;LIBRO LATINBOOKS MIS PRIMEROS TRAZOS PATAS Y ANTENAS;LIBROS;2480,5
9789974885653;DESCUBIENDO LOS NUMEROS;LIBROS;1585,1
9789974894266;LIBRO LATINBOOKS PAGINAS DE ALGODON MONITO;LIBROS;4634,3
9789974904538;LIBRO PARA COLOREAR COLOR LLAMA;LIBROS;1210
9789974904866;LIBRO LATINBOOS AQUALIBROS COLORES SORPRESA EN EL LAGO;LIBROS;9348,3
9789974904873;EN LA GRANJA;LIBROS;7779,2
9789974904880;AQUALIBRO ENTRE DINOSAURIOS;LIBROS;9337,25
9987876372749;LIBRO CATAPULTA ABREMENTE PARA ESCRIBIR Y BORRAR NÚMEROS;LIBROS;22500
9990000077007;LIBRO PEDRITO ACTIVIDADES JARDINCITO X 24 PGS. + 1 POSTER;LIBROS;3000,8
9990000185009;LIBRO PEDRITO ACTIVIDADES COLOREAR LA GRANJA X 24 PGS. + 1 POSTER;LIBROS;3666,3
9990000363162;LIBRO PEDRITO APRENDAMOS MATEMATICAS;LIBROS;2879,8
0092626505663;LUNCHERA BOCA JRS CON BOTELL;MARROQUINERIA;4840
0092626530634;LUNCHERA SONIC;MARROQUINERIA;3726,8
582945;PORTAFOLIO WANDERLUST GO CLASSIC CON PORTANOTEBOOK 39CM;MARROQUINERIA;47292,6
583098;MOCHILA TALBOT 12 V COLORES;MARROQUINERIA;16900
7790774243880;NECESSER CUERINA WANDERLUST 26 CM;MARROQUINERIA;7937,6
7790774322776;LUNCHERA SKORA LETS PLAY;MARROQUINERIA;15790,5
7790774334052;BOLSO WANDERLUST ACTIVE LIMITLESS NEGRO CON LOGO;MARROQUINERIA;21283,9
7798218130284;MOCHILA ESPALDA 12 PULPO;MARROQUINERIA;11132
7798343351905;LUNCHERA LA GRANJA DE ZENON;MARROQUINERIA;3787,3
7799070012770;LUNCHERA TALBOT WANDERLAST CELESTE;MARROQUINERIA;9728,4
7799070012855;LUNCHERA TALBOT WANDERLAST LISA VERDE PASTEL;MARROQUINERIA;9728,4
7799070013432;LUNCHERA TALBOT SPACE SQUAD ASTRO DJ;MARROQUINERIA;13721,4
7799070013456;LUNCHERA TALBOT DINO RULES 22CM;MARROQUINERIA;13721,4
7799070013463;LUNCHERA TALBOT DINO RAWRS 22CM;MARROQUINERIA;13721,4
7799070013470;LUNCHERA TALBOT GOOD VIBES;MARROQUINERIA;13721,4
7799070013487;LUNCHERA TALBOT MAGIC CAT 22CM;MARROQUINERIA;13721,4
7799070015498;MOCHILA ESPALDA TALBOT LISA LAVANDA 43CM 2 CIERRES;MARROQUINERIA;14556,3
92626503942;MOCHILA ESPALDA AVENGER PELUCHE HULK 30 CM;MARROQUINERIA;35392,5
92626519585;LUNCHERA  AVENGERS CON CUBIERTOS;MARROQUINERIA;2891,9
9902399;LUNCHERA UNICORNIO;MARROQUINERIA;6969,6
00540;DISPENSER P/NUMEROS MODELO SUECO;OFICINA;12366,2
007792564011570;ROLLO HUSARES CIFRA 57 MM X 30 MT. OBRA;OFICINA;1214,01
1128791;ROLLOS PARA TURNO X 2000 3 DIG V/COLORES;OFICINA;2700
18496;BROCHES DORADOS N° 9 45MM.X 100;OFICINA;5800
191208;SELLO FECHADOR 8 MM;OFICINA;4186,6
2023011;INDICE Nº3 CENTINELA 011 ESCOLAR;OFICINA;1681,9
28949;BROCHES DORADOS N° 7 35MM.X 100;OFICINA;3900
30350;APRIETAPAPEL NIQUELADO  120 MM.;OFICINA;617,1
3154140391003;LUPA MAPED JUNIOR VIDRIO OPTICO 50 MM. (039100);OFICINA;14737,8
3154140393007;LUPA MAPED SENIOR VIDRIO OPTICO 75 MM. (039300);OFICINA;21284,3
3154143241050;BROCHE MAPED Nº 10 X 1000 U. (324105) 3154143241053;OFICINA;1294,7
3154143244054;BROCHE MAPED Nº 24/6 X 1000 U. (324405);OFICINA;1900
3154143246058;BROCHE MAPED Nº 26/6 X 1000 U. (324605);OFICINA;1600
3154143523111;ABROCHADORA MAPED ESSENTIAL MINI Nº 10 (352311);OFICINA;6300
3154143523118;ABROCHADORA borrar  MAPED ESSENTIAL MINI Nº 10 (352311);OFICINA;1984,4
3154143526112;ABROCHADORA MAPED ESSENTIAL Nº 10 (3526);OFICINA;7900
3154143543119;ABROCHADORA MAPED ESSENTIAL METAL HALF STRIP 24/6-26/6 (354311);OFICINA;15500
3154144011112;PERFORADORA MAPED DE METAL ESSENTIAL 10/12 (401111);OFICINA;8200
3154144024112;PERFORADORA MAPED DE METAL ESSENTIAL 20/25 (402411);OFICINA;22481,8
3154144400107;ABROCHADORA MAPED UNIV METAL PINZA Nº 10 E-440;OFICINA;24405,7
3154144522113;PERFORADORA MAPED DE METAL ESSENTIAL 6/8 HOJAS (452211);OFICINA;7300
3154145403008;ABROCHADORA MAPED VIVO MINI Nº10;OFICINA;5400
345407;APRIETA PAPEL NIQUELADO 63MM;OFICINA;860
349324;SELLO TRODAT FECHADOR 1010 (4 MM.);OFICINA;14500
349325;SELLO TRODAT FECHADOR 1020 (5 MM.);OFICINA;14500
352168;BOLSILLO PLASTICO 100X65;OFICINA;48,4
356584;RECIBO CONGRESO;OFICINA;278,3
358029;ETIQUETA COMERCIAL PEGASOLA/AVERY  V/MODELOS X UNIDAD (PLANCHA);OFICINA;300
3666663040011;BROCHES Nº 10  CAJA X 1000 U;OFICINA;895,4
3666663040028;BROCHES EZCO 24/6 X 1000U;OFICINA;600
3666663050331;BROCHE TIPO NEPACO PLASTICO CAJA 50 UNIDADES;OFICINA;3200
3666663050338;BROCHE EZCO VELOX PLASTICO 8 CM X 50 U. SURTIDO;OFICINA;1343,1
368801;PAPEL CARBON PELIKAN 1010 OFICIO NEGRO X UNIDAD;OFICINA;423,5
422773;CAJA ARCHIVO CARTON OFICIO 9;OFICINA;713,9
422774;CAJA ARCHIVO CARTON OFICIO 12;OFICINA;834,9
427111;CAJA CARTON KRAFT 60X40X40;OFICINA;774,4
430068;GT-H- Q435/436/285/278U COMP LASER P/HP;OFICINA;4235
449429;DETECTOR DE BILLETES FALSOS TRABI MONEY TEST PUNTA GRUESA (5022);OFICINA;2100
453521;CHINCHES MIDO X 50 3 PUNTAS;OFICINA;36,3
4710268258667;MOUSE GENIUS INALAMBRICO NX-7015 USB IRON GREY;OFICINA;11591,8
4710850100268;SELLO NUMERADOR SHINY 7MM 6 BANDAS ACERO INOX;OFICINA;4404,4
4714219730561;SELLO NUMERADOR COX 3,5 MM.;OFICINA;7635,1
4780000260470;CLIP OLAMI/SIFAP/EZCO METALICO Nº 10 X 20 U. ( 100 MM );OFICINA;5500
4780090257121;BROCHE OLAMI 24/6 1000U;OFICINA;1279,33
4893055492014;SINGLE HOLE PUNCH PERFORADORA 1 ORIFICIO EAGLE;OFICINA;2783
541;ROLLOS PARA TURNO X 1000;OFICINA;2734,71
559463;ORGANIZADOR MENSUAL 2023 DE 22 X 35 CM (AG-2);OFICINA;1318,9
559685;ROLLO DE TICKET TURNO 1028 SIMPLE X 2000 NUMEROS;OFICINA;5227,2
573454;TARJETAS OPALINA N 3 X 100;OFICINA;1064,8
579616;TONER GLOBAL CE505A-CF280;OFICINA;7005,9
581359;CARBONICO CARBOTYPE PARA MAQUINA X 10;OFICINA;8482,1
581607;MOUSE GENIUS DX-110;OFICINA;9240
581938;PORTATACO  LIGGO 9X9 NEGRO;OFICINA;1548,8
582136;PENDRIVE SANDISK 64GB;OFICINA;5300
582273;TACO MEDORO FINANCIERO 2026;OFICINA;19513,2
582366;BROCHE KANGARO Nº 23/10 X 1000 U.;OFICINA;5880,6
582373;ROLLO TALBOT ETIQUETADORA X600U BLANCA;OFICINA;585,65
582401;CALENDARIO;OFICINA;453,05
582458;CAJA DE ARCHIVO PLASTICA ASAMBLEA LEGAJO 12 AZUL (39X28X12 CM);OFICINA;7151,1
582500;Rollo De Polietileno Con Burbuja Pluribol De 1 Mt X 50 Mts;OFICINA;29862,8
582534;Drum Para Brother Hl-2320d Hl L2360 Dw 2320 L2540dw;OFICINA;32367,5
582629;ROLLO PAPEL TERMICO 80MM X 30 MT;OFICINA;1565,89
582743;Materiales de oficina;OFICINA;2,35
582765;ABROCHADORA KANGARO HP-10 Nº 10/50 PINZA METALICA;OFICINA;14680,8
582768;ROLLO P/MAQUINA MEDORO DE 5,7 CM. X 20 MTS. TERMICO  X 1 UNID. (MT5720);OFICINA;1384,1
582783;APRIETA PAPEL NIQUELADO 38 MM;OFICINA;404,79
583043;BANDEJA LIGGO ACRILICA 2 PISOS HUMO OFICIO;OFICINA;40262,8
583050;PAD MOUSE GTC ERGONOMICO NEGRO;OFICINA;15890,6
583060;MOUSEPAD WATERMELON;OFICINA;8114,61
583062;BROCHE TIPO NEPACO PLASTICO X UNIDAD;OFICINA;75
583172;PAD MOUSE GTC PAD-100N NEGRO;OFICINA;3000
583175;BANDEJA TALBOT METAL 2 PISOS PLATA;OFICINA;42338,6
583177;ROLLO P/MAQUINA MEDORO TERMICO DE 8,0 CM. X 45 MTS. X  10 ROLLOS (MT8045);OFICINA;21500
583189;CAJA AMERICANA PLASTICA T-PEL 45.5x33x25;OFICINA;19147,7
5993102216477;CAJA PLASTICA ORGANIZADORA 15 DIVISIONES;OFICINA;1524,6
619659125905;SCANDISK CRUZER BLADE PENDRIVE 128 GB USB FLASH DRIVE;OFICINA;54900
619659129729;SCANDISK CRUZER BLADE PENDRIVE 32 GB USB FLASH DRIVE;OFICINA;5420,8
619659141059;PENDRIBE SANDISK 16GB;OFICINA;16262,4
619659146924;PENDRIBE SANDISK 32GB;OFICINA;7235,8
6900202322075;ORGANIZADOR DE VIAJE PRATYS;OFICINA;9280,7
6901028075718;PORTABLOCK PLASTICO EZCO C DEPOSITO NEGRO;OFICINA;15592,6
6901236341957;PORTABLOCK EZCO/TRAMA A4 SIMIL MADERA7798307626490;OFICINA;4900
6904724022406;PORTABLOCK PLASTICO EZCO C DEPOSITO AZUL;OFICINA;21500
6909160160606;BOLSILLO PVC DASA CRISTAL 60 X 90 MM X 100 U;OFICINA;5457,1
6912012348947;CHINCHE EZCO GALERA X 50 UNIDADES;OFICINA;1204,38
6912052030109;SUPER CLIP EZCO DE 19 MM. (NEGRO/1);OFICINA;140
6912052030208;SUPER CLIP EZCO DE 25 MM. (NEGRO/2);OFICINA;230
6912052030307;SUPER CLIP EZCO DE 32 MM. (NEGRO/3);OFICINA;300
6912052030406;SUPER CLIP EZCO DE 41 MM. (NEGRO/4);OFICINA;460
6912052030505;SUPER CLIP EZCO DE 51 MM. (NEGRO/5);OFICINA;740
6912052040108;SUPER CLIP COLOR EZCO DE 19 MM. (COLOR/1);OFICINA;96,8
6912052040306;SUPER CLIP COLOR EZCO DE 32 MM. (COLOR/3);OFICINA;254,1
6912052040405;SUPER CLIP COLOR EZCO DE 41 MM. (COLOR/4);OFICINA;399,3
6912765165020;PÉRFORADORA OLAMI P/ 20 HJS;OFICINA;16990
6920583837098;INDICE OMEGA IBI PVC A4 A/Z;OFICINA;1875,5
6920583878978;SEPARADOR P/MATERIAS A4 LAMA PVC C/LENGUETA NEON;OFICINA;1490
6920583878985;SEPARADOR P/MATERIAS A4 LAMA PVC C/LENGUETA PASTEL;OFICINA;1490
6920771611165;PORTABLOCK PLASTICO EZCO A4 V/COLORES;OFICINA;7139
6920771614760;PORTABLOCK PLASTICO EZCO OFICIO V/COLORES;OFICINA;7320,5
6921000200204;ABROCHADORA IBI PINZA METALICA IBI N°10;OFICINA;8100
6921734902382;ABROCHADORA DELI N°10 (0238);OFICINA;6509,64
6921734991478;ORGANIZADOR  ESCRITORIO DELI MULTIFUNCION PLASTICO;OFICINA;9038,7
6923794415208;SEPARDOR MATERIA LAMA A4 C/INDICE;OFICINA;4247,1
6923794464022;CAJA LAMA DE PLASTICO C/ELASTICO A4 DE 2 CM (DC402);OFICINA;1464,1
6923794484020;CAJA LAMA DE PLASTICO C/ELASTICO OFICIO DE 2 CM (DC402F) (6923794494029);OFICINA;1742,4
6923794494029;CAJA LAMA DE PLASTICO C/ELASTICO OFICIO DE 2 CM (DC402F);OFICINA;1742,4
6925008404527;SELLO FECHADOR IBI 5 MM;OFICINA;1851,3
6926341870697;PERFORADORA T PINZA ESTRELLA;OFICINA;3569,5
6926341897618;BROCHES MADERA IBI 25MM X50U;OFICINA;1210
6926341897625;BROCHES MADERA IBI 25MM X50U COLOR;OFICINA;1210
6926760620507;LUPA VALUES LENTE CRISTAL 50 MM. (FDJ50)6923333333338;OFICINA;4880
6926760620606;LUPA VALUES LENTE CRISTAL 60 MM. (FDJ60);OFICINA;2841,3
6930518935867;SUPERCLIP TALBOT NEGRO/Nº2   25 MM X UNIDAD DOBLE CLIP;OFICINA;157,3
6930518935874;SUPERCLIP TALBOT NEGRO/3 32 MM X UNIDAD DOBLE CLIP;OFICINA;220
6933296200226;ABROCHADORA OLAMI N° 10/50;OFICINA;12355,6
6934274138616;SEPARADOR FW EN L C SOLAPA PVC A4;OFICINA;2734,6
6935205395641;PORTARROLLO DE ESCRITORIO DELI RIO CHICO CELEST;OFICINA;6800,2
6935205395665;PORTARROLLO DE ESCRITORIO DELI RIO CHICO FUCSIA (E814AM);OFICINA;4041,4
6935205396334;PORTARROLLO DE ESCRITORIO DELI RIO MEDIANO VERD;OFICINA;9861,5
6935205398475;ABROCHADORA DELI EXPLORA MINI N°10;OFICINA;2202,2
6937449645094;CAJA THE PEL DE PLASTICO C/ELASTICO PASTEL OFICIO DE 4,5 CM (6087);OFICINA;4101,9
6937449883038;SEPARADOR THE PEL PVC A4;OFICINA;2504,7
6952668705435;CAJA ALFILERES 50 GRS 28 MM;OFICINA;2075
6952668795122 7290100983058;CLIP OLAMI/SIFAP/EZCO METALICO Nº 3 X 100 U. ( 28 MM );OFICINA;900
6952668795139;CLIP  EZCO  FORRADO N° 4  X 100 U. ( 33 MM )7792533000680;OFICINA;1320,5
6952668795269 7290100983089;CLIP OLAMI/SIFAP/EZCO METALICO Nº 4 X 100 U. ( 33 MM );OFICINA;1100
6952668795313 7290100983010;CLIP OLAMI/SIFAP/EZCO METALICO Nº 5 X 100 U. ( 37 MM );OFICINA;1400
6952668795337;CLIP  EZCO  FORRADO N° 6  X 100 U. ( 50 MM );OFICINA;1899,8
6952668795344 7290100982976;CLIP OLAMI/SIFAP/EZCO METALICO Nº 6 X 50 U. ( 45 MM );OFICINA;1500
6952668795351;CLIP EZCO METALICO Nº 8 X 50 U. ( 78 MM );OFICINA;3500
6952668795436;CHINCHE EZCO X 50 U.;OFICINA;550
6952668795450;CHINCHE EZCO X 100 U.;OFICINA;950
6952668799281;CLIP  EZCO  FORRADO Nº 3  X 100 U. ( 28 MM ) 7792533000673;OFICINA;1000
6952668799335 7792533000680;CLIPS FORRADOS Nº4 33MM X 100U;OFICINA;1320,5
6952952970211;PORTATACO TALBOT METAL 9x9 NEGRO;OFICINA;5590,2
6952952990677;ORGANIZADOR DE ESCRITORIO METAL TALBOT V/COLORES;OFICINA;12221
6952952990684;ORGANIZADOR DE ESCRITORIO METAL TALBOT V/COLORES;OFICINA;12221
6953766301413;BROCHE OLAMI N° 10/50 X 1000 U;OFICINA;776,64
6954093148016;TONER GTC TN450-420-410 BROTHER;OFICINA;14798,3
6954093148177;TONER ALTERNATIVO GTC P/ HP CB435A;OFICINA;5045,7
6956288663311;PALITOS P/BROCHETTES EZCO 25 CM X 50 UNIDADES;OFICINA;1100
69567871003101;PERFORADORA METALICA OLAMI H 10 HJS PER310;OFICINA;7295,7
6971491730346;TONER GTC HQ2612A HP 3050;OFICINA;3254,9
6971491730827;TONER GTC TN1060 P/BROTHER;OFICINA;6146,8
6971491733187;TONER GTC CF283A;OFICINA;21888,9
6986600033997;TONER GTC P/HP Q2612A NEGRO;OFICINA;17254,6
715023901257;CAJA ARCHIVO PLASTICO OFICIO 12 AZUL TAPA VOLCADA;OFICINA;4600
720100010011;BROCHE DE MADERA NATURAL CBX X 50 U 25 MM;OFICINA;6497,7
720300130071;BROCHE MADERA CORAZON O BICICLETA CON APLIQUE130071 60000;OFICINA;2420
720500010010;BROCHE MADERA FLORES -CUADRILLE 010020;OFICINA;2214,3
7290100982839;CHINCHES OLAMI X 50 U;OFICINA;600
7330946979270;PORTARROLLO EZCO 898 M MEDIANO;OFICINA;6497,7
740617309829;PEN DRIVE KINGSTON EXODIA 3.2 DTX 64GB NEGRO;OFICINA;36900
7501015201626;PAPEL CARBON PELIKAN 1022 G OFICIO NEGRO X 100 HJS.;OFICINA;23498,2
7501015202609;PAPEL CARBON PELIKAN 200H OFICIO AZUL X 100 HJS.;OFICINA;25990,8
7501015207529;PAPEL CARBON PELIKAN 1010 OFICIO NEGRO X 100 HJS.;OFICINA;38127,1
7501015222898;DETECTOR DE BILLETES FALSOS PELIKAN LAPIZ;OFICINA;5880,6
7502277853608;SABONIS ABROCHADORA PINZA METALICA 24/6 26/6 880;OFICINA;13843,8
7703064302204;TINTA P/SELLOS DE GOMA PELIKAN 4K X 28 CC. V/COLORES;OFICINA;5400
7703064303300;TINTA P/SELLOS DE GOMA PELIKAN 4K X 28 CC. ROJO;OFICINA;5400
7703064304505;TINTA P/SELLOS DE GOMA PELIKAN 4K X 28 CC. NEGRO;OFICINA;5400
7718100608011;BANDAS ELASTICAS EZCO X10GRS;OFICINA;450
7718106080507;BANDAS ELASTICAS EZCO X50 GR;OFICINA;1200
7718106081009;BANDAS ELASTICAS EZCO X100 GR;OFICINA;2200
7718106081016;BANDAS ELASTICAS EZCO X 1KG 38 MM DIAMETRO;OFICINA;15996,2
7718106081023;BANDAS ELASTICAS EZCO X 1 KG. 60MM.DIAMETRO;OFICINA;15996,2
7718106081030;BANDAS ELASTICAS EZCO X 1KG .80MM.DIAMETRO/ANCHO 6MM.;OFICINA;15996,2
7718106082501;BANDAS ELASTICAS EZCO X250 GRS;OFICINA;5200
7718106085007;BANDAS ELASTICAS EZCO X 500GRS.38MM.DIAMETRO;OFICINA;10000
7718106085038;BANDAS ELASTICAS EZCO X 500GRS.80MM.DIAMETRO/ANCHO 6MM.;OFICINA;10000
77580409;FICHERO N3 METAL 300 FICHAS;OFICINA;18416,2
77580410;FICHERO N1 METAL 300 FICHAS;OFICINA;9837,3
77581352;CARBONICO CARBOTYPE PAPEL OFICIO AZUL X HOJA (N°223);OFICINA;278,3
7790000003271;TALONARIO TAL-OFFICE DE CORRESPONDENCIA NRO.2 TRIPLICADO (ART.327);OFICINA;6146,8
7790578034301;TINTA PARA SELLOS TRABI NEGRO 30 ML;OFICINA;2858,55
7790578050202;DETECTOR DE BILLETES FALSOS TRABI MONEY TEST PUNTA GRUESA (5022);OFICINA;2000
7791111766642;SEPARADOR IBI C/ INDICE A4;OFICINA;943,8
7792216003717;FICHA CONGRESO Nº 3 RAYADA X 100 HJS. (502003);OFICINA;3000,8
7792216003984;TALONARIO CONGRESO RECIBO MIÑON;OFICINA;2600
7792216003991;TALONARIO CONGRESO RECIBI CHICO X 40 HJS. (ART.255/507004);OFICINA;3400
7792216004004;TALONARIO CONGRESO RECIBI MEDIANO;OFICINA;4650
7792216004042;TALONARIO CONGRESO PAGARE S/PROTESTO X 40 HJS.;OFICINA;3920,4
7792216006510;CAJA AMERICANA CONGRESO KRAFT PREMIUM 43 X 32, 5 X 25 (512501);OFICINA;6279,9
7792216048534;CAJA DE ARCHIVO DE CARTON CONGRESO OFICIO DE 12 CM. (420GRS.) (512902);OFICINA;1996,5
7792216048541;CAJA DE ARCHIVO CARTON CONGRESO LEGAJO DE 12 CM;OFICINA;2081,2
7792533000468;PINCHA PAPEL N12;OFICINA;1222,1
7792533000727;BROCHES CLIPS PLASTICOS X 100;OFICINA;3388
7792533001618;BROCHES DORADOS SIFAP N° 3 19MM.X 100;OFICINA;2400
7792533001625;BROCHES DORADOS SIFAP N° 4 23MM.X 100;OFICINA;2500
7792533001632;BROCHES DORADOS N° 5 26MM.X 100;OFICINA;3100
7792533001656;BROCHE SIFAP DORADO Nº 7 X 100 U. (30 MM);OFICINA;3384,26
7792533001663;BROCHES DORADOS N° 8 40MM.X 100;OFICINA;4900
7792533002202;MOJADEDO SIFAP EN CAJITA PASTEL;OFICINA;2008,6
7792533003391;BROCHES CLIPS SIFAP Nº 4 X 50 UN;OFICINA;1144,37
7792533003414;BROCHES CLIPS SIFAP Nº 6 X 50 UN.;OFICINA;532,4
7792533119993;BROCHES DORADOS SIFAP N° 6  30 MM.X 100;OFICINA;3800
7792533123983;BROCHE SIFAP VELOX PLASTICO PASTEL X 50 U. SURTIDO;OFICINA;4259,2
7792533192293;CLIP SIFAP FORRADO PASTEL N° 6 X 60 U. (50 MM) EN FRASCO;OFICINA;4210,8
7792533885218;PERFORADORA SIFAP BASE DE MADERA;OFICINA;39821,1
7792533989886;SACABROCHES SACA BROCHES SIFAP;OFICINA;1950
7792540003001;BROCHE SIFAP DORADO Nº 10X 100 U;OFICINA;3872
7792564002721;ROLLO HUSARES 75 MM X 30 MT. DUP. QUIMICO;OFICINA;9788,9
7792564011563;ROLLO TERMICO HUSARES 57X30 PAQ.X 10;OFICINA;19347,5
7792564011808;ROLLO P/MAQUINA HUSARES TERMICO DE 8,0 CM. X 45 MTS. X 8 ROLLOS (1180);OFICINA;36312,1
7792564016155;BLOCK HUSARES NEUTRO TRIPLICADO MEDIANO;OFICINA;8000
7792564017015;FICHAS RAYADAS N° 1 X 100 HOJAS;OFICINA;1800
7792564017022;FICHAS RAYADAS N° 2 X 100 HOJAS 7798082560125;OFICINA;2600
7792564017039;FICHAS RAYADAS N° 3 X 100 HOJAS 7798082560071;OFICINA;4800
7792564018135;BLOCK HUSARES PRESUPUESTO DUPLICADO MEDIANO;OFICINA;5892,7
7792564018159;TALONARIO HUSARES 1815 MULTIUSO GRANDE DUPLICADO;OFICINA;6374,13
7792564018173;BLOCK HUSARES PRESUPUESTO DUPLICADO;OFICINA;4850
7792564018197;TALONARIO HUSARES NEUTRO 1819 CHICO;OFICINA;3545,3
7792564018258;TALONARIO HUSARES 1825 RECIBI DUPLICADO;OFICINA;3267
7792564019002;TALONARIO HUSARES 1900 PAGARE SIMPLE;OFICINA;5800
7792564019026;TALONARIO HUSARES RECIBO CHICO 1902;OFICINA;2032,8
7792564118255;TALONARIO HUSARES RECIBO DUPLICADO 1825;OFICINA;2299
7792700115537;CINTA CIFRA 2 CARRETELES PELIKAN;OFICINA;13500
7792700371438;CARBONICO PELIKAN HANDIFILM AZUL X 50 HJS.;OFICINA;68389,2
7793198007113;ALMOHADILLA PARA SELLOS PIZZINI NRO.2 (7 X 11 CM);OFICINA;11204,6
7793467305452;LIBRETON NORTE 545 INDICE;OFICINA;6400
7793876057300;ROLLO P/MAQUINA MEDORO DE 5,7 CM. X 30 MTS. (CIFRA) (MO5730);OFICINA;11398,2
7793876073010;TACO MEDORO DE PAPEL OBRA BLANCO X 400;OFICINA;2105,4
7793876073034;TACO MEDORO DE PAPEL MULTICOLOR X 400;OFICINA;2775
7793876084016;TACO CALENDARIO MEDORO;OFICINA;19166,4
7793876157208;ROLLO P/MAQ. MEDORO TERMICO 57MM 20MTS X 10 UN.;OFICINA;16153,5
7793876944501;ROLLO MEDORO OBRA 44MM X 50 MTS CAJA X 10 UNIDADES;OFICINA;12590
7793928100176;ABROCHADORA MIT PINZA 50 FX PASTEL;OFICINA;46899,6
7793928100404;ABROCHADORA MIT PINZA 64 PINTADA;OFICINA;43305,9
7793928100473;ABROCHADORA MIT N° 21/6 PINZA 35 HOJAS;OFICINA;58418,8
7793928100503;ABROCHADORA MIT N° 24/6 PINZA 35 HOJAS;OFICINA;64795,5
7793928100589;BROCHE MIT N° 21/6 X 1000 U . (58);OFICINA;2250,64
7793928100602;BROCHE MIT N° 21/8 X 5000 U . (60);OFICINA;14653,1
7793928100619;BROCHE MIT N° 24/6 X 1000  U . (61);OFICINA;2904
7793928100633;BROCHE MIT N° 24/8 X 5000 U . (63);OFICINA;21332,3
7793928100657;BROCHE MIT N° 64 X 1000 U . (65);OFICINA;1911,8
7793928100688;BROCHE MIT N° 50 X 1000 U . (70);OFICINA;1977,01
7793928100701;BROCHE MIT N° 50 X 1000 U . (70);OFICINA;1977,01
7793928102071;BROCHES MIT 10 x 1000;OFICINA;1754,5
7796191000105;ARANDELA DE CARTON APE CAJA X 500 UNIDADES;OFICINA;7500
7797847102419;CAJA DE FIBRACAP DE CARTON C/ELASTICO DE 5 CM;OFICINA;3460,6
7798006050046;BROCHES GRAP 24/6 X 1000 UNIDADES;OFICINA;2383,7
7798006050060;BROCHES GRAP 21/6 X 1000 UN.;OFICINA;2300
7798006050084;BROCHES GRAP 10/50 X 1000 UNIDADES;OFICINA;1900
7798006050121;BROCHES GRAP Nº 65 X 1000 UN.;OFICINA;1445,98
7798006050305;ABROCHADORA GRAP N24/6 PINZA PINTADA;OFICINA;35864,4
7798006055096;ABROCHADORA GRAP N21/6 PINZA PINTADA;OFICINA;35864,4
7798006801761;TALONARIO 1028 GUARDARROPA 1-200;OFICINA;895,4
7798006801778;TALONARIO 1028  GUARDARROPA  1-300;OFICINA;1996,5
7798006801785;TALONARIO 1028  GUARDARROPA  1-1000;OFICINA;5082
7798006805172;ROLLO DE TICKET TURNO 1028 SIMPLE X 2000 NUMEROS TORTUGA;OFICINA;5227,2
7798006805189;ROLLO DE TICKET TURNO 1028 SIMPLE X 2000 NUMEROS TORTUGA;OFICINA;5227,2
7798006805196;ROLLO DE TICKET TURNO 1028 SIMPLE X 2000 NUMEROS TORTUGA;OFICINA;5227,2
7798006805202;ROLLO DE TICKET TURNO 1028 SIMPLE X 2000 NUMEROS TORTUGA;OFICINA;5227,2
7798006807107;TALONARIO PRESUPUESTO 1028 DUPLICADO CHICO;OFICINA;738,1
7798006807206;TALONARIO PRESUPUESTO 1028 DUPLICADO GRANDE;OFICINA;1488,3
7798006808692;TALONARIO 1028 RECIBI CHICO 30 HJS;OFICINA;1488,3
7798006808739;TALONARIO 1028 REXIBI DUPLICADO X 50 JUEGOS;OFICINA;4126,1
7798039620216;ETIQUETA COMERCIAL PEGASOLA V/MODELOS X CAJA;OFICINA;8603,1
7798070398853;ROLLO PAPEL TERMICO 80MM X 50 MT  PAQUETE X 10;OFICINA;19311,8
7798082560088;FICHA Nº712;OFICINA;1149,5
7798082560286;TALONARIO RD RECIBO CHICO 000;OFICINA;229,9
7798082560293;TALONARIO RD RECIBO MEDIANO 001;OFICINA;1306,8
7798082560316;TALONARIO DISEÑO PAGARE S/ PROTESTO EN PESOS;OFICINA;2843,5
7798082560347;TALONARIO DISEÑO NEUTRO CHICO DUP.;OFICINA;3100
7798082560439;TALONARIO DISEÑO NEUTRO GRANDE ECONOMICO;OFICINA;2988,7
7798082560446;TALONARIO DISEÑO NEUTRO CHICO ECONOMICO;OFICINA;2000
7798082560453;BOLETO COMPRA - VENTA DISEÑO x 100;OFICINA;5965,3
7798082560484;TALONARIO GUARDARROPA 1-200;OFICINA;423,5
7798082560507;TALONARIO GUARDARROPA 1-1000;OFICINA;2238,5
7798101066485;FICHERO N2 METAL 300 FICHAS;OFICINA;13237,4
7798101069622;BANDAS ELASTICAS CLOVER X10GR;OFICINA;600
7798122310352;INDICE FICHERO Nº1 IGNEO;OFICINA;1585,1
7798122310369;INDICE FICHERO IGNEO;OFICINA;5142,5
7798122310376;INDICE FICHERO Nº3 IGNEO;OFICINA;6727,6
7798122310932;INDICE IGNEO PARA CARPETAS A4;OFICINA;2810
7798132380031;TINTA P/SELLOS DE GOMA PAGODA V COLORES;OFICINA;1173,7
7798132384503;ALMOHADILLA PAGODA Nº 2;OFICINA;2504,7
7798153980722;BASE PORTA TACO CALENDARIO;OFICINA;1500,4
7798153980739;BASE PORTA TACO FINANCIERO;OFICINA;2359,5
7798153981637;MOJADEDO LIGGO DE GOMA;OFICINA;1452
7798153983549;ORGANIZADOR DE ESCRITORIO LIGGO NEGRO;OFICINA;4803,7
7798153984546;ROLLO DE TICKET TURNO LIGGO X 2000 NUMEROS TORTUGA;OFICINA;5864,8
7798153987967;ORGANIZADOR DE ESCRITORIO EXECUTIVE LARGO VIOLETA PASTEL;OFICINA;3061,3
7798154031980;BASE P/CALENDARIO OTA DE PLASTICO (1201);OFICINA;6050
7798156770023.0;BROCHES DORADOS N° 2 16MM.X 100;OFICINA;2300
7798156770030;BROCHES DORADOS N° 3 19MM X100;OFICINA;2400
7798156770078;BROCHES DORADOS N° 7 35MM.X 100;OFICINA;3900
7798156770122;BROCHES DORADOS N° 12 65MM.X 100;OFICINA;8500
7798156770139;BROCHES DORADOS N° 14 75MM.X 100;OFICINA;4464,9
7798156770320;ARANDELAS DE CARTON X 500U;OFICINA;7500
7798166469870;CLIPS FUN MOOVING FRUTAS ART.2010402FR;OFICINA;992,2
7798166469993;CHINCHES GALERA MOOVING NEON X80 POTE ART;OFICINA;5190,9
7798179256412;ETIQUETA COMERCIAL AVERY V/MODELOS X CAJA;OFICINA;6338,51
7798184915267;ORGANIZADOR PUCHI;OFICINA;6715,5
7798194550069;SEPARADOR A4 5 DIVISIONES PLASTICO COLOR;OFICINA;1379,4
7798194550076;SEPARADOR A4 10 DIVISIONES 4YOU PLASTICO COLOR;OFICINA;2589,4
7798194553;BROCHES CLIPS 4 YOU FORRADO Nº4 33MM.X 100;OFICINA;1320,5
7798194553282;CLIPS METALICOS 4YOU Nº4;OFICINA;850
7798194553299;CLIPS METALICOS 4YOU Nº3;OFICINA;750
7798194553312;BROCHES CLIPS 4 YOU N°6 50 MM. 100 UNIDADES;OFICINA;1899,7
7798194553329;BROCHES CLIPS 4 YOU Nº8 78MM X 50;OFICINA;2928,2
7798194553343;BROCHES CLIPS 4 YOU FORRADO Nº6 50mm.x 50;OFICINA;1899,8
7798194553367;BROCHES NEPACO PLASTICO N2 X 50 4 YOU;OFICINA;3200
7798194556054;PORTA TARJETA IDENTIFICACION 5X5,9 TALBOT;OFICINA;500
7798194558539;ABROCHADORA TALBOT POCKET N°10;OFICINA;4448,02
7798194558577;ABROCHADORA  TALBOT  PINZA METAL MINI N°10;OFICINA;6589,66
7798194558584;PERFORADORA CHICA TALBOT METAL T-912;OFICINA;6098,4
7798194558607;PERFORADORA TALBOT T-930 30HJS;OFICINA;19900
7798194558621;BROCHE TALBOT   N°10 X 1000;OFICINA;508,2
7798194558638;BROCHE TALBOT N°24/6 - 26/6 X 1000;OFICINA;544,5
7798194558645;PORTARROLLO TALBOT   X 30MT.PESADO CHICO;OFICINA;6497,7
7798194558652;PORTAROLLO TALBOT X 30/60 mts. PESADO;OFICINA;9716,3
7798302932282;BROCHES CLIPS MOOVING 33MM FRASCO;OFICINA;677,6
7798302934637;BROCHES CLIPS MOOVING DIAMANTE GOLDEN ROSE X6 ART 2010407GR;OFICINA;2178
7798302934651;CLIPS BINDER MOOVING TROPICAL;OFICINA;980,1
7798302937676;SUPER CLIPS MOOVING MICKEY N°2 X 6 U. (25 MM ) (020201);OFICINA;1536,7
7798302937799;CLIPS BINDER PASTEL GLITTER;OFICINA;5215,1
7798302937836;CLIPS MOOVING FORRADO PASTEL N°6 X 25 U. (50 MM) (2102010201);OFICINA;2044,9
7798350783973;ORGANIZADOR DOCENTE;OFICINA;5178,8
7798350785748;ORGANIZADOR DOCENTE FLORES;OFICINA;5178,8
7798356618194;CLIPS MOOVING C/FORMA MICKEY & MINNIE X 6 U. (2162010406);OFICINA;5106,2
7798356618200;CLIPS MOOVING FORRADO FUN MICKEY & MINNIE X 3 U (2162010505);OFICINA;3194,4
7798356618262;SUPER CLIPS MOOVING MICKEY & MINNIE X 6 U. (25 MM.) (2162020201);OFICINA;5868,5
7798356618422;CLIP FORRADO PASTEL MOOVING FORMAS;OFICINA;2044,9
7798389351136;CALENDARIO STANDARD GRANDES IDEAS;OFICINA;2117,5
7798389351143;CALENDARIO STANDARD TROPICAL;OFICINA;2117,5
7798389351150;CALENDARIO PREMIUM TODO ES POSIBLE;OFICINA;4706,9
7798389351167;CALENDARIO PREMIUM LUNAS;OFICINA;4706,9
7798389351174;CALENDARIO MAX LLENA DE MAGIA;OFICINA;5178,8
7798389351181;CALENDARIO MAX FLORECIENDO;OFICINA;5178,8
7798928102057;PERFORADORA MIT KEEPER PINTADA (205);OFICINA;4755,3
7799070002764;CONTENEDOR HERMETICO TALBOT CUADRADO 1000ML 7799070002771;OFICINA;17900
7799070003327;DOBLE CLIP TALBOT GOLDEN ROSE 19mm x 6u. PINTADOS;OFICINA;3424,3
7799070004331;BROCHES CLIPS TALBOT METALLIC 28 MM X 100 COL SURT;OFICINA;2044,9
7799070004362;TORTA TALBOT METALLIC X 6 DIVISIONES C CLIPS;OFICINA;11289,3
7799070004447;"ROLLO  TALBOT
 ETIQUETADORA X 600U. BLANCO";OFICINA;810,7
7799070004454;ROLLO  TALBOT ETIQUETADORA X 600U. FLUO NARANJA;OFICINA;1150
7799070006731;CONTENEDOR HERMETICO TALBOT RECTANGULAR 1000ML 7799070004256;OFICINA;15900
7799070012305;ORGANIZADOR MENSUAL CF 56 HOJAS ITALIAN DESIGN 012312;OFICINA;2541
7799070012343;ORGANIZADOR SEMANAL GOOD WEEK SEMANAL A4 X 56 HJS CF ITALIAN DESING;OFICINA;2541
7799070012350;ORGANIZADOR SEMANAL MI SEMANA WEEK SEMANAL A4 X 56 HJS CF ITALIAN DESING;OFICINA;2541
7799133006876;SUPER CLIP MOOVING FLUO 25 MM X 6 U BINDER;OFICINA;7272,1
7799133006890;CLIP MOOVING FORRADO FLUO Nº 4 X 60 U 33MM;OFICINA;3533,2
7799133006968;CLIP MOOVING FORRADO  C FORMAS;OFICINA;3400,1
7799133007125;APRIETAPAPEL DOBLE MOOVING HARRY POTTER 25 MM X 6;OFICINA;4307,6
7799133007132;CLIPS HARRY POTTER FORMAS;OFICINA;3775,2
7799133007149;BROCHE CLIP FUN MOOVING HARRY POTTER BL X 4 U;OFICINA;5146,76
7799133007156;BROCHE CLIPO MOOVING HARRY POTTER JUMBO;OFICINA;4186,6
7799133007194;APRIETAPAPEL DOBLE MOOVING HARRY POTTER 32 MM X 4;OFICINA;4186,6
7799133011535;BROCHE CLIPO MOOVING MOOVING  JUMBO;OFICINA;2468,4
7799133012228;BROCHE CLIP MOOVING 100 AÑOS FORRADO 50 MM;OFICINA;2420
7799133012235;APRIETAPAPEL DOBLE MOOVING DISNEY 100 AÑOS 19MM PAQUETE;OFICINA;5844,3
7799133012242;APRIETAPAPEL DOBLE MOOVING DISNEY 100 AÑOS 25MM PAQUETE X 6;OFICINA;4464,9
7799133012259;BROCHE CLIP FORMA MOOVING DISNEY 100 AÑOS BL X 6 U;OFICINA;3980,9
7799133012280;APRIETAPAPEL DOBLE MOOVING DISNEY 100 AÑOS  32 MM;OFICINA;4961
7799133015502;SEPARADOR P/MATERIAS MOOVING A4 VARIOS DISEÑOS;OFICINA;4900
7896292296039;ORGANIZADOR DE ESCRITORIO ACRIMET EASY PASTEL;OFICINA;6848,6
7896292296053;ORGANIZADOR EASY CELESTE;OFICINA;8058,6
792533003018;BROCHE SIFAP DORADO Nº 12 X 100 U. (45 MM);OFICINA;3230,7
793600660506;BROCHE BUFFALO 50;OFICINA;895,38
793600662166;BROCHE BUFFALO 21/6;OFICINA;1995,29
8697433115696;LUPA GLASS 90 MM DIAMETRO ARO PLASTICO;OFICINA;4462,66
8697433115740;LUPA GLASS 75 MM DIAMETRO ARO PLASTICO;OFICINA;3648,68
8697433115795;LUPA GLASS 60 MM DIAMETRO ARO PLASTICO;OFICINA;2838,53
8901020533016;PAPEL CARBONICO AZYL CARBESTOFICIO X 50 HJS;OFICINA;11386,1
8901057200011;PERFORADORA KANGARO ONE HOLE 45 MM.;OFICINA;7500
8901057310024;ABROCHADORA MINI KANGARO;OFICINA;4005,1
8901057310420;ABROCHADORA KANGARO HP-10;OFICINA;23900
8901057400039;SACABROCHES KANGARO SR-100;OFICINA;1609,3
8901057400107;SACABROCHES KANGARO SR-45;OFICINA;1125,3
8901057510028;BROCHE KANGARO N°10 X 1000 U (1M);OFICINA;1024,43
8901057523172;BROCHE KANGARO Nº 23/17 X 1000 U.;OFICINA;11310,3
8901057524421;BROCHE KANGARO 24/6 X 1000 U;OFICINA;1925,55
8901057526326;BROCHE KANGARO 26/6;OFICINA;1599,26
8901238108181;BROCHE RAION Nº10 X 1000 COLORES V;OFICINA;145,2
9556091177943;BSUPERCLIP TALBOT NEGRO/3 32 MM X UNIDAD DOBLE CLIP NEGRO;OFICINA;500
96937449883175;SEPARADOR THE PEL DIN NUMERO A4 1-31;OFICINA;3206,5
999777333;TALONARIO GUARDARROPA 1-100;OFICINA;193,6
999777334;TALONARIO GUARDARROPA 1-300;OFICINA;641,3
PAPEL CARBON PELIKAN 1022 G OFICIO NEGRO X 100 HJS.;PAPEL CARBON PELIKAN 1022 G OFICIO NEGRO X 100 HJS.;OFICINA;6521,9
1000075120206;PAPEL DE MOLDE TASMAN 70X100 CM;PAPELERIA;600
123505050;PAPEL HOLOGRAFICO;PAPELERIA;701,8
1300335001307;PAPEL MISIONERO HEMAPEL DE 33 X 50 CM. LIVIANO X 1 HJ. (130 GR.);PAPELERIA;363,51
2000507022008;PAPEL MISIONERO HEMAPEL DE 35 X 50 CM. PESADO X HOJA (220 GR.);PAPELERIA;719,88
2320867236786;CARTULINA GLITTER 30 X 50 ASB VARIOS COLORES;PAPELERIA;1197,9
349304;GOMA EVA PLANCHA DE 30 X 15 CM. SURTIDO (PAQUET;PAPELERIA;266,2
349318;PAPEL PLASTIFICADO MURESCO LICENCIA V/MODELOS;PAPELERIA;2020,7
3550312010114;CARTON BLANCO MONTADO HEMAPEL/PASSE PARTOUT DE 35 X 50 CM.;PAPELERIA;3000,8
357244;GOMA EVA A4 GLITTER AUTOADHESIVA;PAPELERIA;798,6
398626;PAPEL ROMANI 35*50 106 GRS;PAPELERIA;2105,4
410241;PAPEL P/ MOLDE;PAPELERIA;600
416042891252;PAPEL MADERA;PAPELERIA;562,31
431417;PAPEL DE REGALO 70 X 100 CM V/MODELOS;PAPELERIA;1500
521418;GOMA EVA METALIZADA DE 60 X 40 CM;PAPELERIA;2105,4
579692;CARTON GRIS OFICIO 22 X 34;PAPELERIA;96,8
580082;GOMA EVA 40X60 A LUNARES;PAPELERIA;895,4
582274;CARTON GRIS  70X100CM. N 14 1,8 MM.;PAPELERIA;1863,4
582774;PAPEL BARRILETE/SEDA VARIOS COLORES x 50 unidades;PAPELERIA;9343,2
583045;CONTACT COLOR X  MEDIO METRO (1,5 M);PAPELERIA;1100
583054;PAPEL ARAÑA PREMIUM PLASTIFICADO V/COLORES (copy);PAPELERIA;1441,89
583055;CONTACT TRANSPARENTE X  MEDIO METRO (1,5 M) (copy);PAPELERIA;850
583056;PAPEL CREPE FLUO LUMA/TALBOT V/COLORES (copy);PAPELERIA;1800
583099;PAPEL DE FORRAR A LUNARES MURESCO ECO V COLORES;PAPELERIA;941,38
620287;PAPEL AUTOADHESIVO RESISTENTE AL AGUA A4 IBI;PAPELERIA;14473,7
724751019646;PAPEL PVC AUTOADHESIVO CON DISEÑO PRINCESAS X METRO;PAPELERIA;1427,8
77900128;PAPEL ORIGAMI CROMI 56GR;PAPELERIA;1210
77900258;PAPEL P/ BELLAS ARTES CROMI 25X35 CM 150 GRS X 10;PAPELERIA;2407,9
77900265;PAPEL P/ BELLAS ARTES CROMI 25X35 CM 180 GRS X 10;PAPELERIA;2407,9
7791762117305;CARTULINA ESCOLAR BLANCA;PAPELERIA;499,99
7791911138946;PAPEL PLASTIFICADO MURESCO FANTASIA V/MODELOS;PAPELERIA;1645,6
7791911211014;PAPEL PVC 45CM.X 2MT.TRANSPARENTE;PAPELERIA;1076,9
7791911211823;AFICHE MATE MURESCO FANTASIA V/MODELOS;PAPELERIA;1500,4
7791911240519;CARTULINA ESCOLAR MURESCO ORO/PLATA 45 X 63 CM.;PAPELERIA;1645,6
7791911260272;CARTULINA ESCOLAR LUMA ENTRETENIDA/FANTASIA 45 X 63 CM. V/MODELOS;PAPELERIA;1500
7791911279724;CONTAC ROLLO PVC NEGRO X 2 M;PAPELERIA;1076,9
7791911286128;PLANCHA PLASTIFICADO EN FRIO BINDERPLUS/MURESCO;PAPELERIA;1950
7791911399026;PAPEL DE FORRAR A LUNARES MURESCO V/COLORES;PAPELERIA;1149,49
7791911520468;PAPEL ARAÑA V/COLORES;PAPELERIA;950
7791911727003;PAPEL AUTOADHESIVO PVC TRANSPARENTE CONTACT X 2 MTS;PAPELERIA;6134,7
7791911797013;CONTACT TRANSPARENTE (X MTS);PAPELERIA;1500
7791911797518;CONTACT COLOR X METRO;PAPELERIA;2050
7791911801017;PAPEL PVC 45cmx2mt HOLOGRÁFICO PLATEADO - Color - Holográfico plateado;PAPELERIA;6461,4
7791911801055;PAPEL PVC 45cmx2mt HOLOGRÁFICO ROJO - Color - Holográfico rojo;PAPELERIA;6461,4
7792010521431;LAMINA LAMA DE PVC CRISTAL P/FORRAR EN ROLLO DE 45 CM. X 10 MTS.;PAPELERIA;12535,6
7792011250033;ROLLO DE PVC LAMA AUTOADHESIVO X3 MTS GLITTER FANTASIA FUCSIA;PAPELERIA;6691,3
7792011250057;ROLLO DE PVC LAMA AUTOADHESIVO X 3 MTS. GLITTER FANTASIA. V/ COLORES;PAPELERIA;6691,3
7792011250064;ROLLO DE PVC LAMA AUTOADHESIVO X 3 MTS. GLITTER;PAPELERIA;2286,9
7792533359290;LAMINA DE IMAN 0.3 mm SIFAP A4 AUTOADHESIVA X UNIDAD;PAPELERIA;4561,7
7792971623014;PAPEL CELOFAN STIKO TRANSPARENTE (POLIPROPILENO);PAPELERIA;490,58
7792971623021;PAPEL CELOFAN STIKO COLOR (POLIPROPILENO);PAPELERIA;750
7796191810193;CARTON MICROCORRUGADO V/COLORES;PAPELERIA;2400
7796893000168;PAPEL GLACE FLUO  10 X 10 SOBRE X 10 U 7798172850099;PAPELERIA;261,23
7796893000496;LAMINA LUMA PLASTICA P/FORRAR EN ROLLO DE 60 CM. X 10 MTS. 60 MIC;PAPELERIA;1500,4
7796893001868;LAMINA LUMA PLASTICA P/FORRAR DE 48 X 60 CM. X 50 UNIDADES;PAPELERIA;326,7
7796893003558;PAPEL BARRILETE LUMA LUNARES V/COLORES;PAPELERIA;254,1
7796893003657;CREPE LUMA LUNARES;PAPELERIA;800
7796893003916;AFICHE BLANCO;PAPELERIA;900
7796893003916;AFICHE LUMA CLASICO/PASTEL V/COLORES;PAPELERIA;1100
7796893020128;CARTULINA ESCOLAR LUMA FLUO 45 X 63 CM. V/COLORES;PAPELERIA;1200
7796893021897;CARTULINA ESCOLAR LUMA METALIZADA 45 X 63 CM. V/ COLORES61X45;PAPELERIA;1452
7796893021972;CARTULINA ESCOLAR LUMA 45 X 63 CM. VARIOS COLORES - Color - Varios;PAPELERIA;650
7796893041017;PAPEL BARRILETE LUMA BLANCO;PAPELERIA;145,2
7796893051054;PAPEL CREPE CLASICO LUMA/TALBOT V/COLORES;PAPELERIA;600
7796893101186;PAPEL BARRILETE LUMA PASTEL V/COLORES;PAPELERIA;254,1
7796893103197;AFICHE LUMA FLUO V/COLORES;PAPELERIA;2504,7
7797630003220;NUMEROS DE GOMA EVA C/IMAN KREKER  X 42 UNID.  (322);PAPELERIA;9438
7798006805004;PAPEL BARRILETE 1028 METALIZADO V/COLORES;PAPELERIA;895,4
7798010521431;NYLON CRISTAL P/FORRAR (XMTS);PAPELERIA;1400
7798010926535;CARTON MICROCORRUGADO FLUO;PAPELERIA;2600
7798010926634;CARTON MICROCORRUGADO ORO/PLATA 50X70;PAPELERIA;2950
7798058901051;PAPEL ROMANI 32*44 140GRS X 10 HJS;PAPELERIA;629,2
7798058909026;PAPEL ROMANI 35*50 106 GRS;PAPELERIA;52731,8
7798058909033;PAPEL ROMANI A3 29.7 X 42 106/A3 X HOJA;PAPELERIA;55490,6
7798071682289;ABECEDARIO GOMA EVA GRANDE 32X77;PAPELERIA;3581,6
7798153290371;PAPEL PVC 45cmx2mt TRANSPARENTE - Color - Transparente;PAPELERIA;665,5
7798153290524;PAPEL PVC 45cmx2mt HOLOGRÁFICO DORADO - Color - Holográfico dorado;PAPELERIA;6461,4
7798153290562;PAPEL PVC 45cmx2mt HOLOGRÁFICO VERDE - Color - Holográfico verde;PAPELERIA;6461,4
7798167197772;PAPEL ORIGAMI 90GR PAPERLAND;PAPELERIA;919,6
7798185431018;PAPEL BARRILETE/SEDA VARIOS COLORES;PAPELERIA;247,06
779818543192;CARTON MICROCORRUGADO A4 X10HJS;PAPELERIA;653,4
7798194552964;GOMA EVA 40X60 SIMPLE V/COLORES;PAPELERIA;800
7798194553084;GOMA EVA GLITTER 60X40 V/COLORES;PAPELERIA;1500,4
7798304040693;PAPEL PVC 45cmx2mt ESMERILADO TRANSLUCIDO - Color - Esmerilado translucido;PAPELERIA;943,8
7798307622126;GOMA EVA 4 YOU 21X29,7CM. PTE.X10 COLORES SURT.;PAPELERIA;3472,7
7799070000135;GOMA EVA 40X60 TOALLA V COLORES;PAPELERIA;2105,4
7799070003389;PAPEL CREPE  METALIZADO V/COLORES;PAPELERIA;1500
786071078949;SECRETOS - BARCO DE PAPEL;PAPELERIA;8482,1
3126;PIZARRON MADERA MEDIANO 3126;PIZARRAS Y ELEMENTOS;1476,2
582771;PIZARRA OLAMI MAGNETICA M/ALUMINIO 90X120CM.;PIZARRAS Y ELEMENTOS;126180
6921734987037;PIZARRA BLANCA DELI C MARCADORES Y BORRADOR;PIZARRAS Y ELEMENTOS;10502,8
6926486450808;PIZARRA MAGICA TOYLAND CHICA 31CM EN CAJA;PIZARRAS Y ELEMENTOS;23183,6
6958625005273;PIZARRA BLANCA OLAMI MAGNETICA DE 21 X 28 CM. MARCO DE COLOR;PIZARRAS Y ELEMENTOS;24900
6958625005280;PIZARRA BLANCA OLAMI MAGNETICA DE 28 X 35 CM. MARCO DE COLOR;PIZARRAS Y ELEMENTOS;18041,1
6958625005532;PIZARRA PLANNER OLAMI MAGNETICA DE 35 X 35 CM.;PIZARRAS Y ELEMENTOS;30165,3
6991708040105;PIZARRA LAMA PARA TIZA DE 60 X 90 CM. EN ROLLO DE PVC AUTOADHESIVO;PIZARRAS Y ELEMENTOS;6715,5
71662612122;TIZA CRAYOLA CHALK X 12 COLORES;PIZARRAS Y ELEMENTOS;7998,1
7792422000012;TIZA COLORES ALBORADA x12;PIZARRAS Y ELEMENTOS;1948,1
7792422000029;TIZA BLANCA ALBORADA  X12 UNIDADES;PIZARRAS Y ELEMENTOS;1900
7792422000036;TIZA ALBORADA BLANCA X 144 UNIDADES;PIZARRAS Y ELEMENTOS;6521,9
7792422000043;TIZA ALBORADA COLOR X 144 UNIDADES;PIZARRAS Y ELEMENTOS;6050
7792422000050;TIZA L.E.A X12 BLANCAS;PIZARRAS Y ELEMENTOS;580,8
7798100965253;TIZAS FILGO JUMBO PASTEL X 5 UNIDADES;PIZARRAS Y ELEMENTOS;2057
7798100967073;TIZA BLANCA X 10 FILGO;PIZARRAS Y ELEMENTOS;900
7798100967080;TIZA BLANCA X 100 FILGO;PIZARRAS Y ELEMENTOS;4900
7798100967097;TIZA COLOR X 100 FILGO;PIZARRAS Y ELEMENTOS;4900
7798100967103;TIZA COLOR X 10 FILGO;PIZARRAS Y ELEMENTOS;1300
7798111640101;PIZARRA CORCHO 30 X 40 NA MCO METALICO;PIZARRAS Y ELEMENTOS;19450
7798159810214;TIZAS PLAYCOLOR X144 BLANCAS;PIZARRAS Y ELEMENTOS;5740,06
7798159810238;TIZA PLAYCOLOR X144 COLOR;PIZARRAS Y ELEMENTOS;8950,18
7798159811402;TIZAS PLAYCOLOR X12 BLANCAS;PIZARRAS Y ELEMENTOS;1250
7798159811419;TIZAS PLAYCOLOR COLOR X 12;PIZARRAS Y ELEMENTOS;1950
8000825016554;TIZA GIOTTO ROBERCOLOR COLOR X 10;PIZARRAS Y ELEMENTOS;2800
8000825016608;TIZA GIOTTO ROBERCOLOR BLANCA X 10 UNIDADES;PIZARRAS Y ELEMENTOS;1900
8000825692208;PORTATIZA GIOTTO X 5 UNIDADES;PIZARRAS Y ELEMENTOS;4186,6
8000825692307;PORTA-TIZA GIOTTO ROBERCOLOR;PIZARRAS Y ELEMENTOS;3900
09902387;NOTAS ADHESIVAS COSAS IMPORTANTES;POST-IT;1621,4
09902390;NOTAS ADHESIVAS CON SOLAPA;POST-IT;1318,9
116522021154;NOTAS ADHESIVAS;POST-IT;1754,5
21200690891;BANDERITAS POST-IT SEÑALADORES X100U;POST-IT;943,8
370077;NOTAS ADHESIVAS MEMO ART CIUDADES 100 X 75 MM X 80 HJS. (704MEMOARTC);POST-IT;1064,8
370078;NOTAS ADHESIVAS MEMO ART CIUDADES 75 X 75 MM X 80 HJS. (703MEMOARTC);POST-IT;847
370080;NOTAS ADHESIVAS MEMO ART FANTASIA 75 X 75 MM X 80 HJS. (703MEMOARTF);POST-IT;847
4712759210918;NOTAS ADHESIVAS STICK NEON 38X50 MM X 50HJS 4 COLORES;POST-IT;3000
4712759213568;NOTAS ADHESIVAS STICK CORAZON NEON X 250 HOJAS (NOT21356);POST-IT;5190,9
4712759213575;NOTAS ADHESIVAS STICK FLOR NEON X 250 HOJAS (NOT21357);POST-IT;5190,9
4712759910252;NOTAS ADHESIVAS IBI CO NEON 76*76;POST-IT;1052,7
4712759910283;NOTAS ADHESIVAS IBI CO NEON 76*76;POST-IT;1052,7
4712759910290 4712759910306;NOTAS ADHESIVAS IBI NEON 76*51;POST-IT;1900
6922508600039;NOTAS AUTOADHESIVAS EZCO 100 HOJAS AMARILLO 75X75MM. E-654;POST-IT;1010,19
6922508600060;SEÑALADORES DE PÁGINA NEON EZCO;POST-IT;2200
6922508600084;NOTAS AUTOADHESIVA EZCO 75x75mm CUBO 5 COLORES NEON X300 HOJAS;POST-IT;3509
6935205351876;NOTAS ADHESIVAS DELI MASCOTAS X 25 HJS EA5590;POST-IT;2999,26
6953926239822;LIBRETA FANTASIA POSTI IT;POST-IT;2359,5
6953926903310;POST IT BANDERITA FANTASI;POST-IT;968
6972423478022;NOTAS ADHESIVAS;POST-IT;1355,2
6974795801064;NOTAS ADHESIVAS HEYUTIAN X 4 PCS;POST-IT;689,7
7793198100753;NOTAS ADHESIVAS PIZZINI 75 X 100 MM. X 100 HJS. (10075100);POST-IT;2687,15
7793198124513;NOTAS ADHESIVAS PIZZINI BANDERITA POP UP NEON 5 X 30 U.;POST-IT;4925,77
7793198125022;NOTAS ADHESIVAS PIZZINI BANDERITA NEON 5 X 25 U. (12502);POST-IT;2589,4
7793198125107;NOTAS ADHESIVAS PIZZINI BANDERITA PASTEL 5 X 100 U. PAPEL (1550);POST-IT;1911,8
7793198125756;NOTAS ADHESIVAS PIZZINI  75 X 125 X 100 HJS;POST-IT;1742,4
7793198504018;NOTAS ADHESIVAS PIZZINI 50 X 40 MM. 3 X 100 HJS. (5040100);POST-IT;2371,6
7793198504087;NOTAS ADHESIVAS PIZZINI 50 X 40 MM. FLUO 3 X 80 HJS. (504080);POST-IT;2867,7
7793198505046;NOTAS ADHESIVAS PIZZINI 50 X 50 MM. TACO FLUO X 240 HJS. SURTIDO (505024);POST-IT;3146
7793198507514;NOTAS ADHESIVAS PIZZINI 50 X 75 MM. X 100 HJS. (5075100);POST-IT;1439,62
7793198575520;NOTAS ADHESIVAS PIZZINI 75 X 75 BLANCO TRANSLUCIDOS;POST-IT;1790,8
7793198575537;NOTAS ADHESIVAS PIZZINI 75 X 75 VERDE TRANSLUCIDOS;POST-IT;4235
7793198757100;NOTAS ADHESIVAS PIZZINI 75 X 75 MM. FLUO X 80 HJS. V/COLORES (757580F);POST-IT;2500
7793198757117;NOTAS ADHESIVAS PIZZINI 75 X 75 MM. FLUO X 80 HJS. V/COLORES (757580F);POST-IT;2500
7793198757124;NOTAS ADHESIVAS PIZZINI 75 X 75 MM. FLUO X 80 HJS. V/COLORES (757580F);POST-IT;2500
7793198757131;NOTAS ADHESIVAS PIZZINI 75 X 75 MM. FLUO X 80 HJS. V/COLORES (757580F);POST-IT;2500
7793198757209;NOTAS ADHESIVAS PIZZINI 75 X 75 MM. PASTEL X 80 HJS. V/COLORES (757580P);POST-IT;2500
7793198757216;NOTAS ADHESIVAS PIZZINI 75 X 75 MM. PASTEL X 80 HJS. V/COLORES (757580P);POST-IT;2500
7793198757223;NOTAS ADHESIVAS PIZZINI 75 X 75 MM. PASTEL X 80 HJS. V/COLORES (757580P);POST-IT;2500
7793198757230;NOTAS ADHESIVAS PIZZINI 75 X 75 MM. PASTEL X 80 HJS. V/COLORES (757580P);POST-IT;2500
7793198757513;NOTAS ADHESIVAS PIZZINI 75 X 75 MM. X 100 HJS. (7575100);POST-IT;1718,2
7793198757537;NOTAS ADHESIVAS PIZZINI 75 X 75 MM. TACO FLUO X 320 HJS. SURTIDO (7575320);POST-IT;5069,9
7793198757575;NOTAS ADHESIVAS PIZZINI 75 X 75 MM. FLUO X 80 HJS. V/COLORES (757580F);POST-IT;2500
7793198800011;NOTAS ADHESIVAS PIZZINI CORAZON 70 X 70 MM. PASTEL X 50 HJS. V/COL;POST-IT;435,6
7793198800028;NOTAS ADHESIVAS PIZZINI CORAZON 70 X 70 MM. PASTEL X 50 HJS. V/COL;POST-IT;435,6
7793198800035;NOTAS ADHESIVAS PIZZINI CORAZON 70 X 70 MM. PASTEL X 50 HJS. VERDE;POST-IT;1064,8
7793198800110;NOTAS ADHESIVAS PIZZINI FLECHA 70 X 70 MM. PASTEL X 50 HJS. NARANJA;POST-IT;1064,8
7793198800127;NOTAS ADHESIVAS PIZZINI FLECHA 70 X 70 MM. PASTEL X 50 HJS. ROSA;POST-IT;1064,8
7793198800134;NOTAS ADHESIVAS PIZZINI FLECHA 70 X 70 MM. PASTEL X 50 HJS. VERDE;POST-IT;1064,8
7793198800226;NOTAS ADHESIVAS PIZZINI ESTRELLA 70 X 70 MM. PASTEL X 50 HJS. ROSA;POST-IT;1064,8
7798001767604;NOTAS ADHESIVAS AREA CERO 76X76 SURTIDAS;POST-IT;2300
7798110393059;NOTAS ADHESUVAS 74X74  X 300 HJS;POST-IT;2541
7798110930845;NOTAS ADHESIVAS 50X37MM ESTACIONES;POST-IT;2662
7798110931019;NOTAS ADHESIVAS MEMO ART FANTASIA 25 X 75 MM, 4 X 80 HJS. (701MEMOARTF);POST-IT;3678,4
7798110935062;NOTAS ADHESIVAS TRANSLUCIDAS PONTUS 75X75 50 HJS;POST-IT;3738,9
7798302937904;NOTAS ADHESIVAS MOOVING BANDERITAS PASTEL;POST-IT;4300
7798302937911;NOTAS ADHESIVAS MOOVING BANDERITAS PASTEL X 200 HOJAS (2102100205);POST-IT;2032,8
7798346405971;NOTAS ADHESIVAS WERO COLLECTION;POST-IT;1161,6
7798346406008;NOTAS ADHESIVAS WERO;POST-IT;1052,7
7798356618446;NOTAS ADHESIVAS MOOVING PASTEL STICKY FLECHAS 4;POST-IT;3775,2
7798363805440;BLOCK DE STICKERS REYSA;POST-IT;3950
7799070000241;BANDERITAS TALBOTPAPEL ANIMALITOS 5X25X45MM.;POST-IT;1512,5
7799133006777;NOTAS ADHESIVAS MOOVING BANDERITAS FLECHA NEON;POST-IT;883,3
7799133006791;NOTAS ADHESIVAS MOOVING BANDERITAS LAPICES FLUO;POST-IT;3146
7799133006814;NOTAS ADHESIVAS MOOVING BANDERITAS FANTASIA;POST-IT;1076,9
7799133006852;NOTAS ADHESIVAS MOOVING SET FLUO 2100401;POST-IT;4150,3
7799133007224;BLOCK DE NOTAS MOOVING HARRY POTTER 100 HJS;POST-IT;9922
7799133010613;NOTAS ADHESIVAS MOOVING MAW NEON 50X75 MM X 100HJS;POST-IT;2500
7799133010866;NOTAS ADHESIVAS MOOVING BANDERITAS FANTASIA;POST-IT;2516,8
7799133012112;NOTAS ADHESIVAS MOOVING HARRY POTTER 25 MM X 6 U;POST-IT;3775,2
7799133012297;BLOCK DE NOTAS MOOVING DISNEY 100 AÑOS 100 HJS;POST-IT;9922
7799133012402;BLOCK DE NOTAS MOOVING QUITAPESARES SANDIA 2031219023;POST-IT;5505,5
003442061004;IMAN ARGENTINA 15*30 CM ELEMENTOS CREATIVOS;REGALERIA;3557,4
003442101007;IMAN NUMEROS 15*30 CM ELEMENTOS CREATIVOS;REGALERIA;3557,4
003442111006;IMAN ABECEDARIO 15*30 CM ELEMENTOS CREATIVOS;REGALERIA;3557,4
039800052636;PILAS EVEREADY CARBON AAA X2 BC;REGALERIA;1197,9
07793876025323;PACK X 100 SOBRE BOLSA MANILA MEDORO 23 X 32 CM. (2532) (A4);REGALERIA;19902,1
092626525975;RIÑONERA CRESKO SMILE MODA CON LLAVERO;REGALERIA;8699,9
1101030100001;BOLSA P/REGALO EVA COR G1 12 X 19 NATURAL;REGALERIA;653,4
1101050100005;BOLSA P/REGALO EVA COR G3 20 X 30 NATURAL;REGALERIA;750,2
1361012;IMAN CIRCULAR FG DE 12 MM. X unidad;REGALERIA;205,91
1361014;IMAN CIRCULAR FG DE 14 MM. X unidad (2143);REGALERIA;301,93
1361018;IMAN CIRCULAR FG DE 18 MM. X unidad;REGALERIA;377,05
13612235;IMAN EN BARRITA FG DE 15 CM X UNIDAD 2235;REGALERIA;645,34
20638800;BENGALA ESPECIAL POR UNIDAD;REGALERIA;544,5
20671001;VELA NUMERADA CON BRILLO;REGALERIA;435,6
21630100;BENGALA SURTIDA POR UNIDAD;REGALERIA;471,9
2371856033503;MASCARA CARETA CALACA MEJICANA FLUO;REGALERIA;484
2371876033255;MASCARA SCREAM;REGALERIA;375,1
2371876033361;MASCARA CARETA JASON MARTES 13;REGALERIA;375,1
3101170100006;BOLSA FAST FOOD EVACOR/MEDORO 12X25;REGALERIA;254,1
32315;LETRAS CON IMAN PUPPY PLAY;REGALERIA;726
32316;NUMEROS CON IMAN PUPPY PLAY;REGALERIA;484
3442101007;IMAN E.C. NUMEROS  X  85 PIEZAS   (IM3001);REGALERIA;5275,6
3442111006;IMAN E.C. ABECEDARIO X 90 PIEZAS (IM3003);REGALERIA;5275,6
366263;washi tape x unidad;REGALERIA;242
380300020121;STICKERS 6X34 DISEÑOS SURTIDOS;REGALERIA;278,3
39800011329;PILAS ENERGIZER ALCALINAS AA 4 UNIDADES;REGALERIA;7235,8
39800099099;PILAS ENERGIZER ALCALINAS AAA 4 UNIDADES;REGALERIA;6727,6
40004501;CALABAZA MEDIANA NARANJA;REGALERIA;544,5
4790010061943;PARAGUA CORTO CARDIN;REGALERIA;4210,8
4790010061967;PARAGUA CORTO CARDIN LUNARES;REGALERIA;4210,8
4790010062391;PARAGUA CORTO TRENDY NEGRO;REGALERIA;8954
4790010139390;PARAGUA TRENDY CORTO PASTEL;REGALERIA;4827,9
4790010145186;PARAGUA CORTO W POLO CLUB;REGALERIA;4610,1
576109;BOLSA POLIPROPILENO 25X35 X 100 UNIDADES;REGALERIA;4053,5
579876;CINTA P/REGALO PACKERS DE 12 MM. X 50 MTS. LISO V/COLORES;REGALERIA;774,4
579879;CINTA P/REGALO PACKERS DE 20 MM. X 50 MTS. LISO V/COLORES;REGALERIA;1691,6
580992;MOÑO MAGICO  PACKER  Nº 25 X UNIDAD V COLORES;REGALERIA;12,1
581180;LLAVEROS CON DISEÑOS SURTIDOS;REGALERIA;4500
581593;GENERALA EN BOLSA;REGALERIA;738,1
582280;CORTINA METALICA 2 MT X 1 MT X 1;REGALERIA;1681,9
582281;CORTINA HOLOGRAFICA DEGRADE 2 MT X 1 MT X 1;REGALERIA;3484,8
582730;IMAN CIRCULAR FG DE 20 MM. X unidad;REGALERIA;461,01
582731;IMAN EN BARRITA FG DE 20 CM X UNIDAD;REGALERIA;863,72
582753;PILAS FULLTOTAL SUPER HEAVY DUTY AA X 4 BC;REGALERIA;284,77
583068;COMBO ESCOLAR;REGALERIA;10002,2
583090;PILAS MACAO AA;REGALERIA;588,36
583147;STICKERS WERO VARIOS MODELOS STITCH/MINNIE/HELLO KITTY/SNOOPY;REGALERIA;5400
583171;SOBRE BOLSA OBRA BLANCO MEDORO 23 X 32 CM. X  UNID. (2692);REGALERIA;333
593692692692;STICKERS POP UP SURT TRANSP;REGALERIA;713,9
5993102219119;SOBRE BOLSA FANTASIA MURESCO V/MOTIVOS  14 X 21 CIERRE AUTOADH;REGALERIA;496,1
5993102232613;PORTALAPIZ CROMADO 10X9 GOLDEN ROSE;REGALERIA;3363,8
6190067060292;PARAGUA AMAYRA;REGALERIA;4719
6202211;IMAN EN BARRITA FG DE 5 CM. C/UNA;REGALERIA;400
6921734904522;KIT MINI ABROCHADORA DELI ANIMALES BROCHE NRO 10 V/MOTIVOS 0452;REGALERIA;7574,6
6925008416032;SET DE SELLOS IBI CRAFT MAESTRA ROTATIVO 6925008416049;REGALERIA;14500
6936709099851;PILAS FULLTOTAL SUPER HEAVY DUTY AAA X 4 BC;REGALERIA;1089
6970323818566;BORRADOR P/PIZARRA BLANCA SIPA PEQUEÑO CON IMAN (ER01);REGALERIA;2734,6
7501037600056;PILAS EVEREADY CARBON AA 4 UNIDADES;REGALERIA;3944,6
7791911021521;SOBRE BOLSA FANTASIA MURESCO V/MOTIVOS 15 x 9 cm;REGALERIA;200
7791911110133;SOBRE BOLSA MURESCO FANTASIA NRO.3, 14 X 21 CM. X 50 U.;REGALERIA;2928,2
7791911711019;SOBRE BOLSA MURESCO FANTASIA NRO.0, 9 X 13 CM. X UNIDAD;REGALERIA;5166,7
7793876025248;SOBRE BOLSA MANILA MEDORO 16 X 22 CM. X 1 UNID. (2524);REGALERIA;100
7793876025255;SOBRE BOLSA MANILA MEDORO 19 X 24 CM. X 1 UNID. (2525);REGALERIA;150
7793876025293;SOBRE BOLSA MANILA MEDORO 27 X 37 CM. X 1 UNID. (2529);REGALERIA;210
7793876025316;SOBRE BOLSA MANILA MEDORO 37 X 45 CM. X 100 UNID;REGALERIA;36330
7793876025323;SOBRE BOLSA MANILA MEDORO 23 X 32 CM. X 1 UNID. (2532) (A4);REGALERIA;210
7793876026214;SOBRE BOLSA MANILA MEDORO 12 X 19 CM. X 1 UNID. (2621);REGALERIA;110
7793876026245;SOBRE BOLSA MANILA MEDORO 16 X 22 CM. X 1 UNID. (2624);REGALERIA;100
7793876026252;SOBRE BOLSA MANILA MEDORO 19 X 24 CM. X 1 UNID. (2625);REGALERIA;150
7793876026290;SOBRE BOLSA MANILA MEDORO 27 X 37 CM. X 1UNID. (2629);REGALERIA;210
7793876026306;SOBRE BOLSA MANILA MEDORO 30 X 40 CM. X 1 UNID (2630);REGALERIA;250
7793876026740;SOBRE BOLSA OBRA BLANCO MEDORO 16 X 23 CM. X 1 UNID. (2674);REGALERIA;210
7793876026764;SOBRE BOLSA OBRA BLANCO MEDORO 20.5 X 28 CM. X 1 UNID. (2676);REGALERIA;300
7793876026771;SOBRE BOLSA OBRA BLANCO MEDORO 24 X 30 CM. X 100 UNID. (2677);REGALERIA;350
7793876026795;SOBRE BOLSA OBRA BLANCO MEDORO 27 X 37 CM. X  UNID. (2679);REGALERIA;450
7793876027327;SOBRE MEDORO BOLSA 22.9 X 32.4 PAQUETE X 10 U;REGALERIA;1875,5
7794008004001;STICKER TAPIMOVIL X3;REGALERIA;4066,03
7798194156087;CORTINA HOLOGRAFICA  2 MT  X 1 MT X 1;REGALERIA;2347,4
7798194559529;KIT TALBOT PASTEL CLIPS 33mm TORTA 6 COLORES;REGALERIA;9196
7798302937713;WASHI TAPE MOOVING MICKEY 1,5CMX3M X3 UN ART:1212110102;REGALERIA;1064,8
7798302937812;KIT MOOVING PASTEL BINDER CHINCHE CLIPS;REGALERIA;7973,9
7798302937980;BLOCK MICKEY MOUSE;REGALERIA;2698,3
7798350783935;CAJA BULLET JOURNAL WHITE;REGALERIA;4477
7798426146091;BOLIGRAFO FW COLOR BLOCK C ESTUCHE;REGALERIA;12809,8
7798445700106;STICKERS WERO MOOD COLLECTION;REGALERIA;3400,74
7799032013104;VELITAS X UNIDAD;REGALERIA;36,3
7799070008964;"SET  TALBOT
 ORGANIZADOR SEMANAL PUEDO TODO";REGALERIA;16419,7
7799070011667;SELLITOS TALBOT X 6 U;REGALERIA;2541
7799070012176;STICKER TALBOT EN SOBRE SURTIDO7799070012206 7799070012145;REGALERIA;5900
7799070014675;SET BOLIGRAFOS TALBOT PASTELWORLD X 4;REGALERIA;6727,6
7799070015436;SELLITOS TALBOT 3,5 MM. X 6U. GATOS;REGALERIA;108,9
7799070015450;SELLITOS TALBOT 3,5 MM. X 6U. ESPACIO;REGALERIA;666,67
7799070015467;SELLITOS TALBOT 3,5 MM. X 6U. DOCENTE;REGALERIA;133,1
7799070015665;BULLET JOURNAL DEEP FLOW MISS PEPERINA;REGALERIA;21004,5
7799133006982;KIT OFFICE MOOVING COMBO 2 EN 1 ORANGE MAW MANIA;REGALERIA;6304,1
7799133006999;KIT MOOVING 3 EN 1 PINK;REGALERIA;3472,7
7799133007019;KIT MOOVING 3 EN 1 PURPLE;REGALERIA;7030,1
7799133007026;KIT MOOVING 4 EN 1  CLIPS SUPER CLIPS BANDAS;REGALERIA;15221,8
7799133007163;BOOKMARKS MAGNETICOS MOOVING HARRY POTTER CASAS 32 HJS;REGALERIA;3591,64
7799133012341;SET CUADERNO + BOLIGRAFO + REGLA MOOVING DISNEY 100 AÑOS;REGALERIA;18621,9
7913031412410;SELLOS KATANA DIBUJITOS VARIOS REDONDOS;REGALERIA;658,02
7913031412413;SELLOS KATANA CUADRADOS  CON FRASES;REGALERIA;1200
898520600080;LLAVERO CAMBIO DE EMOCION;REGALERIA;1524,6
8999002671962;PILAS ENERGIZER AA POR UNIDAD;REGALERIA;2000
8999002672068;PILAS ENERGIZER AAA POR UNIDAD;REGALERIA;2000
999230602;LLAVERO FLAUTA;REGALERIA;750,2
07792025000075;PAPEL FOTOGRAFICO IBICO A4 135 GRS X 20 HJS;RESMAS;4000
07792540231213;RESMA AUTOR OFICIO 75 GR - PROMO CANTIDAD;RESMAS;9850
07792540294805;RESMA PUNAX A4 75 GR - PROMO CANTIDAD;RESMAS;7130
07798043561680;RESMA PAMPA A4 70 GR - PROMO x 3;RESMAS;20000,7
17792540231210;CAJA X 10 RESMAS AUTOR OFICIO 75GR;RESMAS;87700
17792540294802;CAJA DE 10 RESMAS PUNAX A4 75 GRS;RESMAS;55550
305422;RESMA AUTOR A4 75 GR;RESMAS;8312,7
305423;RESMA AUTOR A4 80 GR;RESMAS;8869,3
354358;RESMA LEDESMA NAT 75GR A4;RESMAS;8312,7
355112;HOJAS A4 COLOR X UNIDAD;RESMAS;90
357243;HOJA AUTOADHESIVA A4 PTE.X 1 H.BRILLANTE 84GRS.;RESMAS;380
362747;RESMA BOREAL OFICIO 75 GRS;RESMAS;10309,2
387874;RESMA BOREAL OFICIO 70 GRS;RESMAS;9425,9
417887;PAPEL DUOGRAF EVENGLOW DE 200 GRS. A4 X 50 HJS. LISA (601);RESMAS;9099,2
428872;RESMA BOREAL A4 70GR;RESMAS;7659,3
534554;TAPA PARA ENCUADERNAR A4 x unidad;RESMAS;450
579712;HOJAS OFICIO BLANCAS;RESMAS;24,2
579982;HOJAS OFICIO COLOR;RESMAS;12,1
582456;SOBRE P/PLASTIFICAR EN CALIENTE LAMA DE 225 X 302 MM. (A4/CARTA);RESMAS;810,7
582465;RESMA MEDORO A4 75GRS. X500HJS. V/COLORES;RESMAS;31919,8
582492;HOJA A4 HUSARES DESIGN 150GRS TIPO OPALINA X UNIDAD;RESMAS;150
582493;SOBRE P/PLASTIFICAR EN CALIENTE LAMA DE 225 X 362 MM. (OFICIO);RESMAS;798,6
582533;RESMA AUTOR A4 90GR;RESMAS;9196
582535;PAPEL OPALINA A4 T/ CUERO;RESMAS;302,5
582766;RESMA PAPEL AUTOR T/A4 80 GRS.X 250 HJS.AMARILLO;RESMAS;8603,34
582767;RESMA PAPEL AUTOR T/A4 80 GRS.X 250 HJS.CELESTE;RESMAS;8603,34
582773;SOBRE P/PLASTIFICAR EN CALIENTE LAMA DE 68 X 100 MM.;RESMAS;80,94
582776;RESMA HUSARES DESIGN 120GRS.21X29,7 A4 X 300HJS;RESMAS;21181
583113;RESMA AUOR CARTA 75 GRS;RESMAS;6500
583133;RESMAS PAMPA A4 75 GRS PROMO X 3;RESMAS;21000
583134;PROMO CAJA - RESMAS PAMPA A4 70 GRS X 10;RESMAS;60002
583135;PROMO CAJA - RESMAS PAMPA A4 75 GRS X 10;RESMAS;64000
6913258541116;PAPEL FOTOGRAFICO ARCOLOR GLOSSY 115 GR ADHESIVO 20 HJ;RESMAS;10115,6
6913258541215;PAPEL FOTOGRAFICO ARCOLOR GLOSSY 200 GR 20 HJ;RESMAS;7272,1
6925006201951;PAPEL FOTOGRAFICO A-SUB A4 GLOSSY 200GRS X HOJA;RESMAS;145,94
77901392;PAPEL MULTIFUNCION A4 PRIMAVERA PAQUETE X 10;RESMAS;592,9
7790793007906;OPALINA BLANCA A4 X 10 U PAPELES ESPECIALES PEQUE PACK;RESMAS;1064,8
7792025000075;PAPEL FOTOGRAFICO IBICO A4 135 GRS X HOJA;RESMAS;250
7792540230865;RESMA AUTOR OFICIO 80 GRS;RESMAS;12172,6
7792540230919;RESMA AUTOR A4 70 GRS X 500 HJS;RESMAS;7610,9
7792540231213;RESMA AUTOR OFICIO 75GR;RESMAS;10840
7792540294805;RESMA PUNAX A4 75 GR;RESMAS;7847
7792564078580;RESMA HUSARES DESIGN A4 X 100 HJS. 150 GRS. (7858);RESMAS;13900
7792564078702;RESMA HUSARES DESIGN A4 X 240 HJS. 150 GRS. 7870;RESMAS;23887,5
7792564078795;RESMA HUSARES DESIGN 90GRS.21X29,7 A4 X 100;RESMAS;6969,6
7792564078801;RESMA HUSARES DESIGN 120GRS.21X29,7 A4 X 100;RESMAS;10900
7793198106212;HOJA DE PAPEL DIBUJO PIZZINI A4 106 GRS X 10 HJS;RESMAS;1694
7793198142210;PAPEL P DIBUJO PIZZINI 29.7 X 21 CM A4 150 GRS;RESMAS;2444,2
7798043560836;RESMA BOREAL A4 75 GR;RESMAS;8373,2
7798043560843;RESMA BOREAL CARTA 75 GRS;RESMAS;8799
77980435608433;CAJA DE 10 RESMAS BOREAL CARTA 75 GRS;RESMAS;70550
7798043561536;RESMA BOREAL A4 80 GR;RESMAS;8929,8
7798043561673;CAJA DE 10 RESMAS PAMPA A4 70 GRS;RESMAS;66698,6
7798043561680;RESMA PAMPA A4 70 GR;RESMAS;8000
7798043561703;HOJAS A4 BLANCAS X UNIDAD;RESMAS;20
7798043562649;RESMA PAMPA A4 75 GR;RESMAS;8500
7798043562656;CAJA DE 10 RESMAS PAMPA A4 75 GRS;RESMAS;71100
7798107978010;PAPEL MAX GLOSSY A4 DE 150 GRS.X 20 HJS.(891504);RESMAS;6776
7798107978027;PAPEL MAX GLOSSY A4 DE 180 GRS.X 20 HJS.(891804);RESMAS;7586,7
7798107978034;PAPEL MAX GLOSSY A4 DE 235 GRS.X 20 HJS.(892304);RESMAS;8300,6
7798111647278;HOJA DE CORCHO 60X45 3MM;RESMAS;11773,3
;ESPIRAL PARA ANILLADO/ENCUADERNAR 12MM;RESMAS;250
;ESPIRAL PARA ANILLADO/ENCUADERNAR 14MM;RESMAS;280
;ESPIRAL PARA ANILLADO/ENCUADERNAR 17MM;RESMAS;350
;ESPIRAL PARA ANILLADO/ENCUADERNAR 20MM;RESMAS;570
;ESPIRAL PARA ANILLADO/ENCUADERNAR 23/25MM;RESMAS;660
;ESPIRAL PARA ANILLADO/ENCUADERNAR 29/33MM;RESMAS;900
;ESPIRAL PARA ANILLADO/ENCUADERNAR 40 MM;RESMAS;1450
;ESPIRAL PARA ANILLADO/ENCUADERNAR 7MM;RESMAS;150
;ESPIRAL PARA ANILLADO/ENCUADERNAR 9MM;RESMAS;180
367506;FOTOCOPIA OFICIO;SERVICIOS;12,1
485824;SERVICIO DE PLASTIFICADO EN CALIENTE - CARNET;SERVICIOS;710,2
580411;IMPRESION COLOR;SERVICIOS;200
581385;IMPRESION OPALINA (HOJA GRUESA);SERVICIOS;400
582787;FOTOCOPIAS/IMPRESIONES PROMO;SERVICIOS;55,55
582788;SERVICIO DE ANILLADO MEDIANO;SERVICIOS;2000
582789;SERVICIO DE ANILLADO GRANDE;SERVICIOS;3000
582790;SERVICIO DE PLASTIFICADO EN CALIENTE - A4/OFICIO;SERVICIOS;1388,75
582791;SERVICIO DE PLASTIFICADO EN CALIENTE - A5;SERVICIOS;722,15
582792;SERVICIO DE PLASTIFICADO EN CALIENTE - A3;SERVICIOS;1777,6
582854;IMPRESION COLOR PROMO;SERVICIOS;166,65
583039;SERVICIO DE ESCANEO;SERVICIOS;1000
7790520995445;ARTICULOS DE LIBRERIA;SERVICIOS;1000
7798252480123;SERVICIO DE ANILLADO CHICO;SERVICIOS;1500
8778;ART. DE KIOSCO;SERVICIOS;100
3154148708032;maped picnic;SIN CLASIFICAR;15572,7
582745;KIT ESCOLAR N°1;SIN CLASIFICAR;56000
582746;KIT ESCOLAR N° 2;SIN CLASIFICAR;72000
779254029;AA FOTOCOPIAS/IMPRESIONES;SIN CLASIFICAR;100
7798108693929;MAQUILLAJE PINTAFAN VARIOS MODELOS;SIN CLASIFICAR;1948,1
7798133590293;LOTERIA FORMAS Y COLORES;SIN CLASIFICAR;2383,7
8985168681334;RECETARIO;SIN CLASIFICAR;5021,5
9789876748339;MANDALAS P PINTAR ARTEMISA;SIN CLASIFICAR;2020,7
17793876012408;SOBRE TARJETA 1240 6,9 X10,4 X 1 U.;SOBRES;72,6
188873;SOBRE RETRATO DUOGRAF LISOS V/COLORES C/UNO (S-33);SOBRES;605
346476;SOBRES FARMACIA Nº21;SOBRES;60,5
368846;SOBRE DUOGRAF LISOS P/TARJETA 8 X 12 CM V/COLORES C/UNO (S-29);SOBRES;484
368847;SOBRE COLOR MEDORO (1240) P/TARJETA 120 GRS. BLISTER X 10 U. (ORO/PLATA/BLANCO);SOBRES;931,7
582922;SOBRE FANTASIA CHICO 10X7 V/MODELOS;SOBRES;200
6923794472010;SOBRE LAMA A5 C/CIERRE ZIP TRANSPARENTE (CH201E);SOBRES;955,9
6923794482033;SOBRE LAMA OFICIO C/CIERRE ZIP TRANSPARENTE (CH203FC);SOBRES;1246,3
6935205389756;SOBRE LAMA A4 TRANSPARENTE CON CIERRE ZIP CH203A4 6923794472034;SOBRES;1200
6935205389763;SOBRE DELI A5 PP. TRANSPARENTE CON CIERRE ZIP;SOBRES;3199,87
69420;SOBRE RETRATO V/COLORES;SOBRES;399,3
7791911021521;SOBRE FANTASIA V/MODELOS;SOBRES;250
7791911311080;SOBRE MURESCO ESTAMPADOS 30X40CM. N 8;SOBRES;677,6
7792540250344;SOBRE OFICIO INGLES 90 GRS 1395 APILABLE X 1 UN.;SOBRES;84,7
7793876010121;SOBRE MEDORO RETRATO N° 2 1012 X UNIDAD;SOBRES;157,3
7793876013856;SOBRE OFICIO INGLES OBRA 1385 APILABLE X 1UN.;SOBRES;84,7
7793876015775;SOBRE BLANCO MEDORO (1500) COMERCIAL (CARTA) 65 GRS.  X 1 U.;SOBRES;60
7793876210019;SOBRE COLOR MEDORO (1140) RETRATO 120 GRS. X 1 UNIDAD;SOBRES;496,1
7798122315128;SOBRE M.TARJETA COLOR  70*105 X 1 U. (2202);SOBRES;350,9
7798161462210;SOBRE P RETRATO IGLU/MEDORO METALIZADOS X 1 UNIDAD;SOBRES;750,2
403172;ORGANIZADOR VALUES MALLA METAL 3 CAVIDADES ALTO CELESTE;VERANO;2214,3
579697;FLOTA FLOTA;VERANO;2681,69
6926799213886;BRACITOS SUNCLUB 25CM X 15CM;VERANO;2625,7
6942138949650;SALVAVIDAS BRAZITOS;VERANO;3763,1
6942138969191;COLCHONETA INFLABLE BESTWAY CON RED 160X84CM;VERANO;5856,4
6942138975307;SALVAVIDAS INFLABLE BESTWAY NEON CHICO 51 CM.;VERANO;1306,8
6942138976250;FLOTADOR INFLABLE BESTWAY BOTE FONDO DEL MAR 76X65CM;VERANO;3835,7
6942138981575;SALVAVIDAS INFLABLE BESTWAY NEON GRANDE 90CM;VERANO;7744
7798164343394;ANTIPARRAS TOYLAND BLISTER;VERANO;2456,3
7798194158241;GLOBO BOMBUCHA BOMBITA DE AGUA PACK X 3 RACIMOS X 111;VERANO;2214,3
7798194159101;GLOBO DE AGUA BOMBUCHA X 100;VERANO;2500,01
